episode,episode_reward,capture,capture_step,episode_length,avg_distance,avg_inter_agent_dist,avg_enclosure,success_rate
0,772.7730196216496,0,-1,300,6.873265517366085,8.345322483337263,0.47770505944637864,0.0
1,887.8901185616453,0,-1,300,4.96392652631275,4.857181558360144,0.41714933856815334,0.0
2,1975.4847423141416,0,-1,300,4.27845811664283,8.29168487390565,0.8552070785057142,0.0
3,1063.2732589849695,0,-1,300,6.342405426601876,8.943313972623077,0.5350759781836973,0.0
4,1572.4461462308093,0,-1,300,5.177521726918204,8.586237068740807,0.694017307214723,0.0
5,1416.4959766413238,0,-1,300,4.981240243046338,7.537541701856073,0.6275659587567323,0.0
6,1595.8870039200854,0,-1,300,5.586577828554308,9.5177716549663,0.7068522520141924,0.0
7,999.604709492199,0,-1,300,5.900929126166532,7.555232130565055,0.5234717144841069,0.0
8,1045.164468234692,0,-1,300,6.3043725098866545,8.914101679574737,0.555634966437898,0.0
9,1181.794434630725,0,-1,300,5.124775322062545,6.78383228254442,0.5412075877656412,0.0
10,1352.5042806252802,0,-1,300,4.458222561985688,6.392564825151121,0.596980119475426,0.0
11,1668.635628775779,0,-1,300,3.830078290851581,6.5173356318610765,0.723990432504628,0.0
12,893.3979171814473,0,-1,300,5.357860221877851,5.746029609049997,0.4324736642713988,0.0
13,1474.0432734848087,0,-1,300,3.9010190499297845,6.00178787692465,0.643442340159811,0.0
14,856.1415956712627,0,-1,300,6.38822389663802,7.362382274980444,0.4804165008502967,0.0
15,797.9610707130745,0,-1,300,6.934019272280148,8.170411644130319,0.4764799176674463,0.0
16,1070.2644701775725,0,-1,300,6.605432571072201,9.889636872010522,0.579572543010284,0.0
17,534.9945235505762,0,-1,300,7.343347782115184,7.944411864692998,0.40354415919099795,0.0
18,863.1818006661503,0,-1,300,6.02640937240955,6.507561036938676,0.4468423292055446,0.0
19,1453.8281298240142,0,-1,300,5.883695035348081,9.572040125016722,0.6673075895378344,0.0
20,1280.5139310480831,0,-1,300,4.972608508151984,7.024760778903833,0.5856106100534092,0.0
21,600.4719172715944,0,-1,300,7.868065528554988,10.191595519079726,0.4930871113396618,0.0
22,377.7701686847918,0,-1,300,7.323699452153617,6.9097309573860155,0.3371679610615248,0.0
23,583.8005032431158,0,-1,300,6.648113734587143,6.068857548802904,0.3598377438557951,0.0
24,681.343008075008,0,-1,300,7.823347837189696,11.522421844104358,0.5578898084156705,0.0
25,1790.490324312582,0,-1,300,4.8726520175858745,8.749612354176485,0.782582525262136,0.0
26,1093.2383275462796,0,-1,300,6.231564450610411,9.214463444931923,0.5946759420299662,0.0
27,569.3467963926054,0,-1,300,6.467228668666476,5.967197814048877,0.35805506785342395,0.0
28,1819.087740626022,0,-1,300,5.530908987050653,10.387811188807888,0.7994350426637225,0.0
29,743.6433987570566,0,-1,300,6.53769576945977,7.849746161184481,0.4577770285756533,0.0
30,603.7319744689166,0,-1,300,7.15308260864766,8.445723833519557,0.4449725285280105,0.0
31,1195.6382396617596,0,-1,300,6.407773536693958,10.503516073300892,0.6535253729805798,0.0
32,1707.8271019794554,0,-1,300,5.5481884668809665,10.01516923456864,0.7663390673073517,0.0
33,1358.043056404334,0,-1,300,5.422195229165594,8.367363046149082,0.6404748405388766,0.0
34,818.4975744141159,0,-1,300,6.458240177604232,8.346198794475752,0.4992291448012527,0.0
35,563.0544608724447,0,-1,300,7.480410042016221,8.492462319324833,0.42508294078415165,0.0
36,918.182181145154,0,-1,300,6.64978523293832,9.744412725479856,0.5611416450471445,0.0
37,935.777261619638,0,-1,300,7.246962193697555,11.514304153945515,0.6164895608708828,0.0
38,468.20881490391145,0,-1,300,7.844099848219206,8.468927921108174,0.3986655598156428,0.0
39,1076.595398809387,0,-1,300,6.9646298578170915,11.13485691914668,0.6360457193391856,0.0
40,-167.68145560139195,0,-1,300,9.315636422299551,10.818068564777573,0.37590888149279006,0.0
41,1632.8252950705685,0,-1,300,4.612713307118998,7.857233971266795,0.7149392227494625,0.0
42,560.951750529762,0,-1,300,8.903041075746396,14.067143379350524,0.6143181762004584,0.0
43,1442.2477341552901,0,-1,300,5.9915916290796565,10.055929041467808,0.6946019183129674,0.0
44,760.6986661837457,0,-1,300,6.863210646130877,8.337248933839332,0.4736050948399523,0.0
45,1177.0285167882594,0,-1,300,6.692852333745567,10.51431208958422,0.6385953300221542,0.0
46,1181.1691261039036,0,-1,300,5.9948861588189315,8.867143320824145,0.5919907182383287,0.0
47,737.2575810485264,0,-1,300,6.972949329932341,8.358323838557673,0.4627720309396564,0.0
48,1479.7996274476438,0,-1,300,5.474565951072416,9.028510047306034,0.6607514630868127,0.0
49,1911.1607204784539,0,-1,300,6.039157352487678,11.52174252864679,0.8481180918115929,0.0
50,687.9761028840048,0,-1,300,7.479885499188936,9.62217250059886,0.4904799744237775,0.0
51,1229.1978397940645,0,-1,300,6.130796421086385,9.758345422017065,0.6375072398360419,0.0
52,147.16930085804194,0,-1,300,7.990917021093769,7.680071166542728,0.31062553384682773,0.0
53,372.482566885531,0,-1,300,7.999682546370974,11.03475988173881,0.5015688785589548,0.0
54,974.7168054053474,0,-1,300,5.887406113631116,7.861121350828396,0.5065436781377657,0.0
55,969.143697597187,0,-1,300,6.038342369087915,8.095581808698594,0.5255672142666703,0.0
56,1656.1327732807188,0,-1,300,6.1687917403987065,11.050951069302679,0.75519662183793,0.0
57,860.6377257372129,0,-1,300,7.080851644405866,10.239949231945758,0.5634663088804379,0.0
58,880.2700932393702,0,-1,300,5.716336275668233,7.278798785125908,0.4630869296518245,0.0
59,1350.8611422966906,0,-1,300,5.921664714339128,9.612152512419367,0.6681057617246254,0.0
60,793.9470447208042,0,-1,300,6.636610132276535,8.304166584346358,0.46891210180655113,0.0
61,1651.2357883822822,0,-1,300,4.850682568882127,8.33476785377966,0.7243950310925664,0.0
62,2072.2499631768546,0,-1,300,4.511612590492543,8.865922581737134,0.8972745790857167,0.0
63,1370.0212324524982,0,-1,300,6.458844408377644,11.498713047916475,0.7566521615608185,0.0
64,1750.4556192448265,0,-1,300,6.670588077842449,13.216061688904293,0.9218989717968289,0.0
65,924.6254188314609,0,-1,300,6.580996581910667,9.955860686849714,0.5805885641887469,0.0
66,871.3498405718822,0,-1,300,7.162393978890026,10.885381589655317,0.5825531752293339,0.0
67,1321.122516308736,0,-1,300,5.710239650794693,9.218418222244939,0.6531678154602927,0.0
68,1307.2679846659307,0,-1,300,4.785291965886562,6.977932396071475,0.5843936182730249,0.0
69,418.86469973550845,0,-1,300,7.426591059893008,7.7622362755763845,0.37405110765625593,0.0
70,823.9822263390478,0,-1,300,7.273434879002892,10.990711111280989,0.5887570839426962,0.0
71,802.1956000078976,0,-1,300,6.851318081951763,9.291639979723596,0.5147798859789143,0.0
72,637.6628459540308,0,-1,300,7.119734791586781,9.492227557623751,0.49539159745086997,0.0
73,953.4494914947862,0,-1,300,6.879792439309278,10.48068212176043,0.5898387393471842,0.0
74,2021.6535830623548,0,-1,300,5.051677948873766,9.901600706020867,0.8802432442258673,0.0
75,483.47160721699026,0,-1,300,8.373789468646734,10.870627736287986,0.4815928040923768,0.0
76,983.5477548600346,0,-1,300,6.705058091681581,10.892446482212247,0.6300208392106338,0.0
77,799.1464029103792,0,-1,300,7.033009241385633,10.748869083930149,0.5768375695719966,0.0
78,2029.7677400390176,0,-1,300,5.356032242330523,10.545522287167305,0.8859068001670692,0.0
79,768.4424647482198,0,-1,300,7.028333214364768,9.399082559592188,0.5015815508974607,0.0
80,2087.2591835200865,0,-1,300,5.641456250784532,11.07856588992172,0.9120022483475875,0.0
81,2076.5876656192822,0,-1,300,5.3031773030668035,10.372785184950384,0.9050186904477014,0.0
82,631.4370994462594,0,-1,300,6.816189809816848,7.700492682872453,0.4224754214611035,0.0
83,696.1259161079132,0,-1,300,7.492858841789697,11.080269025415294,0.5520137775060502,0.0
84,1209.4798610942544,0,-1,300,6.790362208859832,11.564652152291412,0.7025812208678556,0.0
85,909.5786280603039,0,-1,300,6.282630106425084,9.27621931090856,0.5432002290874877,0.0
86,722.7510836817016,0,-1,300,8.045748340485503,14.892530139928871,0.7624764236316156,0.0
87,533.3641909189469,0,-1,300,8.883076523169688,14.515527075914576,0.6412406855413928,0.0
88,862.8572783424394,0,-1,300,7.157492840260758,10.34168506912974,0.568131326075605,0.0
89,688.3354347405412,0,-1,300,7.379790873950266,9.724757012184078,0.5081816262458072,0.0
90,1084.0328250977736,0,-1,300,6.712107350682502,10.129232603597059,0.6067004287030022,0.0
91,942.4547049288404,0,-1,300,7.604782900975354,13.63714240355289,0.7344129577713423,0.0
92,2089.7704499180318,0,-1,300,6.078877966472543,12.029193121274815,0.9163292722143911,0.0
93,1710.9270791885447,0,-1,300,5.789886680253359,10.71350997193234,0.7563104330971268,0.0
94,621.4931983868324,0,-1,300,7.686119873783511,9.575751623353543,0.47155915816291855,0.0
95,1340.0114776547352,0,-1,300,5.771373701417254,9.308007541885743,0.6744411822184966,0.0
96,1032.848972670878,0,-1,300,7.923066433892348,14.90382147689981,0.8211990070313424,0.0
97,837.7837483460089,0,-1,300,6.369721266401747,7.897853733256507,0.4905159211905433,0.0
98,1901.7848047297175,0,-1,300,6.018322174310897,11.636681427965533,0.8375477516113802,0.0
99,2033.6404740253572,0,-1,300,5.048390056587983,9.865405585930253,0.8852131229349749,0.0
100,1017.8456383604989,0,-1,300,6.8582257639151445,11.18633299457147,0.6128837450769,0.0
101,1884.6692914227258,0,-1,300,5.902025307815575,11.395219916927596,0.8295440612347528,0.0
102,1919.6573114807013,0,-1,300,5.189060099625125,9.857579407375075,0.8387751638641464,0.0
103,1576.847512053226,0,-1,300,6.455304711916964,11.808363043122805,0.7522434399877422,0.0
104,1225.4739415537088,0,-1,300,5.757382087207433,8.886384623467336,0.6308946419800772,0.0
105,847.3468244976615,0,-1,300,7.039369360217502,10.235800120509767,0.5669602636858809,0.0
106,775.7569024988343,0,-1,300,7.0131065374711,12.260913154900267,0.6849165929096589,0.0
107,877.2454694083716,0,-1,300,7.1141327772979945,11.799004308410929,0.6346123102913913,0.0
108,704.431357592937,0,-1,300,7.85978560381639,11.516921722659319,0.5672191461178667,0.0
109,1333.5057067943437,0,-1,300,6.767969140017574,11.590897584132536,0.7184960444827734,0.0
110,1412.1268017258135,0,-1,300,6.795879211659995,11.959674175956687,0.740310673162623,0.0
111,968.0002713792941,0,-1,300,6.765241788603338,9.525585789221049,0.579858591207181,0.0
112,122.67241787404363,0,-1,300,8.655881367555873,11.640841226291547,0.46982751816913737,0.0
113,1343.5228748093384,0,-1,300,6.246392314592356,10.570054243797962,0.710571864919258,0.0
114,1346.197006300367,0,-1,300,6.825611010016599,11.49716497925579,0.7017793502355868,0.0
115,1156.4766579520324,0,-1,300,7.097478969305974,12.635474971693373,0.7193058466087111,0.0
116,1157.134919205694,0,-1,300,6.557998492966819,10.667622634730051,0.655037409603997,0.0
117,1462.577689111807,0,-1,300,6.8635257887351795,12.93898080276511,0.8273031823534361,0.0
118,1046.4037637209922,0,-1,300,6.80937434653292,11.439912565104208,0.6453444035197323,0.0
119,1130.745146922988,0,-1,300,6.636243776190486,10.585605274866703,0.6337024627903716,0.0
120,881.8168187997833,0,-1,300,6.993094019027191,10.64354447145343,0.5879857481001877,0.0
121,1290.9449354047179,0,-1,300,5.867941569473752,9.359326991353228,0.6562249946966479,0.0
122,955.5063453284293,0,-1,300,6.176154844718646,8.64349644091046,0.5329436124738484,0.0
123,1321.7450889274216,0,-1,300,6.309347026892729,11.06950561602006,0.7143008674565219,0.0
124,111.58680353028761,0,-1,300,8.452070037788712,12.442762389778029,0.5234522377987598,0.0
125,2136.4430077660954,0,-1,300,5.848240662913453,11.589909355118413,0.9340463915410576,0.0
126,1308.411900179227,0,-1,300,7.162092500476095,13.594711603988099,0.8352851409748935,0.0
127,1103.827312259784,0,-1,300,6.056865538534856,9.561198127834302,0.5977775849423349,0.0
128,1592.9752745212722,0,-1,300,5.941204049555364,10.676454992890687,0.7285324343535019,0.0
129,1104.4136828687947,0,-1,300,6.021860508684298,8.97566715128733,0.5747935156504804,0.0
130,1782.6196722753648,0,-1,300,5.1759443898799855,9.442847496902797,0.7815777797055028,0.0
131,900.547040869104,0,-1,300,7.793145181908489,15.029721380834426,0.8323811367497181,0.0
132,1597.6970336306329,0,-1,300,6.736976218451263,13.358816401798238,0.9375330034526744,0.0
133,1060.6753167644536,0,-1,300,6.726592971064147,11.218677686575763,0.6492218101148989,0.0
134,1927.0959710421446,0,-1,300,5.737393410280396,10.869694750530082,0.8459871051779964,0.0
135,1494.505769223695,0,-1,300,6.4471288102138535,11.846715407414841,0.7913864650044447,0.0
136,1714.3455400597554,0,-1,300,6.998927057990225,13.855515762323272,0.9143188555910332,0.0
137,1834.019192690738,0,-1,300,6.697979535287757,12.80136135071267,0.8435267307668701,0.0
138,869.4492953499799,0,-1,300,7.115925340615601,10.667057623428526,0.5509345502028197,0.0
139,2034.665630833577,0,-1,300,6.325544390180309,12.479935669323897,0.89521892910701,0.0
140,1002.0117266441902,0,-1,300,7.0821118480176874,11.431904408967462,0.6212762065674703,0.0
141,1480.2604061387706,0,-1,300,6.94661265813445,13.144583263344527,0.8209456919912188,0.0
142,1056.401027961116,0,-1,300,6.1196879638599455,8.863909924668802,0.5535053540298368,0.0
143,1337.0134599655703,0,-1,300,6.014480969063599,10.147399010125742,0.6429184293819155,0.0
144,1393.3305765536854,0,-1,300,6.350075540539534,10.373146798084163,0.6281799734514156,0.0
145,1579.962846998146,0,-1,300,6.256140316747556,11.192675983005577,0.7300516195113649,0.0
146,1212.8336746213176,0,-1,300,6.820502736968167,11.214875847560986,0.6322926481439548,0.0
147,2069.224145434591,0,-1,300,5.503391731652468,10.840825376262167,0.9034521652518063,0.0
148,1207.654145819111,0,-1,300,6.881643829209836,12.8380946878078,0.7868281881807834,0.0
149,1971.0275964568434,0,-1,300,6.0235286558093115,11.786787439868835,0.8664379634422545,0.0
150,524.5753190892701,0,-1,300,8.315011185701783,13.078286214495112,0.5867808670281948,0.0
151,1351.316861507208,0,-1,300,5.501553399202161,8.883819304943062,0.6043103427886858,0.0
152,1497.8692562538492,0,-1,300,5.836947470799838,10.389284554940087,0.7033468825669794,0.0
153,995.5259343146282,0,-1,300,7.22758269157181,13.36236348931382,0.7548230552809144,0.0
154,1432.68896384416,0,-1,300,6.125893913299104,10.251366212479804,0.64289793928481,0.0
155,1240.8488543350768,0,-1,300,6.632355296261828,11.60242669526048,0.6814596440721469,0.0
156,1264.0955442174795,0,-1,300,7.177053569278423,14.08698634102964,0.8834164012576536,0.0
157,1866.8498197784727,0,-1,300,6.792596993403572,13.070368155074908,0.8287985690248907,0.0
158,562.73929016959,0,-1,300,7.5806252239898955,11.105744212380948,0.5206261518304635,0.0
159,1599.8042757621552,0,-1,300,6.204292720818918,11.760328519175285,0.8177711782616975,0.0
160,2169.182540787929,0,-1,300,6.336241010976943,12.620030939426066,0.9513478662439638,0.0
161,951.6182633627257,0,-1,300,6.934273306070382,11.321075676036564,0.6208885162830976,0.0
162,965.7705348553642,0,-1,300,6.907125035719532,11.5724575641649,0.6454615742946893,0.0
163,1328.1370211806818,0,-1,300,7.12145431295621,12.4853160372872,0.6808595235107275,0.0
164,1436.4158202821577,0,-1,300,5.426943887419304,9.145286202444018,0.6392086709398771,0.0
165,353.5450306217595,0,-1,300,8.572387975611031,14.171685305514645,0.6244590457015686,0.0
166,1492.1964631597232,0,-1,300,6.41661618406683,11.764164195636942,0.7620985554143679,0.0
167,1503.0739775569316,0,-1,300,5.970565389780187,10.856936067657603,0.7564641980059489,0.0
168,926.4615507720487,0,-1,300,7.007599010357851,11.082442949967703,0.6013628787946346,0.0
169,1223.356508573473,0,-1,300,6.682669454467499,12.215411245202354,0.7692288733878492,0.0
170,691.2178461164677,0,-1,300,7.899046247120244,13.734703948307475,0.6820221600294405,0.0
171,1914.7480300755487,0,-1,300,5.828786919576149,11.16243330781475,0.8415275810949662,0.0
172,1339.715109760117,0,-1,300,5.993099093168947,10.432684967412612,0.6859347118808845,0.0
173,973.3026855327013,0,-1,300,6.7122835426820355,11.09994451357528,0.6321239090400769,0.0
174,1854.226861415619,0,-1,300,5.8301158269856534,10.980825758373962,0.8163203942922346,0.0
175,1713.942693415728,0,-1,300,5.5816920982280696,10.348336993021626,0.756005479659931,0.0
176,1734.8635827241603,0,-1,300,5.745460867817244,10.694326170114344,0.765950782643696,0.0
177,1649.6651235270315,0,-1,300,5.218119531109012,9.478725160101408,0.7264963646195809,0.0
178,1366.8931046284258,0,-1,300,5.557676525877229,9.28107512685972,0.6543372610386404,0.0
179,910.2240484310784,0,-1,300,7.25130118946791,11.88171308045254,0.6181385717688705,0.0
180,1827.031766321711,0,-1,300,5.363930850996681,10.214945731840345,0.8014927173498534,0.0
181,612.246036541955,0,-1,300,7.994367704313642,13.369510163432532,0.6387770582826159,0.0
182,1589.4003339773567,0,-1,300,6.775243339256625,12.749023377806429,0.8054423102126923,0.0
183,1966.3467960465882,0,-1,300,4.721597609135738,9.118690844203243,0.8547231470879296,0.0
184,1295.8344700010089,0,-1,300,6.107196450116989,10.365128955907778,0.6596869515269445,0.0
185,1881.0970704766785,0,-1,300,6.0737600973150405,11.68481240186904,0.8293436467618123,0.0
186,1237.8207593131415,0,-1,300,6.357605818385117,10.676947469766999,0.6418618123305623,0.0
187,1557.7829888939848,0,-1,300,5.805362456525002,9.977052763461344,0.6926164637964308,0.0
188,1027.6921627493666,0,-1,300,6.729307836292587,11.14992086941259,0.6334640316942228,0.0
189,927.1255968113392,0,-1,300,6.14585843323524,8.862850400246032,0.528654290273204,0.0
190,1282.7434321654532,0,-1,300,6.168103970859935,10.26530213005679,0.6468379222368691,0.0
191,1269.5709846249993,0,-1,300,6.786887871611503,10.66010040754537,0.5798895692975029,0.0
192,1990.1065423514433,0,-1,300,5.284035201628967,10.201646682245501,0.868841323325319,0.0
193,1684.728195996226,0,-1,300,6.1398437692464,11.540203103064798,0.8041873766863101,0.0
194,1964.9129405060523,0,-1,300,4.61888569354859,8.99684452608645,0.8533553679124687,0.0
195,916.3272924086496,0,-1,300,7.604482534694642,13.357926621132856,0.7018932877195163,0.0
196,2067.6591302137567,0,-1,300,5.361548479100372,10.522443612499373,0.9017362511823183,0.0
197,1979.2995583809732,0,-1,300,5.08227138184367,9.926690813096116,0.8628251846892319,0.0
198,2097.722611075785,0,-1,300,5.691890720723256,11.258682698630723,0.9167402683536682,0.0
199,2049.124707310862,0,-1,300,4.845021983134289,9.542456699004417,0.8901396262530328,0.0
200,1866.015091010398,0,-1,300,5.110230999435274,9.805417406697323,0.8158330204167631,0.0
201,1540.8934456765526,0,-1,300,6.647324819782659,11.773949945092395,0.6918938718469333,0.0
202,1533.4175273253904,0,-1,300,5.504964009607798,9.616952934815938,0.6802111997909712,0.0
203,1834.6936759448497,0,-1,300,6.312665012805339,12.091766161916595,0.8263961666930866,0.0
204,1552.890247999159,0,-1,300,6.407210926641533,11.868935376555704,0.7700302469276114,0.0
205,872.3448609738197,0,-1,300,6.479047987872296,9.542567654031178,0.5346501764435097,0.0
206,2158.1122874058333,0,-1,300,5.581857849875558,11.11247004076614,0.9410773869598317,0.0
207,1667.9806342192155,0,-1,300,6.238864850346289,11.560500018597308,0.7672491957922924,0.0
208,1910.4516999896982,0,-1,300,4.950246065530418,9.539421429642967,0.8331483871538518,0.0
209,2235.6432968836366,0,-1,300,5.778046885001717,11.539036131864567,0.9748533920056948,0.0
210,2006.1665372308607,0,-1,300,5.250350990340113,10.290518040622363,0.875280356273743,0.0
211,1612.0380230989665,0,-1,300,5.084115531978181,9.132484317885957,0.7098133761144062,0.0
212,1779.627197720067,0,-1,300,6.4901637494945295,12.69190953686924,0.8743104776548328,0.0
213,1602.9776909027748,0,-1,300,5.5973764429095985,10.045973375591204,0.7098876945313118,0.0
214,1.0484905064354741,0,-1,300,7.774172044611399,10.193487398882654,0.3540209781435546,0.0
215,2004.5692803232755,0,-1,300,5.818198575016786,11.39265904507425,0.8788736894473241,0.0
216,1438.1695522505079,0,-1,300,5.3163810733616295,9.009591491781444,0.6391101714879235,0.0
217,1765.9525713500939,0,-1,300,6.036622210051608,11.36105308803891,0.7810882379712599,0.0
218,2096.9519374783704,0,-1,300,4.898880112262531,9.695961896938405,0.9104715747912896,0.0
219,1808.8034452259565,0,-1,300,6.1938672460718935,11.733441645146643,0.8025866773425203,0.0
220,1861.7971864340982,0,-1,300,5.810348362947011,11.119831555032645,0.8193264404029768,0.0
221,1520.4698820088245,0,-1,300,6.562575252537673,12.377439341892973,0.7921578685795435,0.0
222,1931.0584907792895,0,-1,300,6.315963924877853,12.27961633089043,0.8519774339279553,0.0
223,1666.6143344724019,0,-1,300,5.3251869591869685,9.676006229744456,0.7343615415574021,0.0
224,1724.6522986215778,0,-1,300,5.454999364462605,10.135991140355854,0.759517619659127,0.0
225,1998.1099428625823,0,-1,300,5.212901632537053,10.213966757320733,0.8716425717701041,0.0
226,1833.6706872976088,0,-1,300,5.813770618878181,11.071154878454998,0.8076327326822569,0.0
227,1900.3226660503158,0,-1,300,5.589832389598355,10.767300277298627,0.8337248537762855,0.0
228,2208.088813213293,0,-1,300,6.2452179014537155,12.469324632149652,0.9668761397664422,0.0
229,1783.2016327182612,0,-1,300,5.293660104234163,9.912270929379691,0.7827031310810318,0.0
230,1946.0195771085741,0,-1,300,5.313728386858263,10.339018176584819,0.8506944533633427,0.0
231,1108.3278867828078,0,-1,300,6.180889341889525,8.984793456206226,0.5181572067700642,0.0
232,1852.505708814548,0,-1,300,5.514886885027943,10.556100666285353,0.8132390303104376,0.0
233,1729.8956171897391,0,-1,300,6.284140332884942,11.808232461448984,0.7942847823654593,0.0
234,1936.0738592611071,0,-1,300,6.136938676812016,11.954373294235875,0.8527244814348849,0.0
235,1555.4538487807263,0,-1,300,5.506941747648513,9.701025045422766,0.6894078334326661,0.0
236,1723.596918180013,0,-1,300,5.3256434453766275,9.79073703758389,0.7581077084153308,0.0
237,2041.628324017016,0,-1,300,6.56786941322479,12.96406586955247,0.8999374889396088,0.0
238,1831.2981404299544,0,-1,300,5.876174031581432,11.163737060750915,0.8071121970826758,0.0
239,1845.2343140391092,0,-1,300,5.89671186651638,11.27484883501993,0.8130729698485015,0.0
240,1660.9147355739124,0,-1,300,5.519182658456305,10.048016239459265,0.7334416764275528,0.0
241,1060.033351200128,0,-1,300,6.5458217344727005,10.473679051361323,0.5873543343176058,0.0
242,1770.049577689263,0,-1,300,5.795637294208788,10.909382797287781,0.7809879370770919,0.0
243,2223.218355130807,0,-1,300,6.09358508181106,12.170957798243727,0.9720428694180856,0.0
244,1667.517769102515,0,-1,300,5.4444469687924295,9.891768316930603,0.7356324227253251,0.0
245,2123.3684144775093,0,-1,300,4.721107798094663,9.357337804275256,0.9201451478513386,0.0
246,1743.7280738530233,0,-1,300,5.578709648722563,10.381551443522369,0.7683936864708459,0.0
247,1524.5334853016084,0,-1,300,5.8578886385906905,10.261691023695535,0.6791564503317672,0.0
248,2161.1863719502016,0,-1,300,5.956803102027599,11.867650194733065,0.9451703449111246,0.0
249,1536.279623497051,0,-1,300,5.501834394420539,9.664891927624637,0.6813802677485917,0.0
250,2206.7041782018305,0,-1,300,5.263831249684697,10.499119354443328,0.9589388086233975,0.0
251,1931.2109404084565,0,-1,300,4.731359813142407,9.100745196226805,0.8401564237687583,0.0
252,1291.958624606605,0,-1,300,6.3551516743055165,10.35899517247388,0.6133828067533524,0.0
253,731.9771685140576,0,-1,300,8.08176322435113,15.502642807548408,0.816588353607781,0.0
254,1709.3578440863876,0,-1,300,5.847453002458004,10.84081054198,0.7560883325544296,0.0
255,1823.56896567815,0,-1,300,6.131872160653551,11.641373285042175,0.8058094435707973,0.0
256,1428.2603830382332,0,-1,300,6.327317941869233,11.302128437045603,0.7045439084394385,0.0
257,1562.341068236629,0,-1,300,4.999544895586479,8.842130760704347,0.6884720318154941,0.0
258,1532.7635215506348,0,-1,300,5.7113237129632735,10.109479446625869,0.7000957639784368,0.0
259,1978.7921271002244,0,-1,300,5.832360003203164,11.424407035212907,0.8682394196491174,0.0
260,1941.1518667734922,0,-1,300,6.3085587980056,12.278288742304452,0.85612746880733,0.0
261,1792.448376534074,0,-1,300,4.947364283273408,9.232225108244227,0.7839587223470805,0.0
262,1029.8754580497086,0,-1,300,6.8881082251630685,11.174177067411712,0.6066124642946932,0.0
263,2005.9150599516138,0,-1,300,5.2657565723981,10.328430478403572,0.8752911159394917,0.0
264,1925.2070557800719,0,-1,300,5.349658588509312,10.36200415160281,0.8422920459888498,0.0
265,1494.0575448625873,0,-1,300,6.601017045412669,12.363697702766698,0.7743579996103738,0.0
266,1889.9882291396639,0,-1,300,5.295255218105082,10.20744392960382,0.8272095096106485,0.0
267,2070.239159912007,0,-1,300,5.877241620087309,11.62455555401703,0.9066789621139923,0.0
268,1604.4377645951263,0,-1,300,6.308480985873767,11.376242314066706,0.7158293426420225,0.0
269,1848.4185585133475,0,-1,300,5.7410581008258035,11.00000362553938,0.8132323351367554,0.0
270,1936.4379349258054,0,-1,300,5.496868033343327,10.684468330538055,0.8480756498024943,0.0
271,1998.251536680034,0,-1,300,5.053336613324222,9.850140000441764,0.8705048315499452,0.0
272,1579.1892124033839,0,-1,300,5.9100569572072486,10.554684081033878,0.7023209323471316,0.0
273,2131.6162381956437,0,-1,300,5.054854302909123,10.030960360915644,0.9260848398533366,0.0
274,1801.2667793155347,0,-1,300,5.782864916861844,10.983215024794795,0.7938993115912698,0.0
275,2062.493196307858,0,-1,300,6.251681255425489,12.36417842955897,0.9062597745439657,0.0
276,2083.2078324120084,0,-1,300,5.273365927790549,10.432429124560148,0.9075535079634331,0.0
277,1891.9960038032505,0,-1,300,6.07536389225026,11.699569536569097,0.8338968974432308,0.0
278,1941.9011616968228,0,-1,300,6.397559616672333,12.450045599605918,0.8571071811653854,0.0
279,1786.1208119769562,0,-1,300,6.364394083524064,12.104205631856969,0.7968054909633621,0.0
280,1767.5745468466253,0,-1,300,5.804852005978591,10.753813234581092,0.7800257845642667,0.0
281,1618.0971277058525,0,-1,300,6.439829837204721,11.69936358013201,0.7225058603231406,0.0
282,1964.3425352768782,0,-1,300,5.52859934363129,10.725413200835012,0.8599405514426002,0.0
283,1913.7641182588084,0,-1,300,5.92373380947302,11.399100327124575,0.8418297195122186,0.0
284,1271.4726773218079,0,-1,300,5.99975545307414,9.391348940625004,0.5747784481154765,0.0
285,1531.3228514831742,0,-1,300,5.656278803124221,9.902613606364808,0.6804732791414208,0.0
286,1941.2201052451896,0,-1,300,5.928886152837494,11.548645752334057,0.8533083566651104,0.0
287,652.2708461788673,0,-1,300,7.557827141790147,11.876012412669905,0.58079119477302,0.0
288,2112.5343351454844,0,-1,300,5.078819607908807,10.072316062145577,0.918313786703268,0.0
289,1713.4500154857808,0,-1,300,5.992610950421618,11.030187895206662,0.7588820885805703,0.0
290,1485.328862411243,0,-1,300,6.443341830096597,11.552944270599923,0.7217356594033396,0.0
291,1265.161447823938,0,-1,300,7.196809753837618,13.732569995705532,0.8092732848708277,0.0
292,1742.254983246865,0,-1,300,6.522802565212685,12.226434098134941,0.7748605955919559,0.0
293,1282.8564687472635,0,-1,300,5.988152785598833,9.869809871688453,0.6215039516163601,0.0
294,1944.965595041217,0,-1,300,5.6265188643524855,10.906883675597765,0.8526012227498181,0.0
295,1946.5466456982042,0,-1,300,5.903689733860407,11.500854447563551,0.8553387753782048,0.0
296,1651.643677996541,0,-1,300,5.420806528065803,9.799643505129097,0.7288409147923854,0.0
297,-90.01145898605743,0,-1,300,7.399343226471958,12.467582647330854,0.6286300757665074,0.0
298,1286.0301173250566,0,-1,300,6.901552442813699,12.93194911727123,0.7715298138044092,0.0
299,1185.3424632924578,0,-1,300,6.460121461809283,9.946385377382123,0.5478126547226762,0.0
300,1401.7545124519756,0,-1,300,6.197485700508205,10.671331757803673,0.6654087808848855,0.0
301,2183.9922596084293,0,-1,300,5.35929217524813,10.684920590891899,0.9501914661512061,0.0
302,2043.7920735892058,0,-1,300,5.988971704444184,11.822232736891802,0.8964973184455003,0.0
303,1981.7437984374926,0,-1,300,5.186114956557929,10.074351439355201,0.8646224448564732,0.0
304,1755.3019247285058,0,-1,300,4.364893591007759,8.107569999020976,0.7641125039027692,0.0
305,1677.0746088628277,0,-1,300,5.773984428889574,10.557221314060337,0.74208597024285,0.0
306,1811.091335956201,0,-1,300,6.140216909442705,11.678140045025883,0.8006730168025707,0.0
307,856.5304229260444,0,-1,300,7.289991857069804,12.086287496781733,0.6266535601511347,0.0
308,2169.614604986484,0,-1,300,6.664318517152387,13.293857104967138,0.9539884742896785,0.0
309,1230.1537137486132,0,-1,300,6.810518911943752,11.592366435190979,0.6450451013428652,0.0
310,1808.1252731595866,0,-1,300,5.169801720856648,9.76445883191817,0.792159043389586,0.0
311,1088.675304694645,0,-1,300,6.666767182302538,10.745982896076102,0.6097562353989263,0.0
312,1815.8102646249645,0,-1,300,6.553276083516921,12.53706570074475,0.813564767174204,0.0
313,2117.6017429359217,0,-1,300,5.6256009073978275,11.162241289384168,0.924526066362118,0.0
314,855.9952757402008,0,-1,300,6.792038096460547,10.045900970874852,0.5383643993298367,0.0
315,634.6381736461234,0,-1,300,7.69348621206356,12.09392777222669,0.5842159469361848,0.0
316,1552.874258695202,0,-1,300,6.182480639824171,11.419586711228446,0.7727139208992507,0.0
317,993.2294360349704,0,-1,300,6.063468880778958,9.054148139743415,0.5272453964494906,0.0
318,1510.9794733583517,0,-1,300,6.725921869353453,12.142468507412518,0.7342278325396175,0.0
319,636.4933068199477,0,-1,300,7.199793738536999,10.61430824586691,0.526272028582605,0.0
320,1576.8787778907833,0,-1,300,6.403656734240844,11.834481656367771,0.7588084900790781,0.0
321,1453.8150677903154,0,-1,300,6.16879448822386,10.432783334825185,0.6520222369076428,0.0
322,1683.0452071980155,0,-1,300,5.862657225034638,10.683269739909262,0.7452387655202665,0.0
323,2078.0581720345717,0,-1,300,4.589323100565302,9.015118653745699,0.9002774949353113,0.0
324,1474.89837086969,0,-1,300,6.279686174425879,11.201768356286783,0.7165830612001284,0.0
325,2040.7008101033734,0,-1,300,4.660501208022114,9.10050973662285,0.8852457632699037,0.0
326,1102.4630504567917,0,-1,300,6.762601486128119,11.091806212330926,0.6112846297828627,0.0
327,1353.7566762471881,0,-1,300,6.1461164871398895,10.000536859681048,0.6101611554232108,0.0
328,1381.4257154082272,0,-1,300,5.525866997765983,8.962042093223479,0.622341104998282,0.0
329,1241.8257163189032,0,-1,300,5.985081293633294,9.316452591215834,0.586354399695667,0.0
330,1782.8435201030504,0,-1,300,5.951109709152128,11.148064605573484,0.7874847895282459,0.0
331,1941.9042007576645,0,-1,300,5.6409958168791485,10.975802368412985,0.8514342189422868,0.0
332,1712.927714556482,0,-1,300,6.251126845423223,11.581581051045227,0.7692919511163737,0.0
333,1018.079336732782,0,-1,300,7.078531189217048,12.365641666190674,0.6881917296367746,0.0
334,1363.4357858131325,0,-1,300,6.0713461578392875,10.790574643395741,0.7058942749162335,0.0
335,940.0794523651483,0,-1,300,6.643668495446449,10.724406060647958,0.6045792843053232,0.0
336,1425.1673973876377,0,-1,300,6.443563252661904,11.394684399290488,0.7185809292006585,0.0
337,2091.027299609472,0,-1,300,5.364751718074511,10.6152929542057,0.911497012722838,0.0
338,2020.7653693128636,0,-1,300,4.573506976728663,8.969342156365508,0.8762868728724917,0.0
339,1719.2211433082794,0,-1,300,6.375980789365271,11.79414365124997,0.7641619989653556,0.0
340,1653.1362958529612,0,-1,300,5.852328097945724,10.636104825377535,0.732699250673326,0.0
341,1415.5075903880215,0,-1,300,5.733834472445257,9.783486512914566,0.6327985878716815,0.0
342,1441.6713384401353,0,-1,300,5.573540142850419,9.434310948697506,0.6424979420881004,0.0
343,1410.7476060839406,0,-1,300,5.124394849609496,8.481147233120058,0.6262444639070467,0.0
344,1947.8135393385503,0,-1,300,5.32215408735138,10.234565295515294,0.8515051303795317,0.0
345,1139.85587554078,0,-1,300,7.070317540559181,11.40561368253656,0.6086257660932795,0.0
346,1053.8675344188907,0,-1,300,7.096220952470994,12.06514240923099,0.6541236544195695,0.0
347,2079.5329836476885,0,-1,300,6.232392113722908,12.332108354569774,0.9132150173727919,0.0
348,1999.9748094573752,0,-1,300,6.108444080660034,11.923310281100658,0.8791361678788566,0.0
349,1474.4379997970887,0,-1,300,5.62602665369853,9.597705893707964,0.6565443664848594,0.0
350,2081.238762805139,0,-1,300,5.761275281193471,11.384260781743091,0.9103923824444251,0.0
351,867.1963105299445,0,-1,300,7.1359299894620625,10.448744391696291,0.5309483202735205,0.0
352,1860.1379060869388,0,-1,300,5.8018753454039995,11.12312739208219,0.8185715259600882,0.0
353,1504.2908395617383,0,-1,300,6.3527517607549076,11.047049717889003,0.6744334880230533,0.0
354,641.0001861403122,0,-1,300,7.764146315668879,12.692134313185012,0.6114112486884203,0.0
355,1471.2388188505192,0,-1,300,6.60412755548631,11.317239276727689,0.6625471311871972,0.0
356,2030.8196831286,0,-1,300,6.853584436086476,13.551552946994256,0.9095402546736526,0.0
357,2166.4846695984456,0,-1,300,5.707072433540184,11.368912460881635,0.945504988917571,0.0
358,1202.2527985943632,0,-1,300,5.882766830496848,8.817092059526644,0.5467214000076928,0.0
359,1176.9165452587172,0,-1,300,6.4103372639431235,10.284487810331035,0.6055572805324249,0.0
360,1800.724846484935,0,-1,300,4.69289547236346,8.762830288757039,0.7854987354114487,0.0
361,1540.1581056554721,0,-1,300,6.309466981244285,11.28092796828602,0.7181615320373818,0.0
362,1519.4181385827305,0,-1,300,5.509382230278065,9.627793586475395,0.6744112578032234,0.0
363,1690.3734172945935,0,-1,300,5.7647894349846,10.503513426075852,0.7475581779684657,0.0
364,838.581061116276,0,-1,300,7.42023154317415,12.421352310529151,0.6373337497734382,0.0
365,1724.3722111087802,0,-1,300,5.440490747430393,10.048225583825815,0.7592921019010535,0.0
366,227.83519125574614,0,-1,300,7.674170951396932,10.238530801607224,0.4587218088795516,0.0
367,1846.980596967612,0,-1,300,5.2979890756998085,10.060928879029932,0.8093101668042534,0.0
368,1660.6134487226964,0,-1,300,5.281066525963519,9.47455315447568,0.7315302692458504,0.0
369,2114.4127631970487,0,-1,300,5.160362610358179,10.232137159194865,0.9197080375764565,0.0
370,1679.848883164577,0,-1,300,4.104002215815377,7.254282240141829,0.7307170512705221,0.0
371,1827.0136360095203,0,-1,300,5.5325179144017405,10.51872868291748,0.8027495660286469,0.0
372,1425.7427665012078,0,-1,300,5.1385920958065086,8.337070579048325,0.6325989267607182,0.0
373,1424.8830976617228,0,-1,300,5.890498774843104,9.715999289230158,0.637880031503708,0.0
374,1208.0640656942332,0,-1,300,6.487740150590902,10.58952758336699,0.6223154580714427,0.0
375,1907.7173989068933,0,-1,300,5.083122454418841,9.82334545933893,0.8330056679526789,0.0
376,1474.6221104415556,0,-1,300,5.4031248812684325,9.16378877858408,0.6549493159601616,0.0
377,1761.2552497222512,0,-1,300,5.321079986216258,9.978921882797783,0.7737644539475591,0.0
378,1670.1424779721167,0,-1,300,6.651353581366734,12.12403125902341,0.7457778510152997,0.0
379,1288.7049282800147,0,-1,300,6.139365368298423,10.255307611342396,0.6527482976101827,0.0
380,2232.585576830832,0,-1,300,5.404275884657476,10.795127029833049,0.9707760594811108,0.0
381,1561.7494640414734,0,-1,300,5.296249471623767,8.97839543373382,0.6904508143877923,0.0
382,1243.0961748570146,0,-1,300,6.408132562030715,9.68973211824711,0.5660177337389866,0.0
383,2186.625707980023,0,-1,300,4.900593289849488,9.759556262950952,0.947848494665547,0.0
384,1932.68690206082,0,-1,300,4.787022157445985,9.253871784277548,0.8411888753728529,0.0
385,2082.1846737454616,0,-1,300,5.167064316586764,10.182848440692577,0.9063299297683428,0.0
386,1353.7456085114109,0,-1,300,6.460901886176595,10.92048994254948,0.6590866286021135,0.0
387,65.51949578683377,0,-1,300,7.271245522905976,8.384471698265184,0.3012689128212771,0.0
388,1813.679249759065,0,-1,300,5.813667507423033,10.913225174631547,0.7993021937052835,0.0
389,2175.54820725896,0,-1,300,5.341253384419027,10.62882984519876,0.9465378200743761,0.0
390,1440.7343050056436,0,-1,300,6.348093406855904,10.625271125423286,0.6479166609704363,0.0
391,1637.622127704447,0,-1,300,4.408397943114164,7.927484079054346,0.715405537783542,0.0
392,1423.772868329577,0,-1,300,6.11549088108741,10.1355447200667,0.6391048767454784,0.0
393,1714.2513650174017,0,-1,300,5.647929740060668,10.38368167382232,0.7566308751410389,0.0
394,1340.472894815552,0,-1,300,6.365183577422596,10.255930370946043,0.6062692496704823,0.0
395,1700.9794877443578,0,-1,300,4.763827136131497,8.571711622595386,0.7444701567478024,0.0
396,1333.0879557011956,0,-1,300,5.48163438171324,8.594599398011873,0.5965655727383472,0.0
397,1361.7849363000216,0,-1,300,6.038007606183918,9.998146195968836,0.6381388426176857,0.0
398,1463.5613835060767,0,-1,300,6.4361967384514385,11.623551514682145,0.7318264441413854,0.0
399,2038.883092514015,0,-1,300,5.55674181218372,10.895298423086944,0.8912101854722183,0.0
400,1358.798098922014,0,-1,300,5.6773930967869966,9.119880351547197,0.6087463227767415,0.0
401,1625.8736120916233,0,-1,300,5.264431996433395,9.392680991590055,0.7169305783447603,0.0
402,1580.6081234116036,0,-1,300,5.667567255977125,9.928006049846923,0.7010934725079965,0.0
403,1280.0429418147264,0,-1,300,5.322053569373033,8.331240225703517,0.6094954072791825,0.0
404,1873.3478100767932,0,-1,300,6.07805180670896,11.645921097332444,0.8261469760823152,0.0
405,1500.8700478421424,0,-1,300,6.5784646021152575,11.434052879437832,0.6933443711826115,0.0
406,1852.9025744190956,0,-1,300,6.86818469932232,13.121372675454364,0.8235541245862077,0.0
407,1765.2056928633358,0,-1,300,5.347940244220297,10.02502169955041,0.7756119238580429,0.0
408,1360.3172311770234,0,-1,300,6.307645119348629,10.289079448289087,0.6141061847188739,0.0
409,1225.4787571087702,0,-1,300,5.493456919592244,7.842845694727251,0.5518170756922626,0.0
410,1807.0790232061179,0,-1,300,4.7571979595604725,8.836837145554647,0.7886285776992535,0.0
411,1464.3789338962472,0,-1,300,5.891135267250757,10.110532284808881,0.6661776130395041,0.0
412,1880.7957577315783,0,-1,300,4.949514351348184,9.30655789450578,0.8207862566899353,0.0
413,1952.4804049347629,0,-1,300,5.471601897346272,10.630253966189173,0.8545705162862477,0.0
414,1841.9545855142403,0,-1,300,5.629142739867601,10.678805542530256,0.8096996478466076,0.0
415,1487.1080529277265,0,-1,300,5.803898253687228,9.82602349933076,0.6631575922892067,0.0
416,1240.1427398451622,0,-1,300,6.280022399925184,9.563094325666986,0.5638263096015902,0.0
417,1869.0116190180772,0,-1,300,5.977346831687377,11.518880830595968,0.8235849424951877,0.0
418,1540.8701000662456,0,-1,300,5.361136038421462,9.076785320907856,0.682237728649096,0.0
419,1602.7746514944206,0,-1,300,6.391003947323821,11.4233359435708,0.7157553010609371,0.0
420,1460.1055254734235,0,-1,300,6.010816637911493,9.929581103588493,0.6534584270649292,0.0
421,1533.8524119643075,0,-1,300,6.014660314142746,10.422281390396572,0.6842151240078649,0.0
422,1670.5308533135094,0,-1,300,4.533875748413564,7.988698255396037,0.7300585903270643,0.0
423,1375.8302194081227,0,-1,300,6.451789102128995,10.97328668362378,0.6543789273458362,0.0
424,1558.6192722684168,0,-1,300,4.969789272544928,8.665427676394753,0.6866981163225937,0.0
425,1701.9283265288548,0,-1,300,6.179051792607003,11.365192360328313,0.7554796911649087,0.0
426,939.8197120302408,0,-1,300,7.404884423432972,11.888302917496068,0.6032633450877753,0.0
427,1685.2290694863993,0,-1,300,5.376463252905712,9.886900187746996,0.7425022533494592,0.0
428,1540.513206913434,0,-1,300,6.1459921277155365,10.752238651309348,0.6879754438384644,0.0
429,2250.8467847133084,0,-1,300,3.953261583383363,7.892498859463785,0.9675022888392533,0.0
430,2147.9777912895825,0,-1,300,5.0986018849730295,10.121306762737419,0.9332302605079578,0.0
431,863.8540578689964,0,-1,300,6.76443196184774,9.159573404317722,0.49284016005821274,0.0
432,1940.6923491150137,0,-1,300,6.145146217703787,11.919644334866767,0.8547104087640336,0.0
433,1395.3211217006442,0,-1,300,5.081663088141699,8.258155382996733,0.6194962738696633,0.0
434,1216.830772729581,0,-1,300,6.724872141495155,10.591147784158155,0.5875071225231989,0.0
435,1804.5727515332821,0,-1,300,4.585506944283245,8.657651347735897,0.7862966152209909,0.0
436,1697.1948478208715,0,-1,300,6.355375168146863,11.656671764816247,0.7630990025733954,0.0
437,1140.3806352558051,0,-1,300,6.858486431287818,11.83178955736217,0.6731142954887865,0.0
438,2074.151645816889,0,-1,300,4.2789609328897455,8.43013300465824,0.8963220594203769,0.0
439,1684.8972971866697,0,-1,300,4.683126484669482,8.353936192502207,0.7371639891294663,0.0
440,2028.2983372306994,0,-1,300,5.716391225825939,11.217311591054562,0.8879972413731533,0.0
441,1363.521536877862,0,-1,300,4.775960636634891,7.433861588312397,0.6039536784738722,0.0
442,1834.1024745821233,0,-1,300,5.487660566174374,10.454668166580232,0.8053668186555258,0.0
443,1496.5402599340468,0,-1,300,5.868685140185389,9.811619419680177,0.6675735801905776,0.0
444,1490.9857415900167,0,-1,300,5.3417560805283735,8.948326817166208,0.6613072295998035,0.0
445,1668.2604364115189,0,-1,300,6.129526839292869,11.187162040822066,0.7455779257098399,0.0
446,377.30856763380865,0,-1,300,7.218040746691932,8.673872239008084,0.40679042897793277,0.0
447,1712.0284846463178,0,-1,300,5.333551088138615,9.818345974000767,0.7533468350970046,0.0
448,1737.4033118518469,0,-1,300,5.63505061887495,10.329300198991529,0.7661809262464985,0.0
449,785.675776637684,0,-1,300,6.526812205958031,8.110219089885444,0.43853145236649993,0.0
450,2008.9352664137152,0,-1,300,4.521449084066493,8.850042091842857,0.8709672291362133,0.0
451,2160.178882092105,0,-1,300,5.427982770689615,10.791069656968826,0.9407844049852152,0.0
452,2229.1581203236074,0,-1,300,5.3507870587625055,10.682026011060394,0.9689467864088885,0.0
453,691.4725280204959,0,-1,300,6.514936842091842,7.3874179498235355,0.41195684442670316,0.0
454,1740.2216912659042,0,-1,300,5.808112532017314,10.79571035093028,0.7686532153509228,0.0
455,1761.334524670709,0,-1,300,5.783377740079747,10.729200949641944,0.7772647183300605,0.0
456,1748.3911142626926,0,-1,300,5.263206871854902,9.834312276917947,0.7679703491483675,0.0
457,762.9359772519081,0,-1,300,7.272280356543189,12.260994490910916,0.6418439574204619,0.0
458,2119.9047485234682,0,-1,300,5.584128401040653,11.088609827701644,0.925174608225917,0.0
459,538.7566297656215,0,-1,300,7.2095568689224505,9.733294000425241,0.4773763183030481,0.0
460,1843.5759860024684,0,-1,300,5.466463766666458,10.337191167257984,0.80915513908436,0.0
461,1736.3062420158494,0,-1,300,5.385679623187733,9.895665435165581,0.7638535313471786,0.0
462,1640.0344912494982,0,-1,300,4.818506677878071,8.473487872498373,0.7194865047713769,0.0
463,1025.746755994481,0,-1,300,6.210191958668014,9.7174708201862,0.5871609676529806,0.0
464,1652.1787966341997,0,-1,300,4.682379464138812,8.284585676851783,0.723525677911958,0.0
465,956.5846749611229,0,-1,300,5.601392774294038,6.884003494861845,0.45046436518310673,0.0
466,1667.7033549839787,0,-1,300,5.1490003201451575,9.361629566440435,0.7334939003110804,0.0
467,1132.5938110864354,0,-1,300,5.951274975803931,9.271808886665994,0.58610068547278,0.0
468,880.8909603695814,0,-1,300,6.073575925613074,7.628898489747751,0.4563795475868767,0.0
469,1967.636645642013,0,-1,300,5.307187702708831,10.31576593941003,0.8596525101211555,0.0
470,1665.372758889221,0,-1,300,4.760663897501144,8.525588817917836,0.7296102954351014,0.0
471,2110.651202036707,0,-1,300,5.973393673833381,11.851229337085975,0.9242384534023792,0.0
472,1160.5689762894963,0,-1,300,4.915783678179426,6.692234452163032,0.5204387843736356,0.0
473,2003.902836781864,0,-1,300,4.738550201229788,9.201868096771607,0.8704986418349999,0.0
474,1297.4179667784167,0,-1,300,5.774442166914383,8.94379744697332,0.5838991357428645,0.0
475,1439.792048109571,0,-1,300,6.088476204154225,10.150402457804784,0.6490666679882681,0.0
476,1725.4872676769423,0,-1,300,5.191802084030205,9.580691075813604,0.7578915438289527,0.0
477,702.9111582594421,0,-1,300,6.981913009292478,9.846288348080138,0.5092009379215104,0.0
478,942.6555531889684,0,-1,300,6.764209782494207,9.841974680044228,0.5342175927002877,0.0
479,1299.5745617368573,0,-1,300,6.750803371762419,11.69569296982982,0.6881929127802655,0.0
480,1985.5496701593856,0,-1,300,5.999711101491366,11.752139228994576,0.8723101958275957,0.0
481,1300.17147456936,0,-1,300,6.418048423839074,10.524499239561019,0.6294116148293617,0.0
482,1946.8852504525382,0,-1,300,5.219157626703233,10.137425925262402,0.8503458698888325,0.0
483,1590.962225105539,0,-1,300,5.30750608336004,9.305019392695876,0.7027072227525085,0.0
484,1448.638364946705,0,-1,300,5.425045602968651,8.961254629669803,0.6442871607500588,0.0
485,1958.3703633742186,0,-1,300,6.835751173547286,13.361069102716879,0.8672557852075293,0.0
486,1885.4395184306677,0,-1,300,5.504485651700594,10.60197335298327,0.8268834417338659,0.0
487,1778.9536473373116,0,-1,300,4.519223330466992,8.448024755293561,0.7751248613690485,0.0
488,1970.1020660321858,0,-1,300,5.205870821981598,10.07617520352124,0.8599198920116068,0.0
489,1840.8541042769812,0,-1,300,6.173639026608589,12.046087440984591,0.8733379895443187,0.0
490,1593.7264464466784,0,-1,300,5.237024315169936,9.129517064000714,0.7033303683832237,0.0
491,1350.629443868434,0,-1,300,5.200396473254333,8.267866906004285,0.6017652418279216,0.0
492,1395.1971459887268,0,-1,300,5.46611273473874,8.903605707898759,0.62232798967251,0.0
493,1242.4840552264852,0,-1,300,6.192875959001994,10.035278945635977,0.6247068996988384,0.0
494,1895.2009837200058,0,-1,300,5.415752553329646,10.442926681768949,0.830285220699975,0.0
495,1695.7063660098072,0,-1,300,5.286937227258086,9.725342337073446,0.7461963483751892,0.0
496,1477.583877274608,0,-1,300,5.651825771463419,9.654784734885654,0.6718488715460119,0.0
497,775.8790143477192,0,-1,300,6.51884304894435,8.425965493726698,0.4659675282572931,0.0
498,1932.4213975023429,0,-1,300,4.355946617386822,8.423680517443962,0.8378451819230435,0.0
499,717.3306652531261,0,-1,300,6.690251427436349,8.952499402846843,0.4840361374738413,0.0
500,896.0543187737877,0,-1,300,6.483415884403492,9.071440895682313,0.5230094143048138,0.0
501,1718.6378797223979,0,-1,300,5.659079327027758,10.452306305903384,0.7585422115037077,0.0
502,1860.5941358550863,0,-1,300,5.521957977399056,10.560278659455749,0.8166622414367791,0.0
503,1607.0585586001982,0,-1,300,5.565457311247586,9.666086611339917,0.71134866258444,0.0
504,1305.1796933705978,0,-1,300,6.533503622359476,11.026317252855213,0.6660533320662267,0.0
505,725.4292468797672,0,-1,300,7.546000063311601,11.321189906942532,0.5559913102841352,0.0
506,1420.6414333693956,0,-1,300,5.925695496089979,9.82250088298118,0.6363766467912572,0.0
507,1499.175820637605,0,-1,300,5.68587416744233,9.599380183436914,0.6673006481881526,0.0
508,1899.3191242617074,0,-1,300,5.268995726376575,10.101683788865934,0.8309004363902025,0.0
509,1667.3085396733686,0,-1,300,6.152332267954819,11.096378107832678,0.7408543835402318,0.0
510,31.01191978906481,0,-1,300,7.231569825097853,7.481290981062941,0.16867541835449812,0.0
511,936.0402023165677,0,-1,300,6.155823133713375,8.837431192780373,0.5385644013151676,0.0
512,1160.9043720219938,0,-1,300,6.375429045607183,9.836812540386365,0.5770623508548599,0.0
513,2032.5750505798705,0,-1,300,5.393545177474544,10.616705163860424,0.8873578599060042,0.0
514,967.0069838565856,0,-1,300,7.344792658385189,12.242965080824666,0.6462853823772209,0.0
515,1997.3689846764817,0,-1,300,4.732381108796577,9.1998708869739,0.8677299352645078,0.0
516,665.9084721463626,0,-1,300,7.258986024013973,9.748851022363011,0.4831952900127532,0.0
517,1598.239317891405,0,-1,300,5.690248440165154,9.935257911340281,0.7086099124226578,0.0
518,1511.8468484882487,0,-1,300,5.16903578467937,8.821401460710227,0.6687039552551985,0.0
519,1488.52103193235,0,-1,300,5.8810905550960415,9.926026128102382,0.6643252758016996,0.0
520,1103.7758322507752,0,-1,300,6.133867181102155,9.23236358047535,0.5792917187197615,0.0
521,1345.5615181755177,0,-1,300,4.5315530966833,7.132441939505225,0.5946372807982568,0.0
522,1880.108098933183,0,-1,300,5.322541971736989,10.233490782481049,0.8232974393435197,0.0
523,1317.5561769602177,0,-1,300,6.3370989961602895,10.24079357904521,0.6211302334078788,0.0
524,2208.8728766551567,0,-1,300,4.406359710833002,8.783052105344382,0.9534113964375628,0.0
525,1636.269998898068,0,-1,300,5.739637884946142,10.181176226383831,0.7248264503446248,0.0
526,1271.960803072795,0,-1,300,5.1535667891429275,7.670599542692942,0.5686354188655693,0.0
527,2017.4440116843675,0,-1,300,4.465919869950506,8.64319354694,0.8740960705597823,0.0
528,1440.9551859470712,0,-1,300,5.341183023229627,8.90591396046811,0.6404568668188353,0.0
529,757.4335444967757,0,-1,300,5.742218095915666,6.1484520950201205,0.3660890413273588,0.0
530,1572.7926334829701,0,-1,300,5.361398178541867,9.50600482559755,0.6955407502903015,0.0
531,1256.8862859879355,0,-1,300,5.272879190053735,7.9475757926223025,0.5632492130870432,0.0
532,1700.454619653681,0,-1,300,4.602537328339624,8.453209824707294,0.7430417881515812,0.0
533,2105.0058078861043,0,-1,300,5.763448315015712,11.432292596538362,0.9203116156484947,0.0
534,1687.1437741651819,0,-1,300,5.305038455585902,9.414128512308345,0.7427643609857196,0.0
535,1798.7194738516826,0,-1,300,5.4003907118726096,10.200162350869556,0.7899693777772466,0.0
536,1214.5249487350577,0,-1,300,6.137934482897163,9.395715211259661,0.5690527272556818,0.0
537,1220.1303117875545,0,-1,300,5.540069785724283,8.227233217627521,0.549938153304413,0.0
538,1180.7573382758678,0,-1,300,5.175270871351071,7.5791287312623,0.5307967558167446,0.0
539,1759.4558350045347,0,-1,300,5.600802894225898,10.456328495648528,0.7751126196252507,0.0
540,1687.2279809612896,0,-1,300,5.1533587864510055,9.407465301456078,0.7416618496322536,0.0
541,1024.7465346391652,0,-1,300,5.657951200234054,7.418118001097539,0.4863657588629126,0.0
542,2040.253385080781,0,-1,300,5.113822616270369,9.994867268436403,0.8884592467390189,0.0
543,1521.8420497593784,0,-1,300,6.176530040053132,10.812439792170476,0.6804248293668064,0.0
544,792.6289000861115,0,-1,300,7.032140816828252,9.96491417617591,0.532568642669843,0.0
545,1940.137075249779,0,-1,300,4.714712229380119,8.992658656586757,0.8437507897410923,0.0
546,2012.9261659939802,0,-1,300,5.8153303979842175,11.433080442973944,0.8823342138157072,0.0
547,2122.863251104967,0,-1,300,4.313035900828787,8.543541827759785,0.9168741238832859,0.0
548,2067.6265206425637,0,-1,300,5.404579203460145,10.679658798618567,0.9020453942936865,0.0
549,1965.0199595540828,0,-1,300,6.118320920067558,11.913628081267586,0.8646457233813747,0.0
550,1616.6893013676831,0,-1,300,5.772560013781992,10.161984445969289,0.7169147423398994,0.0
551,1920.5299949658001,0,-1,300,5.7660984854655295,11.02262796241871,0.8434665698767423,0.0
552,366.0444459778225,0,-1,300,7.073397142051541,7.918514378974422,0.3743609578426843,0.0
553,1954.3870691057475,0,-1,300,4.894082394246498,9.50427127227719,0.851033563417577,0.0
554,1917.0781075002296,0,-1,300,5.860478229904743,11.281537088761613,0.842736131516048,0.0
555,882.5603595551139,0,-1,300,6.884377645487571,9.38201951293097,0.500530812354527,0.0
556,1375.359914510705,0,-1,300,5.448601280734377,8.627457512318447,0.6139311406516347,0.0
557,2161.8172988351466,0,-1,300,4.876704960406788,9.680293647694711,0.9373324950510283,0.0
558,1504.6128940192775,1,1,1,3.547081243523482,6.657861514670299,0.6032148617361092,0.0017889087656529517
559,1473.6792972549615,0,-1,300,5.456332670104391,9.21014468283899,0.6549555355486831,0.0017857142857142857
560,1865.8645911150118,0,-1,300,5.093673948322965,9.75231615795893,0.815646134243677,0.0017825311942959
561,673.1605574471768,0,-1,300,7.418707216332532,10.735241005902031,0.5333003062603923,0.0017793594306049821
562,1522.666459800665,0,-1,300,5.599518474577435,9.665807577277343,0.6764407468096076,0.0017761989342806395
563,1967.836678904331,0,-1,300,5.528970289126246,10.766240542533085,0.8613992267119179,0.0017730496453900709
564,1363.2824632760364,0,-1,300,5.9261131444088475,9.707230182947763,0.6260635832504792,0.0017699115044247787
565,1302.6378815674595,0,-1,300,6.2460284245589754,9.803041472456263,0.5896109971706334,0.0017667844522968198
566,1790.1751852782365,0,-1,300,5.204095783775128,9.743478008177153,0.7849370455775783,0.001763668430335097
567,2155.781545811305,0,-1,300,4.965310366310984,9.868496285763593,0.9354821385020416,0.0017605633802816902
568,517.4831575329252,0,-1,300,6.817121601215195,6.947302597233956,0.345609585393805,0.0017574692442882249
569,1518.0000542767534,0,-1,300,5.511156585217407,9.506414350627034,0.6738336970044446,0.0017543859649122807
570,1565.457676144927,0,-1,300,5.102668876716222,8.886735101328348,0.6905440483024243,0.0017513134851138354
571,843.6665411649744,0,-1,300,6.42733303420994,8.356736991815488,0.46572755703340574,0.0017482517482517483
572,1613.545283507274,0,-1,300,3.939937529180142,6.947859973864315,0.7018600662635482,0.0017452006980802793
573,757.9701555273572,0,-1,300,6.444554708709996,7.801404924225181,0.41837531990754034,0.0017421602787456446
574,2051.8164358631616,0,-1,300,3.530462450430146,6.902034485722534,0.8814019833212111,0.0017391304347826088
575,1232.1457544839548,0,-1,300,6.539173093712474,10.80262948417264,0.6372090018209343,0.001736111111111111
576,1607.4669201854238,0,-1,300,5.90454503547623,10.385588909084918,0.7140619711766647,0.0017331022530329288
577,976.3980695255743,0,-1,300,6.638259821552226,9.61744992324001,0.529454848191136,0.0017301038062283738
578,1477.0382365409969,0,-1,300,4.992497003673011,8.325610645682957,0.6528763260862964,0.0017271157167530224
579,1413.2146243596321,0,-1,300,5.242138064439004,8.653855456257428,0.628155462299806,0.0017241379310344827
580,2000.8783612585921,0,-1,300,4.90608346991069,9.591948018399455,0.8704949432154101,0.0017211703958691911
581,1576.0507037271295,0,-1,300,5.133568082339162,8.877874246771414,0.6951895538371821,0.001718213058419244
582,1758.13215614107,0,-1,300,4.873056990036221,9.051284274141134,0.7691029924840507,0.0017152658662092624
583,1038.8295823546077,0,-1,300,4.8617086659655255,6.053788692725076,0.46930847430916156,0.0017123287671232876
584,1824.9390204311849,0,-1,300,4.887623124419979,9.152250919274007,0.7970484319461433,0.0017094017094017094
585,1549.8555441577414,0,-1,300,5.52109851472936,9.617772857238457,0.6871813822595292,0.0017064846416382253
586,2070.8571520846535,0,-1,300,4.875607571506324,9.580015407194288,0.8994242034882374,0.0017035775127768314
587,881.2658591824734,0,-1,300,6.149125969011647,7.831617752345513,0.45736104259843274,0.0017006802721088435
588,1477.9568780955105,0,-1,300,6.325872717801233,10.85382185712754,0.6726385019179071,0.001697792869269949
589,1733.5128413684351,0,-1,300,4.896648480935182,9.017527060227568,0.7590218808438619,0.001694915254237288
590,2021.4800496018188,0,-1,300,4.41094325138071,8.618234764047472,0.8753654283861124,0.001692047377326565
591,1463.1871365433096,0,-1,300,5.97760505208844,10.031056022308963,0.6544933447837089,0.0016891891891891893
592,1383.9143395942747,0,-1,300,5.095736529109848,8.066075730870958,0.6148489987992708,0.0016863406408094434
593,1264.1408994268602,0,-1,300,6.0398477426280985,9.25669898829781,0.5720242328309022,0.0016835016835016834
594,2160.7808011273983,0,-1,300,5.068327286307337,10.05528800980895,0.9383377884503875,0.0016806722689075631
595,880.7495574433084,0,-1,300,6.562742775360492,8.822129182450624,0.4921257009585078,0.0016778523489932886
596,1626.891198821993,0,-1,300,4.977479036126189,8.794174518750342,0.715202425613443,0.0016750418760469012
597,1505.6202127816277,0,-1,300,5.412650725802095,9.097819848302917,0.6679366357691942,0.0016722408026755853
598,1969.5825315221043,0,-1,300,4.547345908957373,8.851991401572562,0.8547644824513901,0.001669449081803005
599,1362.2271623314211,0,-1,300,4.916101937019547,7.706638606409582,0.604465415499072,0.0016666666666666668
600,1491.455815848801,0,-1,300,4.513474550544946,7.2234819420125165,0.6552909823994204,0.0016638935108153079
601,1234.0506940690875,0,-1,300,5.040050330035639,7.295322089774997,0.55198816667072,0.0016611295681063123
602,572.5685128366443,0,-1,300,6.896034203597561,7.5245216440821805,0.38917684049033996,0.001658374792703151
603,1133.5376449890216,0,-1,300,4.940183212650744,6.882058732419408,0.5093587261736395,0.0016556291390728477
604,881.7673875794515,0,-1,300,7.113681543103304,9.561532123947053,0.48296165512293754,0.001652892561983471
605,1853.1637125480852,0,-1,300,4.696758886237847,8.822418627125584,0.8073772385418192,0.0016501650165016502
606,862.8734618023814,0,-1,300,6.481982298066743,8.3932022134122,0.46205011182846023,0.0016474464579901153
607,1392.211713389643,0,-1,300,5.650012580256801,8.996354453257599,0.6224633082642771,0.001644736842105263
608,915.6748221951044,0,-1,300,6.339278319242357,8.455418133385798,0.4802252221075718,0.0016420361247947454
609,1916.329797448973,0,-1,300,5.521397545564719,10.67534349410004,0.8398812305288074,0.001639344262295082
610,1757.059527852779,0,-1,300,5.856438839947114,10.978245539682725,0.7760314279049279,0.0016366612111292963
611,575.2924068029191,0,-1,300,6.935981471208169,7.9520704073514885,0.385519408624245,0.0016339869281045752
612,1094.6399368542568,0,-1,300,5.983701113353722,8.851733642824069,0.548806547519551,0.0016313213703099511
613,1575.9441518365238,0,-1,300,5.882926662678992,10.336671799423291,0.7007653465686433,0.0016286644951140066
614,1281.9832859622811,0,-1,300,5.765701136311585,8.781127328332197,0.5774024610066204,0.0016260162601626016
615,2147.6599101379993,0,-1,300,4.492652363439824,8.905971412377058,0.9285531886166322,0.0016233766233766235
616,1097.5011265883531,0,-1,300,6.040211207604209,8.473439194302943,0.5025937201355121,0.0016207455429497568
617,1370.3569033046874,0,-1,300,6.1342104400235655,9.928264556965013,0.6169886213437957,0.0016181229773462784
618,1928.9497200039832,0,-1,300,5.202344980374659,10.028792043370277,0.8427466373544701,0.0016155088852988692
619,1477.8494802122723,0,-1,300,6.475244818928914,11.18704246221627,0.6643349528970798,0.0016129032258064516
620,1827.868887302074,0,-1,300,5.601644736630051,10.498153164528528,0.8036243719005898,0.001610305958132045
621,1407.8425888704107,0,-1,300,4.2721326937970305,6.758406659452607,0.6186420738994824,0.001607717041800643
622,1336.2307861484273,0,-1,300,5.8305739740461835,9.218320393261807,0.6004921323671917,0.0016051364365971107
623,1346.3674081588003,0,-1,300,5.504846640496655,8.642622815712633,0.6022727698698923,0.0016025641025641025
624,1795.5508008562024,0,-1,300,5.033120929978997,9.407710940772771,0.7858945739982609,0.0016
625,1667.6648470748103,0,-1,300,4.242608496260791,7.540993040003025,0.7266799166697937,0.001597444089456869
626,1176.0376407921465,0,-1,300,4.967748106415145,6.924586183092077,0.5272737944615077,0.001594896331738437
627,1609.2400492048578,0,-1,300,5.022784753362086,8.836276505498866,0.7081875728189065,0.0015923566878980893
628,2073.2654180740474,0,-1,300,4.995338742171373,9.866639893520182,0.901325631430471,0.001589825119236884
629,-150.43809925603057,0,-1,300,8.357672180890585,9.133959272897378,0.17896061967516083,0.0015873015873015873
630,1804.2513879581466,0,-1,300,5.3592503626556,10.14594577152917,0.7919657893691449,0.001584786053882726
631,1758.9832848856943,0,-1,300,5.033452348208862,9.2979805211299,0.7706605946472733,0.0015822784810126582
632,1242.3294999402124,0,-1,300,6.227554193648298,9.494458153981292,0.5718920778837273,0.001579778830963665
633,1904.3061829492638,0,-1,300,4.81299724429982,9.281234683916754,0.8295583888944422,0.0015772870662460567
634,848.2651999920356,0,-1,300,6.819686462675081,8.394973851928896,0.43557479715244074,0.0015748031496062992
635,793.8689365108334,0,-1,300,6.19462700766809,7.031393464522396,0.40163946846262233,0.0015723270440251573
636,1192.9330782586699,0,-1,300,5.444024062075427,7.588871236199889,0.5378856297400116,0.0015698587127158557
637,579.4849655636114,0,-1,300,6.787210210266893,7.815605788307384,0.39437809141985375,0.001567398119122257
638,861.0343163144568,0,-1,300,5.342283354232114,6.028215916747081,0.3988314236210979,0.001564945226917058
639,1679.147811895697,0,-1,300,4.050808130113262,7.289370268726479,0.7300259825990564,0.0015625
640,1926.785864904103,0,-1,300,4.583957914840248,8.811040550274216,0.8372071280713441,0.0015600624024961
641,1853.3692138645106,0,-1,300,4.8170001765334645,9.173032266638367,0.8083646737675467,0.001557632398753894
642,1674.938668129208,0,-1,300,4.30289728388151,7.576873716779695,0.7301628413496144,0.0015552099533437014
643,219.7019965451984,0,-1,300,7.251616034576062,9.323499651480919,0.43536042860760726,0.0015527950310559005
644,344.7360843089443,0,-1,300,7.037476446896432,8.814903584174628,0.4330785072022895,0.0015503875968992248
645,1819.8602305321676,0,-1,300,4.587059030630604,8.547012173193652,0.7926780387848,0.0015479876160990713
646,1480.551030773034,0,-1,300,5.455738613840892,9.20767663126536,0.6578143024259046,0.0015455950540958269
647,1280.2081115854312,0,-1,300,6.392791519465377,10.284263105162374,0.6207764648550617,0.0015432098765432098
648,1515.0349521087292,0,-1,300,5.324387252105189,9.166320898578816,0.6711974677694267,0.0015408320493066256
649,1700.3064444210765,0,-1,300,5.546843895706031,10.176664276388077,0.7500623477265768,0.0015384615384615385
650,1108.5500533472575,0,-1,300,6.5566084659823245,9.844203252657431,0.5573782307358457,0.0015360983102918587
651,1727.6574938381066,0,-1,300,4.6983774931082385,8.521454540352615,0.7550951202975229,0.0015337423312883436
652,877.5102140891984,0,-1,300,5.687325253837916,7.013182068952233,0.44074626759676716,0.0015313935681470138
653,1387.0003661236562,0,-1,300,3.911594099850184,6.037871143545337,0.6072537749670661,0.0015290519877675841
654,1643.4382881997335,0,-1,300,5.369692649600399,9.473530243529316,0.725038648288558,0.0015267175572519084
655,275.0954225310912,0,-1,300,8.4364463432878,8.827114008139613,0.3682328949237661,0.001524390243902439
656,1806.0706503958936,0,-1,300,6.2543949138711525,11.826425812169242,0.7994373995189898,0.0015220700152207
657,1487.2603084253972,0,-1,300,5.5525264602115785,9.20406222997032,0.6613357436288354,0.001519756838905775
658,752.6833566922659,0,-1,300,6.724136767408896,8.409959384254694,0.4591231568742747,0.0015174506828528073
659,1250.0195774394917,0,-1,300,5.22976214135009,8.023399249062592,0.5600647066599136,0.0015151515151515152
660,1213.4711628806558,0,-1,300,5.655815171979892,8.289856421060897,0.5838380646178523,0.0015128593040847202
661,1656.7428130603025,0,-1,300,5.715316627139395,10.430433910846617,0.7331743801453381,0.0015105740181268882
662,1928.7222011597125,0,-1,300,4.27889902936177,8.270737815297485,0.8357259932034264,0.0015082956259426848
663,1877.3247180829208,0,-1,300,4.780344455692682,9.108493591344098,0.8180712159522453,0.0015060240963855422
664,749.8798775167927,0,-1,300,6.948813563420593,9.15194592960825,0.47416187941300136,0.0015037593984962407
665,1340.3510819732483,0,-1,300,5.1560383458773495,8.03720414360023,0.5971499050829336,0.0015015015015015015
666,2090.0496353757912,0,-1,300,5.028217884265962,9.944701272126235,0.9085656488719082,0.0014992503748125937
667,719.0085252876822,0,-1,300,6.418575487179423,7.550154457208537,0.4253051937668472,0.0014970059880239522
668,858.4094929426395,0,-1,300,5.722039651994169,6.787013322132253,0.4243057280736872,0.0014947683109118087
669,1359.9655804836123,0,-1,300,5.83173094558414,9.18790768367282,0.6103903072933858,0.0014925373134328358
670,1055.093279841023,0,-1,300,5.949667952124189,8.01240626139737,0.4842447095746906,0.0014903129657228018
671,1663.8322406674592,0,-1,300,4.545253497005616,8.012028026523046,0.7273528348389834,0.001488095238095238
672,729.0053842762329,0,-1,300,7.101609679898009,9.521817307707249,0.4882200384132116,0.0014858841010401188
673,1548.1679619546185,0,-1,300,5.515982542234744,9.263839630096443,0.6864398532145187,0.001483679525222552
674,1323.7774955496054,0,-1,300,4.4713474450185675,6.81066097829862,0.5851090623166422,0.0014814814814814814
675,1721.1502582450612,0,-1,300,5.603111990152765,10.299236891104096,0.759169280861589,0.0014792899408284023
676,1206.2975896095509,0,-1,300,4.571527179634199,6.34667581996637,0.536910449517902,0.0014771048744460858
677,1988.6381305103691,0,-1,300,4.831560154474688,9.351959372196957,0.8648359222045475,0.0014749262536873156
678,1917.0115667381247,0,-1,300,4.429402619453747,8.42840660699172,0.8319753391201221,0.0014727540500736377
679,903.0098178217313,0,-1,300,6.889042285288424,9.43706743905,0.5014167500587314,0.0014705882352941176
680,1689.0781548636323,0,-1,300,5.070987553279144,9.198246128889881,0.7418149711761064,0.0014684287812041115
681,1305.9498220920646,0,-1,300,5.841915764417062,8.960651130078087,0.5879601274381554,0.001466275659824047
682,2143.343213928149,0,-1,300,4.765937152525993,9.46905423846905,0.9288042011140084,0.0014641288433382138
683,1473.6827367616006,0,-1,300,4.370221750806783,7.033376751090494,0.646811136781718,0.0014619883040935672
684,1729.1068057733455,0,-1,300,4.667403234589977,8.39667319170859,0.7554666933316514,0.00145985401459854
685,1395.6395793446816,0,-1,300,4.873464965530413,7.608511598342699,0.6180674786350958,0.0014577259475218659
686,588.3464837382493,0,-1,300,6.078362204425118,5.6961513818946665,0.33198613450061876,0.001455604075691412
687,1080.1240100840598,0,-1,300,5.684868996622541,7.382340678627558,0.495540901268394,0.0014534883720930232
688,1205.444920562423,0,-1,300,4.875061736650327,6.765861268738648,0.5388316799258871,0.001451378809869376
689,1425.7266740214639,0,-1,300,5.158572467389605,8.395159418202422,0.6327420743476984,0.0014492753623188406
690,1340.2539807641547,0,-1,300,5.140498009543457,7.818240242237004,0.5969928937233067,0.001447178002894356
691,1668.476495510457,0,-1,300,4.849773199798835,8.717036107255327,0.7315718387945154,0.001445086705202312
692,882.4480003385656,0,-1,300,5.499537015731315,6.419301657227188,0.43956412040166915,0.001443001443001443
693,653.3522628913096,0,-1,300,6.753571974880027,7.321105385467147,0.38843680531744623,0.001440922190201729
694,1505.112467749912,1,1,1,2.6406881519195915,4.996647349751919,0.65886362987839,0.0028776978417266188
695,1508.1703064586604,0,-1,300,4.555447351082382,7.562764057923234,0.6625701494908922,0.0028735632183908046
696,830.6158569791738,0,-1,300,6.0820465915488295,6.971199769914927,0.4230599481238509,0.0028694404591104736
697,550.4974164881618,0,-1,300,6.62891623080933,7.109332262914642,0.38210378196614986,0.0028653295128939827
698,1478.011894720622,0,-1,300,5.824311914027882,9.586781579856645,0.6595206288221354,0.002861230329041488
699,1160.5732239414215,0,-1,300,4.35634817253363,5.928804859804581,0.5162447879362612,0.002857142857142857
700,1001.0832184855482,0,-1,300,6.026153834192529,7.919017349102514,0.4915755282802513,0.0028530670470756064
701,1553.76055727278,0,-1,300,4.756874544954761,8.19486172175278,0.683076791284152,0.002849002849002849
702,1824.3978539922791,0,-1,300,5.322218206200605,10.045980822140205,0.8000824090432872,0.002844950213371266
703,1322.6952310825445,0,-1,300,4.455987432207511,6.7257324322736345,0.5845429186926159,0.002840909090909091
704,1327.71721468511,0,-1,300,5.8476807667029735,9.135882925709492,0.5970731118690676,0.0028368794326241137
705,1670.3277222144222,0,-1,300,5.020623883451188,9.019448610671283,0.733624563381893,0.0028328611898017
706,1503.4011930642578,0,-1,300,4.679687647854409,7.919175340262952,0.6615148211356819,0.002828854314002829
707,869.8278168834206,0,-1,300,6.411541546814995,7.70514090632625,0.4346108464425954,0.002824858757062147
708,1978.6337460084237,0,-1,300,4.530994634416026,8.831480183579034,0.8584131872616299,0.0028208744710860366
709,1601.7460610579876,0,-1,300,5.115461953567633,8.982805365492652,0.7057601567592522,0.0028169014084507044
710,2130.592770541631,0,-1,300,2.6462511392961994,5.195381521792927,0.9075938712704021,0.0028129395218002813
711,1080.283425996636,0,-1,300,6.366505510182917,8.915685463158239,0.4978668854916367,0.0028089887640449437
712,1589.5109461674838,0,-1,300,5.221529634641501,9.056615633212003,0.7014576998295952,0.002805049088359046
713,1786.4202580919132,0,-1,300,4.425141139540161,8.235033091739032,0.7775303327515145,0.0028011204481792717
714,1196.2213129723768,0,-1,300,5.301026365135833,7.607841943766034,0.5381832448103423,0.002797202797202797
715,853.0427870831445,0,-1,300,4.489784503324,4.5046943118494625,0.38910787839290695,0.002793296089385475
716,1153.816197478954,0,-1,300,5.416433931830865,7.379158612040258,0.5213800034382957,0.002789400278940028
717,1623.8504858551369,0,-1,300,4.23703050101803,7.219284406475172,0.7083820978639425,0.002785515320334262
718,2043.1072890134512,0,-1,300,5.369928060440536,10.580844018090442,0.8915691642089089,0.0027816411682892906
719,1210.356781417591,0,-1,300,6.111462060079758,9.515241082900156,0.5974152013601733,0.002777777777777778
720,1346.1076850326374,0,-1,300,5.013085853630291,7.720775117022376,0.5984763459991599,0.0027739251040221915
721,1294.6795024925827,0,-1,300,4.479119496152025,6.494932630828577,0.5730431889263827,0.002770083102493075
722,792.6326759504689,0,-1,300,6.552670744182949,8.05107132455417,0.44722096065791345,0.0027662517289073307
723,1703.2301451571386,0,-1,300,5.273646016166152,9.670933834573843,0.7492315722700542,0.0027624309392265192
724,814.3806939471223,0,-1,300,6.979456045329956,9.339900153544237,0.4917270570958151,0.002758620689655172
725,903.3320277663813,0,-1,300,5.65389858403953,6.707142493631696,0.4360226439630987,0.0027548209366391185
726,578.400539884706,0,-1,300,7.438504418186924,9.030989161587087,0.4289544791031914,0.002751031636863824
727,730.528807573133,0,-1,300,7.539358287700637,9.908936269284403,0.47065687271823076,0.0027472527472527475
728,1257.5199612871775,0,-1,300,5.458492322652822,8.140600284695214,0.5649053429562201,0.0027434842249657062
729,758.3611749108398,0,-1,300,6.258731030314124,6.967221800398236,0.4037775301583167,0.0027397260273972603
730,812.6439807947927,0,-1,300,5.423897073381682,5.602465151584491,0.37928088671486,0.0027359781121751026
731,1215.8684108040336,0,-1,300,6.329238928924636,9.97703779674232,0.620744192246063,0.00273224043715847
732,2211.957010450063,0,-1,300,4.762585756138833,9.499173265110535,0.9573681475252354,0.002728512960436562
733,1251.6567684931094,0,-1,300,5.202897537329967,7.718498245008146,0.5605453850687699,0.0027247956403269754
734,1563.8912770864727,0,-1,300,4.565919171004691,7.715259882322636,0.6858657592352324,0.0027210884353741495
735,1356.7621236394632,0,-1,300,5.526165674215917,8.52368805245197,0.606763794073062,0.002717391304347826
736,1501.6577075835646,0,-1,300,5.308473830075703,8.849951655947981,0.6655042652187197,0.0027137042062415195
737,1700.7462691599542,0,-1,300,6.131230946033018,11.18033422735524,0.7546285109118956,0.0027100271002710027
738,892.8789520388286,0,-1,300,5.746180548402207,6.829932067058629,0.42756101966086923,0.0027063599458728013
739,550.0033583475035,0,-1,300,6.844485858519639,8.231219515117413,0.42740960879553785,0.002702702702702703
740,1733.835306500888,0,-1,300,4.56081575893671,8.394291810932346,0.7566374959007286,0.002699055330634278
741,1930.111503158506,0,-1,300,6.322314389581786,12.128087412006074,0.8516304842379075,0.0026954177897574125
742,312.78758088574625,0,-1,300,7.331179886902858,6.997520869908209,0.33616640235176487,0.0026917900403768506
743,1698.8140405360516,0,-1,300,5.380614444917019,9.664438313146304,0.7481937918935657,0.002688172043010753
744,1850.5110787165856,0,-1,300,5.423873409591281,10.365220501038072,0.8117253333705119,0.0026845637583892616
745,1777.0853109558736,0,-1,300,5.314344823669061,9.766862436687532,0.7803097990757987,0.002680965147453083
746,1202.9408383327557,0,-1,300,4.545845266843378,6.157359278338065,0.5353191888066404,0.002677376171352075
747,1440.436126344265,0,-1,300,4.6234712947470875,7.436974433359139,0.6348577540207122,0.00267379679144385
748,1499.7052719929627,0,-1,300,5.3121031235261205,8.813209536364598,0.6647179700901802,0.0026702269692923898
749,1070.3183647124874,0,-1,300,5.403276314458037,7.2440420067520455,0.5162329637214457,0.0026666666666666666
750,1078.9926855153471,0,-1,300,6.371940756224187,9.931977187742952,0.6016544744245834,0.002663115845539281
751,1363.8145651064633,0,-1,300,5.600460535452656,9.169396547163807,0.6498955673690825,0.0026595744680851063
752,1368.0341430952724,0,-1,300,5.7486883638466315,9.0045449897254,0.6157534262909946,0.0026560424966799467
753,1853.0753026777788,0,-1,300,5.0878786651225205,9.469638781410413,0.8102737994374936,0.002652519893899204
754,1424.9437026281437,0,-1,300,3.9984158482933965,6.278919206438824,0.6237146616239272,0.0026490066225165563
755,1630.3619437616844,0,-1,300,4.975652720169315,8.751788750763948,0.7166348719686387,0.0026455026455026454
756,902.5382229724843,0,-1,300,5.66578112840721,6.655402693573404,0.41855095136825543,0.002642007926023778
757,601.3171391077282,0,-1,300,6.665455406276519,6.825431606801211,0.3715383065486729,0.002638522427440633
758,1057.6753478579417,0,-1,300,4.629669356916178,5.748167508520711,0.4754205817843475,0.002635046113306983
759,707.2597280054746,0,-1,300,6.100225105917402,8.339233674831846,0.4911828712420082,0.002631578947368421
760,754.2713469773526,0,-1,300,5.884143429204643,6.293732752625232,0.4006201293632269,0.002628120893561104
761,825.2847618140676,0,-1,300,5.802686115424882,6.620038521147685,0.42718392674293787,0.0026246719160104987
762,1886.3283266800431,0,-1,300,4.909122149475788,9.320130466011046,0.8227885522377537,0.002621231979030144
763,1151.1223842646468,0,-1,300,6.287709199191382,9.329593905145494,0.5570750093891493,0.002617801047120419
764,457.36681648023654,0,-1,300,7.17370492706189,7.051086428075029,0.34358460024712967,0.00261437908496732
765,628.9091151243774,0,-1,300,5.902331140803845,5.451070042331156,0.3267218880267318,0.0026109660574412533
766,1822.3771530529855,0,-1,300,4.686685222550835,8.748648429109654,0.7944739529412079,0.002607561929595828
767,2019.0779005279212,0,-1,300,3.9796733151656825,7.759897504039081,0.8711300084170422,0.0026041666666666665
768,1507.32196634196,0,-1,300,4.931519379562058,8.23875883235921,0.6650372146558655,0.002600780234070221
769,1513.096144947671,0,-1,300,5.9819408151859434,10.178087643419973,0.6845661078962836,0.0025974025974025974
770,1536.8049980169392,0,-1,300,4.396078904569785,7.469516461513998,0.6733060076246634,0.0025940337224383916
771,1460.6844211103883,0,-1,300,4.234455269337872,6.668931396790612,0.640376923316029,0.0025906735751295338
772,987.2417373073094,0,-1,300,6.37971450648617,9.198773704372396,0.551585541414153,0.00258732212160414
773,857.4464744742946,0,-1,300,6.913636653469437,9.21492162676042,0.49567877216838135,0.002583979328165375
774,1626.8823450313273,0,-1,300,6.177951675219685,10.97892391938977,0.7242022813272004,0.0025806451612903226
775,1505.516952164973,1,1,1,2.387309637671504,4.561208160634663,0.7075238429041684,0.003865979381443299
776,1662.6049528257613,0,-1,300,5.687757187171494,10.115010382942994,0.7354102425811866,0.003861003861003861
777,1281.3958080300965,0,-1,300,6.127573107504314,10.074900041670997,0.6522262163183732,0.0038560411311053984
778,2025.1549754723862,0,-1,300,4.4903054342707085,8.80625843453026,0.8774918638705246,0.0038510911424903724
779,2154.082167837356,0,-1,300,3.362279401334406,6.653010068143508,0.9227513321089053,0.0038461538461538464
780,501.6406627375069,0,-1,300,6.921597363213821,7.4442390805653105,0.3864740377746181,0.0038412291933418692
781,1137.3707947934718,0,-1,300,6.181181260173244,9.068975678940964,0.5592504916234924,0.0038363171355498722
782,1256.4633553351675,0,-1,300,5.042718730784349,7.455191394264992,0.561346788537202,0.0038314176245210726
783,734.8745130662741,0,-1,300,6.267518729747743,6.728837971447994,0.3962781366926679,0.003826530612244898
784,1377.1151266873233,0,-1,300,5.436529711095494,8.463127534476996,0.6145719422862671,0.003821656050955414
785,1543.3720990918555,0,-1,300,4.50923353928271,7.6044735212416255,0.6768909594995605,0.003816793893129771
786,1475.5400834739298,0,-1,300,6.011613315989346,10.055144816172248,0.6598954679840573,0.0038119440914866584
787,1196.8500160018345,0,-1,300,6.007554151306281,8.698428158783111,0.5494879294206731,0.0038071065989847717
788,937.0481499015789,0,-1,300,5.218743447118547,6.169958999873398,0.44428838475660504,0.0038022813688212928
789,1299.586228495613,0,-1,300,5.2070971944239774,7.8114405333035375,0.5805474908313522,0.0037974683544303796
790,1933.152107730425,0,-1,300,4.0362078058832855,7.665502234230568,0.8357516034318024,0.0037926675094816687
791,1084.30793696211,0,-1,300,6.436868611204876,9.048102809178953,0.518928864379826,0.003787878787878788
792,1064.8676858002657,0,-1,300,5.905786319660063,8.152162833879602,0.5120423038711488,0.0037831021437578815
793,642.8024150038839,0,-1,300,6.9609335757132005,7.574667124836321,0.400031259264914,0.003778337531486146
794,408.2176250271152,0,-1,300,6.719697346980651,5.1754747521094036,0.272104919169978,0.0037735849056603774
795,1953.3119983869524,0,-1,300,4.495085171130918,8.640167125718413,0.8475931381113778,0.0037688442211055275
796,1071.0097710774626,0,-1,300,5.6468987834609,7.411714898803066,0.5047604512332853,0.0037641154328732747
797,1503.132932107108,0,-1,300,5.483397513193331,9.119874040559978,0.6674308697269118,0.0037593984962406013
798,1767.8323053926247,0,-1,300,5.199810743878831,9.569785328216058,0.7755953744926851,0.0037546933667083854
799,1037.7768828317887,0,-1,300,5.963113383297096,8.058656449073997,0.4947721129285525,0.00375
800,1793.3670975829612,0,-1,300,5.490614187338033,10.27874241286825,0.7884158970646028,0.003745318352059925
801,1466.4444784270088,0,-1,300,4.924802657059435,8.103193084135825,0.647954552605865,0.003740648379052369
802,1916.9278307358154,0,-1,300,5.58063542550514,10.774223520751766,0.840574695164544,0.0037359900373599006
803,318.96109260876386,0,-1,300,7.346821288707498,7.678703029148673,0.35693494922724645,0.0037313432835820895
804,1086.164394354934,0,-1,300,6.125077152385302,8.551986583598195,0.5091503334021322,0.0037267080745341614
805,770.0890456463331,0,-1,300,6.801308124716849,8.582843036940439,0.4631731914054984,0.0037220843672456576
806,1697.518724495015,0,-1,300,5.557668537753572,10.044954255221496,0.7489819825727405,0.0037174721189591076
807,2189.521002091189,0,-1,300,4.801108792315427,9.564454656973258,0.9483087334803618,0.0037128712871287127
808,1588.9234252681451,0,-1,300,5.02383007729462,8.698449462969249,0.6997301527747705,0.003708281829419036
809,1070.7507715642732,0,-1,300,5.304161284652429,7.00405472915728,0.48592736445334056,0.003703703703703704
810,223.14940551947848,0,-1,300,6.991385127010896,9.662493453502657,0.47713298935089427,0.0036991368680641184
811,2065.963517758503,0,-1,300,5.506655555189578,10.861912582187516,0.9021180490632981,0.003694581280788177
812,1764.6476161179125,0,-1,300,6.154199172056371,11.510957055964154,0.781426333839553,0.0036900369003690036
813,1108.772839403645,0,-1,300,6.576087504548807,9.523203154876413,0.5385404367417301,0.0036855036855036856
814,1051.8940479756386,0,-1,300,6.826918314129289,10.627054534200191,0.5976663631337427,0.0036809815950920245
815,1423.668471353613,0,-1,300,5.2886824829768155,8.556051190479684,0.632860315019664,0.003676470588235294
816,1566.8430230469605,0,-1,300,5.365422927442149,9.293463983681438,0.6930919315587166,0.0036719706242350062
817,1765.9174513361593,0,-1,300,3.833513505875705,6.8363982614626195,0.7645502893508006,0.003667481662591687
818,1855.3005060888775,0,-1,300,5.3530986100159,10.243454022333626,0.8131901171121514,0.003663003663003663
819,-159.4524050162442,0,-1,300,8.858466945346892,9.757236364790732,0.36309789864921543,0.003658536585365854
820,1235.3164378904137,0,-1,300,5.430169134173355,7.976521468492653,0.5554414509606396,0.0036540803897685747
821,1172.1254703083182,0,-1,300,6.3429049401093796,9.833174488523715,0.585452022423986,0.0036496350364963502
822,1753.491827746613,0,-1,300,5.531791711378671,10.354791357252871,0.7721100327297628,0.0036452004860267314
823,1565.197492677947,0,-1,300,6.0500642212981575,10.52959887575737,0.6975411036088808,0.0036407766990291263
824,1500.5832816109767,0,-1,300,4.936276495787631,8.13153954075968,0.6622651077229808,0.0036363636363636364
825,1786.504706646301,0,-1,300,5.5879592222628345,10.486216074003826,0.7862866552695966,0.0036319612590799033
826,1343.6225171134013,0,-1,300,5.252835625308213,8.01588604227149,0.5992389826537285,0.0036275695284159614
827,2065.5421032519675,0,-1,300,4.3035362634709005,8.370786112781028,0.8929190649976849,0.0036231884057971015
828,1544.332698650354,0,-1,300,5.064102345012924,8.527221679933017,0.6814527253585776,0.0036188178528347406
829,1584.9213390966377,0,-1,300,5.081512467643432,8.659418219592437,0.6984952347975909,0.0036144578313253013
830,1277.811716422749,0,-1,300,6.425256372010884,10.671780055148185,0.6598423524766097,0.0036101083032490976
831,961.5686848849011,0,-1,300,6.319162321515245,9.031872470576973,0.5344733821168604,0.003605769230769231
832,941.1340556651854,0,-1,300,5.994750971090055,7.4557865453866,0.4658634133505455,0.003601440576230492
833,1206.23072436188,0,-1,300,6.223245018115002,10.02766321361532,0.6163162866290728,0.0035971223021582736
834,-110.13149798931084,0,-1,300,7.645876940239538,8.25789678990247,0.230409475396548,0.003592814371257485
835,744.7710832539525,0,-1,300,6.921540241827308,9.416778599250529,0.5024876905974787,0.0035885167464114833
836,1990.64049150581,0,-1,300,3.597339382900465,7.011991668906481,0.8564135834991743,0.0035842293906810036
837,1257.0500638153896,0,-1,300,5.757160906376411,8.91025704046633,0.5916373456349612,0.003579952267303103
838,1238.0505103225316,0,-1,300,4.462483420062847,6.179981587061341,0.5493230049515252,0.003575685339690107
839,1901.9225615884707,0,-1,300,5.037669873624105,9.70874874793712,0.8302502580473765,0.0035714285714285713
840,1191.756118295667,0,-1,300,6.5846243772890904,10.405551125330945,0.603575759412129,0.0035671819262782403
841,861.7528191729751,0,-1,300,7.354359901545454,10.659641361699007,0.5446987459108127,0.0035629453681710215
842,1211.7856981645537,0,-1,300,5.065141271146019,7.234451754182534,0.5428992671021592,0.0035587188612099642
843,1825.966131814048,0,-1,300,4.3319725297679845,8.133178815361529,0.7933090155624474,0.0035545023696682463
844,1505.6234321725196,0,-1,300,5.501206996896816,9.231583254094115,0.6703453259986215,0.0035502958579881655
845,1978.7660417093243,0,-1,300,5.684704406356143,11.064167948743734,0.8671211337598904,0.0035460992907801418
846,1472.3160799203065,0,-1,300,4.891275170703742,7.98642213209232,0.6501495970804058,0.0035419126328217238
847,1497.099237819246,0,-1,300,5.65894729829787,9.553169041420809,0.6662334538285858,0.003537735849056604
848,1207.6518553358148,0,-1,300,5.105518170448543,7.269095452978546,0.5414796593349536,0.0035335689045936395
849,391.0043202996942,0,-1,300,8.073214756418407,9.293414969398164,0.4076060365821629,0.0035294117647058825
850,1320.6024236485262,0,-1,300,5.161707079223124,7.92027586004211,0.5889638129477262,0.0035252643948296123
851,1441.4462430573171,0,-1,300,4.786388822741237,7.646437517946103,0.6365005174444411,0.0035211267605633804
852,892.4668449947483,0,-1,300,6.290096684424746,8.684162352203538,0.5110680814830802,0.0035169988276670576
853,1683.975771580849,0,-1,300,5.613581755803928,10.2125460920711,0.7437584346605494,0.00351288056206089
854,1060.1426426720977,0,-1,300,6.524246633279819,9.363522411160755,0.5575363906633763,0.0035087719298245615
855,1303.7047285329265,0,-1,300,5.997285545511269,9.57932449705376,0.6312362902778943,0.0035046728971962616
856,1640.7056533307496,0,-1,300,5.339804736911959,9.40685872256424,0.7236758910813185,0.003500583430571762
857,1156.4926969046942,0,-1,300,5.80904000723856,8.214287353154026,0.5254397570979118,0.0034965034965034965
858,1138.222077469957,0,-1,300,6.348998063472854,9.873577266823407,0.602470897200623,0.0034924330616996507
859,1475.1415759707284,0,-1,300,6.455063416877857,10.866149664451289,0.6630552989477203,0.0034883720930232558
860,1017.996333815223,0,-1,300,5.481706890752244,6.9441801376626895,0.46527794077031803,0.003484320557491289
861,1057.780304998901,0,-1,300,6.776322842527984,10.819424753848766,0.6203189002818826,0.0034802784222737818
862,1286.6688872375062,0,-1,300,6.605922021207088,10.436584016070137,0.6074021249323249,0.0034762456546929316
863,1500.8180064558962,0,-1,300,5.196162059199175,8.53903678860669,0.6643120514672851,0.003472222222222222
864,931.5340051770795,0,-1,300,5.702815641866392,6.864824788406195,0.44310930400667853,0.003468208092485549
865,1686.106104232075,0,-1,300,5.7996768194354384,10.595276587916958,0.7460417862424632,0.003464203233256351
866,1238.1439164811177,0,-1,300,5.281189398029009,7.695765823628963,0.555502219019017,0.0034602076124567475
867,913.9924501679384,0,-1,300,6.244376641697139,8.868652671678646,0.5275251231831881,0.0034562211981566822
868,1740.5252578769096,0,-1,300,5.312519466764329,9.62310958632208,0.765062753449445,0.0034522439585730723
869,92.04171401065967,0,-1,300,8.210575045051888,6.835896427473423,0.2732628495453847,0.0034482758620689655
870,2174.805723694331,0,-1,300,4.737932692999669,9.43145731925526,0.9417035467368019,0.003444316877152698
871,852.2525089289738,0,-1,300,7.175599482973207,9.783867877603628,0.509051843587993,0.0034403669724770644
872,492.52335586408554,0,-1,300,6.370108784947439,6.692784889599903,0.3662299590696733,0.003436426116838488
873,503.8402024769535,0,-1,300,7.509359556685765,8.593020339546277,0.40836561207927174,0.003432494279176201
874,1513.9893079116748,0,-1,300,5.421281663323743,9.351410413418575,0.6714884907714593,0.0034285714285714284
875,1727.995783906541,0,-1,300,5.468512538151886,9.981084609534925,0.7610120873305308,0.003424657534246575
876,1138.9929086995357,0,-1,300,6.774524714178773,11.591511091222355,0.696056042896305,0.0034207525655644243
877,1898.5151903903832,0,-1,300,5.116665990743433,9.772728896314081,0.8294229909265697,0.003416856492027335
878,1552.8655697455345,0,-1,300,5.186492096827708,8.779617049050355,0.6859260114535133,0.0034129692832764505
879,2057.671125414674,0,-1,300,5.7365674055194695,11.315341493844173,0.9003872244641773,0.003409090909090909
880,1508.1256535437485,0,-1,300,6.137504859994255,10.270530921343262,0.6744169754265195,0.00340522133938706
881,2084.7319496563346,0,-1,300,6.518115800512956,12.871971665317718,0.9175241808606532,0.003401360544217687
882,1580.9509449712964,0,-1,300,5.821545002876778,10.185791198272561,0.7023911479262827,0.0033975084937712344
883,834.2406705737034,0,-1,300,6.583215817353761,8.460366945216663,0.4884390567504867,0.003393665158371041
884,704.784184009076,0,-1,300,6.686669301306688,8.255918671052084,0.4603949385145707,0.003389830508474576
885,1579.0456762422284,0,-1,300,5.549085634573327,9.616950266481044,0.6995538406935616,0.003386004514672686
886,1002.338845989719,0,-1,300,5.379264522568804,6.675304228131032,0.49490369575272525,0.0033821871476888386
887,1383.9596114664885,0,-1,300,5.506679903855763,8.577048817167052,0.6179499373899554,0.0033783783783783786
888,2007.4885514428763,0,-1,300,6.2857648023345245,12.334913241836722,0.8835967991187075,0.003374578177727784
889,1562.2031486527055,0,-1,300,5.974486335881839,10.336972545803691,0.6957266261244073,0.0033707865168539327
890,839.9527309196847,0,-1,300,5.927572929705803,7.253325781163644,0.44440872079836186,0.003367003367003367
891,1273.041061408273,0,-1,300,6.221898673954534,9.330556423281708,0.5783677502777655,0.0033632286995515697
892,1946.2964138371112,0,-1,300,5.430800899516505,10.488427195242567,0.8516878458451699,0.0033594624860022394
893,1940.7361585138572,0,-1,300,6.256175742699736,12.183062730241227,0.8555613841176883,0.003355704697986577
894,1350.71293897839,0,-1,300,5.921239636717825,9.332892089497724,0.6072063551830463,0.0033519553072625698
895,713.6774730402366,0,-1,300,6.8465264531382655,8.097920089878977,0.4347651398800822,0.0033482142857142855
896,159.07395362525912,0,-1,300,8.045139274139157,9.90876549675767,0.42749554686727853,0.0033444816053511705
897,2019.4640475413696,0,-1,300,5.047097759333514,9.797439281513258,0.8792965863372382,0.0033407572383073497
898,1288.0793871725514,0,-1,300,6.205039222883801,10.202948860841872,0.6421875295654084,0.0033370411568409346
899,1683.102246394263,0,-1,300,5.185693167011665,9.212332522645614,0.7401853014168636,0.0033333333333333335
900,843.7166971085115,0,-1,300,6.29105500978441,8.381268592568558,0.5000789067213426,0.003329633740288568
901,1343.9127537908826,0,-1,300,6.679839055983916,11.782371036194453,0.7178830924993705,0.0033259423503325942
902,1040.013787680464,0,-1,300,6.97977778741298,10.813553559041353,0.5988117950692121,0.0033222591362126247
903,919.4042223340809,0,-1,300,7.47806979021538,11.965357637323017,0.6125389029143026,0.00331858407079646
904,1473.2629031810657,0,-1,300,4.743781879709386,7.732827040836834,0.6494379070899314,0.0033149171270718232
905,1159.131800917452,0,-1,300,6.193328650638041,9.459884335695149,0.5958586579104928,0.0033112582781456954
906,2159.4976531941356,0,-1,300,5.469822713002791,10.890336082868572,0.9408143591784098,0.0033076074972436605
907,796.3315746926198,0,-1,300,6.388070108385657,8.23127258095228,0.47046991825419016,0.003303964757709251
908,999.0094611700887,0,-1,300,6.18156471653234,8.801051947969768,0.5411689620216065,0.0033003300330033004
909,1176.7784074744188,0,-1,300,5.760538000805315,8.108835737759549,0.5563433631997771,0.0032967032967032967
910,1189.9764015125556,0,-1,300,5.762363768028738,8.52196338763119,0.5743878766117522,0.003293084522502744
911,1747.133689968112,0,-1,300,5.406453106823617,10.029817956262878,0.7685207691212232,0.003289473684210526
912,1829.025596106317,0,-1,300,5.416998164686679,10.200498473484254,0.8027214846127827,0.0032858707557502738
913,370.52742475679133,0,-1,300,7.681985825383645,9.43614676606584,0.4313933482396515,0.0032822757111597373
914,491.8786346011678,0,-1,300,6.739520467541466,8.796397792354394,0.4587367591024424,0.003278688524590164
915,1857.223546125092,0,-1,300,5.496587255506801,10.529617571905723,0.8150675486350891,0.0032751091703056767
916,998.5099063594745,0,-1,300,6.9070410561288815,10.56080788325378,0.5918472025393009,0.003271537622682661
917,2203.8527508086113,0,-1,300,4.997455011313998,9.96674271526104,0.9557528920884427,0.0032679738562091504
918,79.30877879457965,0,-1,300,7.292002241368692,8.942452101818537,0.412561633338073,0.003264417845484222
919,2128.071947043569,0,-1,300,5.199380498093822,10.313331551650288,0.9256919983371904,0.003260869565217391
920,1986.9540559646166,0,-1,300,5.265422579808723,10.296228275596649,0.867388192667156,0.003257328990228013
921,1852.9638389289203,0,-1,300,4.404019512270831,8.315554045341417,0.8050984125624149,0.0032537960954446853
922,728.841662612827,0,-1,300,7.050841290544477,9.06318384033799,0.4673056205604747,0.0032502708559046588
923,1627.3474452104588,0,-1,300,4.812994513294432,8.124739981315702,0.7141588943540669,0.003246753246753247
924,2126.1797302236846,0,-1,300,4.633377705508183,9.181694937867318,0.9206585537178462,0.003243243243243243
925,1041.3504643793601,0,-1,300,5.3622748110212095,6.55648947869064,0.48410372087665715,0.0032397408207343412
926,2091.335887971424,0,-1,300,5.666311362330048,11.195926622120801,0.9138872885389022,0.003236245954692557
927,1885.218935370984,0,-1,300,6.407131195719639,12.317487181561342,0.8335613737058065,0.003232758620689655
928,1251.536314089838,0,-1,300,4.536632005863978,6.314311898331713,0.5554982042480795,0.0032292787944025836
929,1749.540800047772,0,-1,300,5.423359866178678,9.942322642004962,0.7696505323495787,0.0032258064516129032
930,1159.3775354697857,0,-1,300,5.451622916972154,7.617185731995934,0.5239611449897019,0.00322234156820623
931,836.3603289238756,0,-1,300,7.098070007820372,9.846214821680034,0.5122871715167644,0.003218884120171674
932,1655.900662660952,0,-1,300,5.097016913664234,8.907181108789706,0.7281862362945449,0.003215434083601286
933,835.0931945104825,0,-1,300,7.034119081126067,9.704471277282112,0.5150589068068624,0.0032119914346895075
934,1195.0938160285891,0,-1,300,5.240820244758317,7.190909473627954,0.5448121426809033,0.0032085561497326204
935,9.875352578944065,0,-1,300,7.361893731440587,8.673702171309086,0.3390031211407158,0.003205128205128205
936,1263.5455375180043,0,-1,300,5.658334490259285,8.755874619763539,0.6045153454680139,0.0032017075773745998
937,1049.2325121841084,0,-1,300,5.59327800744221,7.234958511330827,0.4810906462819632,0.0031982942430703624
938,290.031395326037,0,-1,300,6.0562851162962055,6.73275313038993,0.32275079281176894,0.003194888178913738
939,1554.450764433713,0,-1,300,6.200012074329192,10.905572510529824,0.71692514587184,0.0031914893617021275
940,1521.6453270250531,0,-1,300,4.926110221058302,8.117020548682785,0.6709647129183761,0.003188097768331562
941,1055.9792037106804,0,-1,300,6.568737208530157,9.84820887900081,0.5739765644788354,0.0031847133757961785
942,1759.680463134451,0,-1,300,5.810458069510339,10.84690740657144,0.7767786284940154,0.003181336161187699
943,1568.1203813454683,0,-1,300,5.589453444531941,9.698108459136686,0.695304393061268,0.0031779661016949155
944,685.3921323155961,0,-1,300,7.88825040975928,11.72494516191477,0.5537307086286742,0.0031746031746031746
945,1752.1482309265941,0,-1,300,5.541036654366081,10.175380159682822,0.7716195377938267,0.003171247357293869
946,1675.6161651635653,0,-1,300,5.436867667388924,9.948887158499835,0.7389499096569024,0.0031678986272439284
947,1006.5127654692033,0,-1,300,6.487205458002225,9.705756825065711,0.5693792618208872,0.0031645569620253164
948,788.4512496593585,0,-1,300,6.682786730018644,8.320839506785314,0.4651926299013915,0.003161222339304531
949,1044.5708082910025,0,-1,300,5.763791063593251,7.723918570672342,0.5137153819249116,0.003157894736842105
950,1420.0082311643991,0,-1,300,5.360496629945535,8.53290978895875,0.6318738210430912,0.0031545741324921135
951,741.2541246873308,0,-1,300,5.741310986644564,6.022500442729809,0.3908257208311991,0.0031512605042016808
952,1982.7613550796684,0,-1,300,5.454263297446168,10.669468925908305,0.8670575393473742,0.0031479538300104933
953,915.2883054861985,0,-1,300,6.180513513289856,8.28387827214769,0.501282816262701,0.0031446540880503146
954,872.629558763806,0,-1,300,6.352191502990373,8.357789820494318,0.48346086419655915,0.0031413612565445027
955,1183.2128766205358,0,-1,300,5.219461026287043,7.424821021554133,0.562355242985249,0.0031380753138075313
956,1171.4636793569157,0,-1,300,6.6906593047006515,11.262345885427719,0.66404511910318,0.003134796238244514
957,1158.6976635423923,0,-1,300,6.750964822570332,11.221790853130642,0.6410085260908177,0.003131524008350731
958,1408.357203416896,0,-1,300,5.720017663358117,9.274251274524836,0.6297156338988923,0.0031282586027111575
959,1154.4438303194838,0,-1,300,5.4395351172489885,7.9087694511017235,0.5308319332644104,0.003125
960,1706.9878076712978,0,-1,300,5.998024738989082,10.892809874919857,0.7562301054054581,0.003121748178980229
961,1039.1724899881492,0,-1,300,5.157747141314209,6.7577193387703085,0.5099618385522052,0.0031185031185031187
962,986.4881002038377,0,-1,300,6.525097859767675,9.069155114076294,0.5310065103252357,0.003115264797507788
963,1660.5248351269752,0,-1,300,4.405114169917017,7.750128115537967,0.7249237042439505,0.0031120331950207467
964,1485.8186893547727,0,-1,300,4.91488567342192,8.070716990061905,0.655952763115153,0.0031088082901554403
965,1680.8686863775297,0,-1,300,5.515211227853791,9.911164945145686,0.7417260368662082,0.003105590062111801
966,1010.2540665423392,0,-1,300,5.996239168099156,7.765593193627563,0.5123799913307598,0.0031023784901758012
967,313.7896816295378,0,-1,300,6.0718746033437725,5.69887924810614,0.28545254630719286,0.0030991735537190084
968,683.3850367195945,0,-1,300,7.6145918352528055,10.713059933016533,0.5194945932908309,0.0030959752321981426
969,2003.0140422050702,0,-1,300,6.047735303392797,11.855060200564314,0.8799471990275584,0.003092783505154639
970,1573.5099247596297,0,-1,300,5.928976581200122,10.082082015952288,0.7045006873538683,0.003089598352214212
971,992.9573653531786,0,-1,300,6.925933117768791,10.190820271081227,0.5538842177687895,0.0030864197530864196
972,1295.5291774765008,0,-1,300,6.269630445645168,10.445600897560732,0.6707241536463189,0.003083247687564234
973,977.46654154305,0,-1,300,6.52189246442305,9.217635572977219,0.5261485959294002,0.003080082135523614
974,768.8676325668622,0,-1,300,7.636526462575922,11.866627191816644,0.6005347165410898,0.003076923076923077
975,1098.1058301969476,0,-1,300,5.631970817272829,8.001193990409915,0.5550385410858873,0.0030737704918032786
976,557.1861426741817,0,-1,300,7.396465270962284,8.76640602641532,0.43695599983472516,0.0030706243602865915
977,1229.2345591315668,0,-1,300,6.001984737376433,9.3108506055316,0.6022124586551865,0.003067484662576687
978,1532.7838191364697,0,-1,300,6.208770525984306,11.103630312389347,0.7552834837998789,0.0030643513789581204
979,972.088889197505,0,-1,300,5.939048519164266,7.865576943354972,0.5002230376291913,0.003061224489795918
980,1765.9839509466503,0,-1,300,5.992834442015629,11.11512355364676,0.7807729045428886,0.0030581039755351682
981,1280.910878673119,0,-1,300,6.318511796548757,10.835580665473339,0.6826212435865672,0.003054989816700611
982,1589.8643679710208,0,-1,300,4.225177806124729,7.244062612749745,0.6941323202005276,0.003051881993896236
983,831.1242606111948,0,-1,300,5.990464521805323,7.409207810704848,0.46220430142581687,0.003048780487804878
984,1414.5983038371025,0,-1,300,5.504055332865926,8.68266504833652,0.6331880515990914,0.003045685279187817
985,1354.1046212961319,0,-1,300,6.187841441727114,10.183401082852006,0.646474145033265,0.0030425963488843813
986,1269.5820666002248,0,-1,300,6.080925828663751,9.512999265163417,0.625362099933422,0.00303951367781155
987,2106.533489077442,0,-1,300,5.852380367817359,11.573459020346526,0.9216151398742314,0.003036437246963563
988,1063.0608635712708,0,-1,300,6.600030482896748,10.333238380512269,0.6079041146009623,0.003033367037411527
989,1826.8238655059174,0,-1,300,5.6520407961498105,10.699693040221776,0.8035669165985886,0.0030303030303030303
990,1078.8274637488782,0,-1,300,6.7416306128357055,10.431165553999971,0.6045465123139122,0.0030272452068617556
991,996.9589967396059,0,-1,300,6.42515363463053,9.761837494881233,0.5787959161048162,0.0030241935483870967
992,403.5928158644698,0,-1,300,7.070372641003259,6.365184785550208,0.31932100712067885,0.0030211480362537764
993,637.7416686225431,0,-1,300,8.340320016285201,13.867823617489485,0.6492573201113017,0.0030181086519114686
994,1077.1158176288168,0,-1,300,5.995772153975341,8.363747797606873,0.5409404317017907,0.003015075376884422
995,799.0227523251356,0,-1,300,7.257828666097285,10.947410419025847,0.5726683001165103,0.0030120481927710845
996,1418.0403301276453,0,-1,300,6.141886414426993,10.60140380706649,0.673525645836244,0.003009027081243731
997,1477.931748468199,0,-1,300,4.517101516883597,7.256693756985909,0.6496831565717099,0.003006012024048096
998,2141.0979592436915,0,-1,300,6.1520607310629645,12.240601240835732,0.9382646051678447,0.003003003003003003
999,784.7719121688297,0,-1,300,6.504318668716646,7.901321219452698,0.446622810540037,0.003
1000,1875.914580535038,0,-1,300,5.930164993607832,11.421092117919423,0.8261073126749918,0.002997002997002997
1001,1712.4514751965573,0,-1,300,5.3260813342674,9.682695791625548,0.7534670580055705,0.0029940119760479044
1002,1741.9533638404966,0,-1,300,5.51619155669743,10.289524162457234,0.7671853382754379,0.0029910269192422734
1003,1245.0246684256074,0,-1,300,6.737920584629704,10.89906729488829,0.6313657997757256,0.00298804780876494
1004,2133.962733921857,0,-1,300,5.889253569069,11.68487965597402,0.9333205409021236,0.0029850746268656717
1005,1247.0588545488117,0,-1,300,6.115760570331477,9.6336767955822,0.62075036389185,0.002982107355864811
1006,1519.933175707214,0,-1,300,5.271332691852595,8.873675357433456,0.6841464633646074,0.0029791459781529296
1007,-134.16205031939577,0,-1,300,7.453447239966434,11.03252136564451,0.5420248679657723,0.002976190476190476
1008,1215.014767311002,0,-1,300,6.688449551544879,11.057429648625295,0.6549153039379683,0.002973240832507433
1009,2000.550865851443,0,-1,300,4.168256752627308,8.129484816463679,0.8648247864161405,0.0029702970297029703
1010,1851.7906481019363,0,-1,300,6.141263652673907,11.638151800859893,0.8176389141041954,0.002967359050445104
1011,1511.661270415627,0,-1,300,4.590861588174979,7.622669951621893,0.6642903245844899,0.0029644268774703555
1012,1127.6607751943736,0,-1,300,5.520436562270614,7.385119668493888,0.5277151919819575,0.0029615004935834156
1013,1621.8471608363448,0,-1,300,3.9006338096954716,6.660527594092222,0.7050244039211931,0.0029585798816568047
1014,1209.1966031122356,0,-1,300,4.90510516405907,6.606262859065578,0.5472564761542755,0.002955665024630542
1015,1550.2141323246817,0,-1,300,5.421459091499739,9.125740171778684,0.6865834983215329,0.002952755905511811
1016,646.6454263055178,0,-1,300,6.670747395949362,7.03371905271782,0.38314263000283155,0.0029498525073746312
1017,817.1124968053302,0,-1,300,7.267501210339501,10.76038207773285,0.560172621686315,0.0029469548133595285
1018,1994.8759594514754,0,-1,300,4.540213075903248,8.708804674830525,0.8652499145073886,0.002944062806673209
1019,2058.912908585808,0,-1,300,5.8960204286371365,11.606981231640365,0.9021005317921975,0.0029411764705882353
1020,1728.448210837429,0,-1,300,5.802365665011833,10.487095611609588,0.7675038713960816,0.002938295788442703
1021,363.8093577865622,0,-1,300,6.594768235909269,5.473481143465142,0.2829250196086296,0.0029354207436399216
1022,1033.4183974823202,0,-1,300,6.152260778113974,8.319910637593265,0.5149985745868235,0.002932551319648094
1023,513.5985845482352,0,-1,300,7.230758048966648,8.084228815893548,0.402369483300133,0.0029296875
1024,1007.8576713989702,0,-1,300,6.058755599029135,8.482335424593192,0.5254834937386357,0.002926829268292683
1025,1658.3138055848676,0,-1,300,6.0720298226773295,10.863101506578145,0.7529040622781717,0.0029239766081871343
1026,978.731000859223,0,-1,300,6.844119430078285,10.386186376004384,0.5873821805489328,0.0029211295034079843
1027,1836.3626905735814,0,-1,300,6.329750386856185,12.033467202016157,0.819660138786435,0.0029182879377431907
1028,1262.3968841453443,0,-1,300,7.07373651572964,12.53740118594277,0.7226730704650245,0.0029154518950437317
1029,979.92095787981,0,-1,300,6.845216918030055,11.11144160022016,0.6176832869058025,0.002912621359223301
1030,1007.8941060232049,0,-1,300,6.835198965789376,10.195299384557893,0.5782433559780199,0.002909796314258002
1031,1467.5117780053668,0,-1,300,5.267034914259772,8.641131901007336,0.6509660026925181,0.0029069767441860465
1032,2082.3999513578638,0,-1,300,4.924801617488021,9.69749486795562,0.9046026585302712,0.002904162633107454
1033,825.2382625538532,0,-1,300,6.9618561846364555,9.4277487531442,0.500950223209298,0.0029013539651837525
1034,1350.5533689720398,0,-1,300,5.949702863382748,9.480564902465282,0.6477761758628602,0.002898550724637681
1035,1254.302464696074,0,-1,300,6.2046174691496265,9.67297902625788,0.6173207016776495,0.0028957528957528956
1036,1068.8590711175175,0,-1,300,6.41842043664411,9.649659196670196,0.5751381190988507,0.0028929604628736743
1037,1524.599681123702,0,-1,300,5.7272524944832535,9.872930192337478,0.694998076026527,0.002890173410404624
1038,1051.4492317854229,0,-1,300,7.159044425141199,11.32364099865934,0.6066371375083437,0.0028873917228103944
1039,1044.3679881264954,0,-1,300,5.561407544301142,7.683109724523201,0.5250347179761087,0.0028846153846153848
1040,506.0338822963884,0,-1,300,7.549843776184416,8.57907941054835,0.41219318769133245,0.002881844380403458
1041,2090.2452635059526,0,-1,300,4.509058017657986,8.903179432434273,0.9047534615932489,0.0028790786948176585
1042,1419.2936864212973,0,-1,300,6.3691363471911195,10.875691278633486,0.6888228602269932,0.0028763183125599234
1043,1971.4652137022927,0,-1,300,6.0705526928039815,11.85830970449437,0.866972984238652,0.0028735632183908046
1044,1187.605961914584,0,-1,300,5.659382930961843,8.01929273979586,0.5426456186130142,0.0028708133971291866
1045,1079.1721896565882,0,-1,300,7.169344615610941,11.628243414407958,0.6314602726075835,0.0028680688336520078
1046,1521.458746629418,0,-1,300,4.853903602922747,7.884955406106823,0.6703454214508447,0.0028653295128939827
1047,1060.1173446322516,0,-1,300,5.6665338614597776,8.03885150626097,0.5417760128063398,0.0028625954198473282
1048,1620.6067103983323,0,-1,300,5.882083000273368,10.39750028285666,0.7193684185013547,0.002859866539561487
1049,1164.2261052573938,0,-1,300,6.067046286083149,8.970534541904101,0.5757252910797779,0.002857142857142857
1050,1778.3574537285015,0,-1,300,5.656067917976916,10.513752853928763,0.7834027817717022,0.0028544243577545195
1051,1279.5257182053408,0,-1,300,5.976459476314989,9.50262840213013,0.6176702581342647,0.0028517110266159697
1052,530.103559504356,0,-1,300,7.652104853030216,9.421922456175436,0.4440780497015849,0.002849002849002849
1053,1890.7164369798818,0,-1,300,5.314493248425626,10.148800207515526,0.8276572147714765,0.0028462998102466793
1054,612.0031764523007,0,-1,300,7.177546726629662,8.819804718527633,0.4495577248717642,0.002843601895734597
1055,882.4661723713969,0,-1,300,6.676296226454197,9.190919926898163,0.5180423115450812,0.002840909090909091
1056,939.8876183047025,0,-1,300,6.556337353233757,9.385037196428398,0.5416293387022435,0.002838221381267739
1057,1220.1952612645491,0,-1,300,5.531841790074111,7.805003623666281,0.5499035056191187,0.002835538752362949
1058,544.9031498593113,0,-1,300,7.772847360604281,9.117007397932586,0.43613533200801613,0.0028328611898017
1059,1437.2336703089586,0,-1,300,5.6659589283012535,9.132184449074538,0.6413420545909917,0.002830188679245283
1060,1632.6217057757938,0,-1,300,5.749477110636012,10.000014096997042,0.7233801224030177,0.002827521206409048
1061,522.0424545132138,0,-1,300,7.254042620519605,8.328232189990441,0.417221453948227,0.002824858757062147
1062,1512.8499669852724,0,-1,300,5.320696449033833,8.8012260192342,0.6702593762782842,0.0028222013170272815
1063,2153.0293894683928,0,-1,300,3.066368541002181,6.08230685298668,0.920093343002679,0.002819548872180451
1064,1777.513432215415,0,-1,300,6.129378997366294,11.553183132592409,0.7866009392366705,0.0028169014084507044
1065,874.6731583036684,0,-1,300,5.970224151976661,7.097669202728957,0.43438151344930165,0.0028142589118198874
1066,1455.760484944229,0,-1,300,6.187707670433364,10.253993525932577,0.6529746762550118,0.0028116213683223993
1067,1265.714889647549,0,-1,300,5.193575780343877,7.518249920864639,0.5713622883613525,0.0028089887640449437
1068,935.9024871086349,0,-1,300,5.95245478495758,7.614201703442977,0.4914474512535142,0.002806361085126286
1069,986.951700689177,0,-1,300,5.713029333824125,7.184914641726166,0.4882627129425513,0.002803738317757009
1070,1535.1870819896315,0,-1,300,5.84079822436574,9.85507637145599,0.6971068353886145,0.0028011204481792717
1071,1955.0022909924544,0,-1,300,4.8224914397983385,9.309887973464175,0.85075297371201,0.002798507462686567
1072,2030.449672646145,0,-1,300,5.085326435026363,9.981294066999265,0.8841606451985913,0.0027958993476234857
1073,1733.9105932238583,0,-1,300,5.269534587717417,9.769357438336131,0.7619842565844884,0.002793296089385475
1074,1004.343238229368,0,-1,300,5.616396580359474,6.878509190404867,0.4771388480715458,0.0027906976744186047
1075,1795.754447270288,0,-1,300,3.685086234933604,6.91583584244843,0.7758691664579562,0.0027881040892193307
1076,1092.0194068575915,0,-1,300,5.180848027970605,6.698912201512079,0.49984373550347944,0.002785515320334262
1077,892.2624093233608,0,-1,300,6.877109030302874,9.717780485643997,0.5327662311692103,0.0027829313543599257
1078,1273.4428170787357,0,-1,300,5.584757430275089,8.485240511558299,0.5996000685896757,0.0027803521779425394
1079,1245.0108085384957,0,-1,300,5.889794037603087,8.659132593173121,0.5675584883084244,0.002777777777777778
1080,86.09622775622987,0,-1,300,6.109436860289415,3.745737669825866,0.10473356924120132,0.0027752081406105457
1081,1556.6110176748714,0,-1,300,6.501107940669544,11.379596096097348,0.6973462335862183,0.0027726432532347504
1082,1722.296187273792,0,-1,300,4.790587730973882,8.50012917231627,0.7535528193463841,0.002770083102493075
1083,762.1061156878272,0,-1,300,7.084842392729722,9.59918135183704,0.49576967514672815,0.0027675276752767526
1084,1939.455480602315,0,-1,300,5.766856006602653,11.021013787171732,0.8513578703004839,0.0027649769585253456
1085,1385.9640840240668,0,-1,300,5.018546215528472,7.734920729345904,0.6151241316264915,0.0027624309392265192
1086,660.8160001119226,0,-1,300,7.437357087247586,9.366184212271996,0.470482820924542,0.0027598896044158236
1087,2170.320566592531,0,-1,300,5.190720286824842,10.337628095484432,0.9432306382314073,0.0027573529411764708
1088,784.4512116852243,0,-1,300,5.881248083443784,6.393094716188341,0.41754420155495436,0.0027548209366391185
1089,933.1868645659805,0,-1,300,7.408497823086637,11.83286100948494,0.6194779667619693,0.0027522935779816515
1090,1433.3011039528508,0,-1,300,4.911332585702122,7.767943665642412,0.6340437877064539,0.002749770852428964
1091,1303.3612816516775,0,-1,300,4.4881196868222295,6.516273697195247,0.5767280983393657,0.0027472527472527475
1092,1153.582322433224,0,-1,300,6.02966621854588,8.74101671124126,0.5570266113607294,0.0027447392497712718
1093,817.6092618483274,0,-1,300,5.698249640883761,5.997782532197726,0.43025061731345005,0.002742230347349177
1094,1244.40200230277,0,-1,300,3.626521143727916,4.849814295217226,0.5456997428707805,0.0027397260273972603
1095,1217.3300484248232,0,-1,300,6.528760102718887,11.01745847452189,0.6666998696902607,0.002737226277372263
1096,1646.625783011967,0,-1,300,3.649714999234453,6.239063086941277,0.7134669387492442,0.0027347310847766638
1097,1745.0696087095157,0,-1,300,4.863257378241041,9.017436996362076,0.763586767299106,0.00273224043715847
1098,1490.0872149170343,0,-1,300,4.973439199967604,8.067744613748546,0.6581704668818543,0.00272975432211101
1099,2036.8878937656896,0,-1,300,5.513453105988935,10.85394788294745,0.8900541873639537,0.0027272727272727275
1100,666.4292784419338,0,-1,300,5.620322783284757,5.5079643836184475,0.3682205518041048,0.0027247956403269754
1101,1017.2425475638564,0,-1,300,6.75714877613664,9.66908844344415,0.5556389461583732,0.0027223230490018148
1102,902.2539999919086,0,-1,300,5.976076192374052,7.380130189704391,0.4663561103920935,0.0027198549410698096
1103,1021.9974461333934,0,-1,300,6.321615602900935,8.398249352522713,0.5221129910938678,0.002717391304347826
1104,879.8153314378284,0,-1,300,7.31529540220223,10.773491292931944,0.5694272346122917,0.0027149321266968325
1105,968.1664603667272,0,-1,300,6.4177953177690625,9.001214337930252,0.5295656293536407,0.0027124773960217
1106,878.4803499945076,0,-1,300,6.31090587249564,7.996113496813257,0.4840295528927255,0.0027100271002710027
1107,1178.524479399038,0,-1,300,5.31987405423971,7.082349923957412,0.5383535287251232,0.002707581227436823
1108,324.62139428129956,0,-1,300,8.31562958117813,7.861411170989229,0.33314991982788267,0.002705139765554554
1109,2152.4759230245018,0,-1,300,5.022488847931962,9.964551764973496,0.9345336342863646,0.002702702702702703
1110,402.8073949194596,0,-1,300,7.387181308140288,7.2270500706004865,0.3515174038919842,0.0027002700270027003
1111,1544.1927570174366,0,-1,300,6.6754330635107655,12.010702629509241,0.7499669254288118,0.002697841726618705
1112,1091.1848946010232,0,-1,300,5.941901371323968,8.554496941397579,0.5635548496311613,0.0026954177897574125
1113,1188.8803398471325,0,-1,300,6.135503524220116,9.065664272564485,0.5600703161649448,0.0026929982046678637
1114,1237.8207324009356,0,-1,300,5.79833836631811,8.70231378899847,0.5592461762477764,0.0026905829596412557
1115,682.5544527793854,0,-1,300,6.55040013761718,7.5366901448103425,0.42430409688891646,0.002688172043010753
1116,1393.3213021048077,0,-1,300,5.632439657292726,8.943409333382023,0.6443318085320601,0.0026857654431512983
1117,1508.2706563527129,0,-1,300,6.276511258062864,10.716953718886277,0.6806082917792606,0.0026833631484794273
1118,1724.4365505375692,0,-1,300,5.740542538897327,10.437293772210145,0.7615692984323836,0.002680965147453083
1119,844.6723981896089,0,-1,300,5.875589108371713,6.971321394703359,0.4485681810448439,0.0026785714285714286
1120,829.3355538075681,0,-1,300,6.843187229265606,8.925274389043254,0.48273367303125475,0.0026761819803746653
1121,694.0499975271475,0,-1,300,7.17964091349832,8.939915332895902,0.47087258381618113,0.00267379679144385
1122,1424.2898625479058,0,-1,300,6.627413332150849,11.622646475683904,0.7085845598939007,0.0026714158504007124
1123,847.1974131061232,0,-1,300,6.0429919109218195,6.756415115194907,0.4353619972435892,0.0026690391459074734
1124,1747.7166010060473,0,-1,300,2.7780922936650017,4.8040022190581935,0.7490509426216729,0.0026666666666666666
1125,2029.809263236267,0,-1,300,5.542749176863014,10.902959521914012,0.8873244785082506,0.0026642984014209592
1126,535.7033747584844,0,-1,300,7.442836320336356,9.258250673716521,0.4461977930077478,0.0026619343389529724
1127,1300.803705416666,0,-1,300,5.614881269159352,8.304804122609923,0.5891095985686426,0.0026595744680851063
1128,1309.529118570706,0,-1,300,5.782043609539498,8.911837244658484,0.5931390998156902,0.002657218777679362
1129,627.9047739399984,0,-1,300,6.845768612377677,8.078878528242573,0.4351843966827685,0.002654867256637168
1130,1515.0444271784247,0,-1,300,5.578607717375612,9.439208872830731,0.6731080692046603,0.002652519893899204
1131,938.102559752852,0,-1,300,6.825275191056866,9.340274891006276,0.5384310022373408,0.00265017667844523
1132,784.4563542872218,0,-1,300,6.538701578945769,7.857340912049687,0.46484471020162826,0.00264783759929391
1133,1855.3656239625548,0,-1,300,6.0828283590414545,11.54415015660541,0.8186902226772084,0.0026455026455026454
1134,1078.8542022713652,0,-1,300,5.965054610948382,8.553034829456832,0.5593493183587536,0.0026431718061674008
1135,1172.6198032599457,0,-1,300,6.110230036071516,9.441573866535867,0.6026312478413596,0.002640845070422535
1136,944.3863214577199,0,-1,300,5.9256362410719525,7.47855319990723,0.48790837407036763,0.002638522427440633
1137,1919.7001083439134,0,-1,300,5.480879640169956,10.554504564242862,0.8409816424445723,0.0026362038664323375
1138,376.3588383157855,0,-1,300,6.8092182640780505,5.682834581816922,0.3076786990612698,0.0026338893766461808
1139,1849.7494181968252,0,-1,300,5.534169330544199,10.385660534789846,0.812235194227758,0.002631578947368421
1140,1305.8481056131104,0,-1,300,6.270430884904597,10.361985738020179,0.6647913328327603,0.0026292725679228747
1141,1132.2180474950978,0,-1,300,6.663526869390799,10.522278346574064,0.6210811926807884,0.002626970227670753
1142,1589.325520470795,0,-1,300,6.438408098584691,11.225720419645816,0.7105070276022166,0.0026246719160104987
1143,647.7248473743281,0,-1,300,5.331793402859017,4.934662745724912,0.35180376922291234,0.0026223776223776225
1144,1319.5111924173234,0,-1,300,5.9359014655183495,9.67199691215682,0.6357996607108122,0.0026200873362445414
1145,749.6132872766882,0,-1,300,6.4283478006472405,7.2135689454661955,0.4280936311819629,0.002617801047120419
1146,308.75230982921244,0,-1,300,7.210156646982716,7.504552369808116,0.3459815902601782,0.0026155187445510027
1147,1538.554132683198,0,-1,300,6.769147104022189,12.282170680131886,0.7721117782914149,0.002613240418118467
1148,1400.5708796876831,0,-1,300,4.036134365040459,6.090112059872361,0.6138422076076709,0.0026109660574412533
1149,1735.7074061912815,0,-1,300,5.513790823281064,9.984522222565111,0.7645648504209746,0.0026086956521739132
1150,1260.2970531186018,0,-1,300,5.441915639722478,8.128162895834286,0.5846026721701303,0.0026064291920069507
1151,1357.101501759138,0,-1,300,6.0660466842958005,9.630869463275836,0.6378388418933867,0.0026041666666666665
1152,1364.2398292548414,0,-1,300,6.890120223163207,11.727512271655199,0.6984033786812014,0.0026019080659150044
1153,1276.494118506896,0,-1,300,5.373022246172442,8.039021895401309,0.576128303834107,0.0025996533795493936
1154,742.0564072364887,0,-1,300,6.3656285504787204,7.334674323023366,0.4222961773897646,0.0025974025974025974
1155,1005.1316056893087,0,-1,300,6.000881157183925,8.041278625716643,0.5301396403240671,0.0025951557093425604
1156,1445.556979032059,0,-1,300,5.617716494507851,9.131887731418349,0.6444482816388332,0.0025929127052722557
1157,508.17521222425063,0,-1,300,5.849630339531415,4.698313887211282,0.3026114449799811,0.0025906735751295338
1158,1078.904534352232,0,-1,300,4.937948687883674,6.197799191301088,0.49372404312133855,0.0025884383088869713
1159,701.614327366091,0,-1,300,6.7326633261378905,7.675859274034014,0.43617353949546184,0.002586206896551724
1160,914.1085394120292,0,-1,300,6.737798433558282,9.710166439112518,0.5467475841369449,0.002583979328165375
1161,1613.8823149095135,0,-1,300,4.906408160006597,8.556465355385855,0.7092490257456796,0.0025817555938037868
1162,810.897309163523,0,-1,300,6.484749407602935,7.31342558352691,0.4235992314077814,0.0025795356835769563
1163,1090.1669187400435,0,-1,300,5.140668734585365,6.455576968160655,0.49279123165107513,0.002577319587628866
1164,1836.3647594386841,0,-1,300,5.1336848193516325,9.628099872632946,0.8036546192445887,0.002575107296137339
1165,898.9992161159637,0,-1,300,6.876721692870694,10.18741385882308,0.5533920079374858,0.002572898799313894
1166,1286.0422269932646,0,-1,300,6.158259187998794,9.663403839902196,0.6243973263663768,0.002570694087403599
1167,881.3001625565953,0,-1,300,7.03853543225712,9.895105458657707,0.5376140920626099,0.0025684931506849314
1168,1961.9351138739798,0,-1,300,4.174447428708428,8.093971065461416,0.8487813198294715,0.0025662959794696323
1169,1329.2252881569807,0,-1,300,5.083726716761303,7.529997357671959,0.5919718204411185,0.002564102564102564
1170,1698.66748079524,0,-1,300,5.986461366217217,10.87000966550811,0.7526765772446453,0.0025619128949615714
1171,1203.1785578323856,0,-1,300,5.193453256831819,7.349775855132337,0.5402752985230662,0.002559726962457338
1172,1179.8886887196236,0,-1,300,5.295176860130891,7.3247097289194,0.5499081721017293,0.0025575447570332483
1173,1249.8397594240432,0,-1,300,5.8774250974793,8.715317842054116,0.5839437417190428,0.002555366269165247
1174,1057.155169773046,0,-1,300,6.273514887541143,8.405495867079827,0.5206267053027853,0.002553191489361702
1175,2190.2139950907404,0,-1,300,4.945348353025086,9.847517356318601,0.9496792772688311,0.002551020408163265
1176,-59.543099484096516,0,-1,300,8.636919549523354,7.241353168319891,0.23029648237078917,0.002548853016142736
1177,1285.26667185336,0,-1,300,4.505742140584989,6.041396566755259,0.5745059459586934,0.0025466893039049238
1178,1014.771206467851,0,-1,300,6.905418597177128,10.465397640876825,0.5729963038784628,0.002544529262086514
1179,1790.1818822357,0,-1,300,4.820289962040975,8.721824784899836,0.7820612923135154,0.002542372881355932
1180,1768.443240525222,0,-1,300,4.704257336188255,8.631205135242546,0.7721332802402546,0.002540220152413209
1181,566.3581672110939,0,-1,300,7.547895635588649,8.626715826335362,0.418390670454119,0.0025380710659898475
1182,1446.3478921474384,0,-1,300,4.90032665164274,8.164887963126928,0.6393974049487532,0.00253592561284869
1183,216.52876335139206,0,-1,300,8.32437297344611,6.621598739977076,0.2802905813172607,0.002533783783783784
1184,757.9796954608946,0,-1,300,6.3121734029526895,7.532221183266462,0.4465375052177363,0.002531645569620253
1185,950.7864576255969,0,-1,300,6.053889387205564,7.7450077545355756,0.4863021956393561,0.002529510961214165
1186,855.0803854731006,0,-1,300,5.816561616923405,6.826408421029064,0.4405398948619607,0.002527379949452401
1187,820.4585401280215,0,-1,300,6.0897744432554815,6.959640524243998,0.43407738150771846,0.0025252525252525255
1188,706.9379075685035,0,-1,300,5.9926829751684005,5.848176206444495,0.3805474884432217,0.002523128679562658
1189,1844.1927573386356,0,-1,300,4.9894458856008415,9.148002792017234,0.8058344930331043,0.0025210084033613447
1190,1276.31799910445,0,-1,300,5.210090764449407,7.394729535595417,0.5929193169707487,0.0025188916876574307
1191,118.77020335208442,0,-1,300,7.783378621230887,8.697527855983319,0.3796621934886333,0.0025167785234899327
1192,1755.8289816467093,0,-1,300,5.042017518506514,9.051355833377924,0.7694105404082607,0.002514668901927913
1193,809.7798225698875,0,-1,300,5.828917792140591,6.471877710343012,0.4298306846889048,0.002512562814070352
1194,1025.3883106734083,0,-1,300,7.113193688612605,11.353458877101396,0.6321280123565919,0.002510460251046025
1195,1745.5409333406621,0,-1,300,5.681034208307326,10.373750097921027,0.769916478787582,0.002508361204013378
1196,851.673132007813,0,-1,300,6.93205766069315,9.699247644293468,0.5321180485653114,0.002506265664160401
1197,1780.3589361575248,0,-1,300,4.168274795179181,7.810886081410835,0.7730782843628128,0.0025041736227045075
1198,1648.8297836213533,0,-1,300,6.390861527774512,11.729007151341117,0.7753231044246871,0.0025020850708924102
1199,1332.8129053321363,0,-1,300,5.8061181876194405,9.270386839058425,0.6468894532018048,0.0025
1200,1137.9411549742097,0,-1,300,4.564776178207532,5.919104323990243,0.5083779692424772,0.002497918401332223
1201,1150.5217853213203,0,-1,300,4.320515725122714,5.211705993251402,0.5117879451556371,0.0024958402662229617
1202,856.3917245528512,0,-1,300,7.254822856513037,11.359861149896487,0.6057694246111939,0.0024937655860349127
1203,1153.7572291428257,0,-1,300,5.89589859934051,8.159472557245087,0.5455945777775235,0.0024916943521594683
1204,907.0610274637654,0,-1,300,6.9963837092740215,10.693787180965769,0.5914982146794687,0.0024896265560165973
1205,1181.2283976761219,0,-1,300,5.081855605605655,7.103408236856,0.5302924160737609,0.0024875621890547263
1206,1153.3182986460995,0,-1,300,4.557298847834625,5.509001952244622,0.5147290324613006,0.0024855012427506215
1207,1123.0600141163468,0,-1,300,6.612131559295517,10.43650612285352,0.6264747871409665,0.0024834437086092716
1208,995.6817661890103,0,-1,300,6.589737395446629,9.14756467980952,0.5361432583556804,0.0024813895781637717
1209,1773.5211842758026,0,-1,300,5.308939941952774,9.783615980151962,0.778784209679563,0.0024793388429752068
1210,1599.461535604391,0,-1,300,5.342888411842981,9.10195657067099,0.7065139695906524,0.002477291494632535
1211,469.3158586319118,0,-1,300,7.960206599704102,10.148149123606307,0.4781515115149303,0.0024752475247524753
1212,1204.1054206763667,0,-1,300,6.352887279478143,9.938851303353529,0.6069676980117609,0.00247320692497939
1213,754.981574212974,0,-1,300,6.40692078441969,7.6468566246125045,0.4488902300574018,0.002471169686985173
1214,462.36002981005095,0,-1,300,8.045073223271592,9.247418935368268,0.414609968606388,0.0024691358024691358
1215,718.510907875295,0,-1,300,5.892745414756408,6.086399649755012,0.39992077086555733,0.0024671052631578946
1216,1356.9571141560634,0,-1,300,5.618069824323744,8.643788461318554,0.6225363081809467,0.0024650780608052587
1217,1142.2233574053873,0,-1,300,7.244437926452807,12.69378854829104,0.7115209433560354,0.0024630541871921183
1218,530.9885329516281,0,-1,300,6.465569444780561,6.269672438869486,0.3579980294727053,0.002461033634126333
1219,1656.2131385781286,0,-1,300,6.43422027068113,11.507461290645468,0.7383454597709946,0.002459016393442623
1220,546.519800624714,0,-1,300,6.5725902051334435,7.247828267840245,0.38786505915105174,0.002457002457002457
1221,236.72898654983302,0,-1,300,8.062467291539347,8.320011618525388,0.3641095512089546,0.0024549918166939444
1222,1220.2728252930362,0,-1,300,5.91769037021409,9.019745520027795,0.6051907137488506,0.0024529844644317253
1223,988.2905406254375,0,-1,300,4.79564434632216,5.1954782912030755,0.4567724238195715,0.0024509803921568627
1224,1007.3313896261974,0,-1,300,5.39107366182897,6.538245429771985,0.4719400759749856,0.0024489795918367346
1225,819.1891382632382,0,-1,300,6.944180989571097,9.524757152742467,0.5091904647053269,0.0024469820554649264
1226,2081.5358015289066,0,-1,300,5.291007990240419,10.450654521826978,0.9069891438971804,0.0024449877750611247
1227,1576.5673465279115,0,-1,300,5.066622735887219,8.439898061722152,0.6949027315724503,0.0024429967426710096
1228,1483.847048199052,0,-1,300,5.49626078109413,8.958209560689614,0.6594915592744773,0.0024410089503661514
1229,1785.8297116696117,0,-1,300,5.480985811388297,10.266316451785853,0.7852031067810837,0.0024390243902439024
1230,1876.7901571908453,0,-1,300,6.02395149544987,11.359280318632756,0.8271755350453925,0.002437043054427295
1231,1650.9489572201894,0,-1,300,5.369339103372171,9.436162461457906,0.7281654421170379,0.002435064935064935
1232,1544.59747759088,0,-1,300,4.614398767524208,7.376446247251912,0.6781902730859656,0.0024330900243309003
1233,526.5604546044113,0,-1,300,7.345718076394315,8.04238211583714,0.3987135443022911,0.0024311183144246355
1234,1470.3624024697426,0,-1,300,4.775625069313413,7.871086017071093,0.6484681890489098,0.0024291497975708503
1235,1091.9206382968844,0,-1,300,6.516835877090655,9.73663904220277,0.5815420032940838,0.0024271844660194173
1236,405.14605046238705,0,-1,300,7.744797346906733,8.081995895975663,0.3744389452036251,0.002425222312045271
1237,1250.1154572020093,0,-1,300,5.326853809808941,7.727137373496866,0.5932286619529267,0.0024232633279483036
1238,1860.6401934672538,0,-1,300,4.534445543296127,8.39300241867526,0.8092750888527444,0.002421307506053269
1239,1822.0370248271604,0,-1,300,5.000116608705401,9.220890541310549,0.7966829682432734,0.0024193548387096775
1240,994.8092974454443,0,-1,300,7.442916649390076,12.03779742473115,0.643756837920301,0.0024174053182917004
1241,1030.0120735447304,0,-1,300,6.42268843715441,9.37755119836467,0.5651672418623075,0.0024154589371980675
1242,1859.9511719678808,0,-1,300,4.75693099786674,8.827423599299955,0.8106566374706176,0.002413515687851971
1243,964.4684689373959,0,-1,300,6.151308196305099,7.854817371695716,0.48539978098407005,0.002411575562700965
1244,1428.3904267178943,0,-1,300,4.66813641730564,7.212438396574612,0.630173700928915,0.0024096385542168677
1245,1216.1775258496725,0,-1,300,5.5821754911214185,7.749468474660796,0.548606951954107,0.002407704654895666
1246,1848.557704347974,0,-1,300,4.938004609549438,9.362913816180093,0.8072674113832763,0.0024057738572574178
1247,1054.7729911110532,0,-1,300,6.349042663315102,9.155258486971023,0.5555320380735487,0.002403846153846154
1248,1052.5036141188218,0,-1,300,6.0684936277179204,8.231005120246884,0.5212663273542529,0.0024019215372297837
1249,1620.0363217085787,0,-1,300,5.2503586567479115,9.036118228227785,0.7143928239708502,0.0024
1250,1098.3206713641591,0,-1,300,5.0794202405942395,6.414962826417878,0.5036429486994906,0.002398081534772182
1251,525.0943948593202,0,-1,300,7.236045285081665,8.499880809904761,0.4239085411814105,0.0023961661341853034
1252,1447.7286522231802,0,-1,300,4.809143353090933,7.727469696419888,0.6392888469078403,0.0023942537909018356
1253,1590.1838289513234,0,-1,300,5.06242399875313,8.448565211012264,0.7005447753870333,0.0023923444976076554
1254,1822.5473395998338,0,-1,300,4.787517242284551,8.766374928429421,0.7953011041503985,0.002390438247011952
1255,1235.1781022602995,0,-1,300,6.021005814204366,9.353867273690126,0.6409794926879459,0.0023885350318471337
1256,1828.8630015711892,0,-1,300,4.8445002468304565,8.898379052185406,0.7983600025058906,0.002386634844868735
1257,1236.7296841523635,0,-1,300,4.861163684991435,6.75749201183441,0.5517627627009201,0.0023847376788553257
1258,883.341149136168,0,-1,300,6.6165843917742615,9.132829140917233,0.5289629932281127,0.0023828435266084196
1259,580.3696975069508,0,-1,300,7.1934410885885836,8.451327281786453,0.43905401099797076,0.002380952380952381
1260,1149.2980531030191,0,-1,300,5.925535161266557,8.77929476927548,0.5923033192722935,0.0023790642347343376
1261,971.6624763231633,0,-1,300,6.891520006417375,9.965520764241221,0.5566943693873505,0.002377179080824089
1262,1722.5162680463563,0,-1,300,4.382952130482038,7.657421350201082,0.7505872526645961,0.0023752969121140144
1263,293.40319116641996,0,-1,300,8.987044650929144,11.411553792505835,0.45917984378159155,0.0023734177215189874
1264,231.64189627167053,0,-1,300,6.679842006014652,6.151654947729695,0.2503889468028076,0.0023715415019762848
1265,693.1241563012009,0,-1,300,6.357995189516237,6.75523041995894,0.38870383816525866,0.002369668246445498
1266,778.1490755682282,0,-1,300,7.01872108352591,9.285856958681713,0.4994189860882934,0.0023677979479084454
1267,2032.8199973164037,0,-1,300,3.9035814530315336,7.594823955505194,0.8762851931129048,0.002365930599369085
1268,1068.9502067282815,0,-1,300,6.245355990694538,8.971230580279347,0.5544132075262193,0.002364066193853428
1269,1526.131363954563,0,-1,300,5.924543743344409,10.235192353758169,0.6803221463894834,0.002362204724409449
1270,1302.7408659579496,0,-1,300,6.0558443641600235,9.543836423892813,0.6287203085488333,0.0023603461841070024
1271,1576.8773186078622,0,-1,300,6.134819462813181,10.921779735099097,0.7479799574524849,0.0023584905660377358
1272,639.9128058347401,0,-1,300,6.756694288041456,7.22079863308523,0.4086143917478943,0.002356637863315004
1273,841.9582694996742,0,-1,300,6.8549489903222955,12.477285166416504,0.7603258352907155,0.002354788069073783
1274,939.1642025201141,0,-1,300,6.986192814688761,10.227587666484855,0.5536978137446523,0.002352941176470588
1275,746.3911858306014,0,-1,300,7.2377935938965035,10.198830650346697,0.5258061975846336,0.0023510971786833857
1276,937.8560570159909,0,-1,300,6.606917337596653,8.77747590282935,0.49486281457166476,0.0023492560689115116
1277,948.0833040092294,0,-1,300,6.14703211616113,8.033689281036043,0.5043426892246127,0.002347417840375587
1278,2094.304223516905,0,-1,300,4.897236897387877,9.62946220353404,0.9093560365291196,0.0023455824863174357
1279,412.24393351835323,0,-1,300,6.7483836127733055,7.4222925635183765,0.3742092383931902,0.00234375
1280,1975.8194770286582,0,-1,300,4.866292292060965,9.393773684726415,0.8597553076190648,0.00234192037470726
1281,1638.4408098474996,0,-1,300,4.340416655704319,7.566784302276731,0.7152367956875735,0.00234009360374415
1282,1055.7308586001768,0,-1,300,6.48783949580468,9.603718841587217,0.5689867527759499,0.002338269680436477
1283,673.5020808145114,0,-1,300,7.403455018751425,9.36868976989917,0.47770519320630284,0.002336448598130841
1284,687.6615610056158,0,-1,300,7.021373306388038,8.208746090273912,0.4414368335140717,0.0023346303501945525
1285,576.7189655625418,0,-1,300,6.049736575629756,5.1176653283990525,0.3221044293854719,0.0023328149300155523
1286,778.0179699211667,0,-1,300,7.149701290196504,9.708227231229555,0.5083227879913488,0.002331002331002331
1287,2136.0973084394263,0,-1,300,4.5748821900185055,9.045558192634505,0.9243521616082334,0.002329192546583851
1288,933.5705981130208,0,-1,300,7.258481547671969,10.967264060323805,0.5700954974052918,0.0023273855702094647
1289,919.9477863169288,0,-1,300,5.195056829834701,5.708433342472701,0.4245338249676978,0.002325581395348837
1290,650.0110030817862,0,-1,300,7.255419288732684,8.317160877902568,0.43008694679123505,0.0023237800154918666
1291,1712.8737113346535,0,-1,300,5.9107311812685746,10.700672376977858,0.7580278635822872,0.0023219814241486067
1292,1879.2354800225796,0,-1,300,4.472206041799628,8.400944556112021,0.8165563286562382,0.002320185614849188
1293,828.9177889400074,0,-1,300,5.654963765126613,6.2670672505981235,0.4221099509969466,0.00231839258114374
1294,1935.1007679428385,0,-1,300,4.2581027114161145,8.123955371979843,0.8382277569784711,0.0023166023166023165
1295,1068.6367737340795,0,-1,300,5.057148936091764,6.055865850337344,0.49950742117443914,0.0023148148148148147
1296,499.68777475147436,0,-1,300,7.782897444543341,8.913375365987477,0.42234418346973457,0.002313030069390902
1297,1437.448969225104,0,-1,300,4.6662038602907705,7.1649171174258575,0.6339335994626409,0.0023112480739599386
1298,1134.1169582424363,0,-1,300,6.382700188510195,9.719339640188984,0.5940309772931367,0.0023094688221709007
1299,854.2697379894844,0,-1,300,5.8263265820108625,6.845284474501624,0.44633746175425226,0.002307692307692308
1300,949.3136363961912,0,-1,300,7.306133481421968,11.122622599535497,0.5941081638400723,0.0023059185242121443
1301,936.9581066317741,0,-1,300,7.137565657443373,10.26949265200257,0.555831235309876,0.002304147465437788
1302,1814.4637242991066,0,-1,300,4.692298513081381,8.83649257112591,0.7912187906394051,0.0023023791250959325
1303,278.0339392625774,0,-1,300,7.941246848885883,7.33915814261325,0.3312095213221054,0.0023006134969325155
1304,1658.6759779380561,0,-1,300,5.281134834511738,9.297504996344694,0.7307235020663613,0.0022988505747126436
1305,924.4502500908418,0,-1,300,5.915963445349582,7.408453817761401,0.4687570587713599,0.002297090352220521
1306,1917.9385410434716,0,-1,300,5.434395774380748,10.309336670677022,0.839899027075969,0.0022953328232593728
1307,1038.836009777546,0,-1,300,6.020126974160964,8.173453784020648,0.5181149789990958,0.0022935779816513763
1308,830.2166253109854,0,-1,300,5.466249361039736,5.86912323164744,0.41425331672806176,0.002291825821237586
1309,616.3600152897335,0,-1,300,7.575988768892049,9.578837229031928,0.4600824175299316,0.0022900763358778627
1310,395.09683402269695,0,-1,300,8.021237042604753,7.9663419327028215,0.3529429296755495,0.002288329519450801
1311,544.1420347678148,0,-1,300,6.874427893049175,7.692815154922208,0.4133300176515226,0.0022865853658536584
1312,1048.6184644810278,0,-1,300,5.774211458872227,7.729976627952356,0.5031095146570809,0.002284843869002285
1313,654.3848504134183,0,-1,300,7.582852946426603,8.891349278298785,0.4432718617958944,0.00228310502283105
1314,1655.495862943711,0,-1,300,5.39676447330187,9.33031305033037,0.7302656764429769,0.0022813688212927757
1315,1296.3210582003653,0,-1,300,6.553785642265462,10.74191293447115,0.6492915640577365,0.0022796352583586625
1316,842.5931021164599,0,-1,300,6.148737834818431,7.667371519520749,0.4656451950149838,0.002277904328018223
1317,2003.2284589761853,0,-1,300,3.1528348675771056,6.033944567769748,0.8583247860802384,0.002276176024279211
1318,1629.705621015429,0,-1,300,5.66339974801244,9.989985597990415,0.7215195068665224,0.002274450341167551
1319,1164.5241406970495,0,-1,300,6.5200981240398495,10.141819640328553,0.6080012894204928,0.0022727272727272726
1320,1701.8637690687312,0,-1,300,5.158532026810832,9.17967843066899,0.74779889397972,0.002271006813020439
1321,1428.2711844104517,0,-1,300,4.05641734730085,6.1131696464519525,0.625536123609111,0.0022692889561270802
1322,1769.088364319768,0,-1,300,5.407965851540764,9.845105228552493,0.7776798956864592,0.0022675736961451248
1323,1647.6088678192475,0,-1,300,5.258324972874869,8.959753144550042,0.7259411322212475,0.0022658610271903325
1324,2047.4786210478076,0,-1,300,4.512243476410589,8.879673575514328,0.8869579181763327,0.0022641509433962265
1325,1666.5665009677507,0,-1,300,4.144891539943816,7.019524066330113,0.7254893952861412,0.0022624434389140274
1326,938.0104023016761,0,-1,300,5.43464916941996,6.752836312956326,0.48564371248387506,0.002260738507912585
1327,1518.8705432032216,0,-1,300,4.618021503081814,7.642169497703944,0.667497887607788,0.002259036144578313
1328,1243.0842657937364,0,-1,300,4.70064467862318,6.515471061921033,0.5532066125037313,0.002257336343115124
1329,1008.667429141741,0,-1,300,6.097902830523638,7.8906462986214,0.5019928329494666,0.002255639097744361
1330,1708.4276589177066,0,-1,300,4.627523270590556,8.187023913696786,0.7465512824118072,0.002253944402704733
1331,1404.0972218253878,0,-1,300,5.230748022394901,8.198320075136651,0.6242711192618736,0.0022522522522522522
1332,1356.2294032529676,0,-1,300,4.819791513194972,7.486388398539943,0.6012440210376987,0.002250562640660165
1333,1692.1832360291428,0,-1,300,5.156803050452035,9.231336805376646,0.7437523712238656,0.0022488755622188904
1334,660.2018035340338,0,-1,300,7.102714453181362,8.98609082455954,0.4734994365797451,0.0022471910112359553
1335,517.8054473193718,0,-1,300,6.7378177344926575,6.660306416680889,0.34134247702387266,0.002245508982035928
1336,928.7918994750262,0,-1,300,6.051664812076904,8.08637958798725,0.49669268574001,0.002243829468960359
1337,733.5866244923736,0,-1,300,5.780030946685168,5.948998991984775,0.3952914501406725,0.002242152466367713
1338,2058.8020057391127,0,-1,300,3.38225215497943,6.53091613903559,0.8832010602203093,0.0022404779686333084
1339,1103.5870077335542,0,-1,300,5.7066882252761255,7.709053113524177,0.5604398018719579,0.002238805970149254
1340,675.6782398448431,0,-1,300,7.459874813687878,9.429808943151293,0.47309514364650357,0.0022371364653243847
1341,1834.8939494822332,0,-1,300,5.320077377941803,10.030404932644561,0.8044397259521608,0.0022354694485842027
1342,581.2984957398074,0,-1,300,7.496121512181413,9.496826978513875,0.47272974288644215,0.0022338049143708115
1343,859.8182123113934,0,-1,300,7.099948177166461,9.52315911722643,0.5282191460389523,0.002232142857142857
1344,775.7989221955228,0,-1,300,6.602799445011871,8.342818813380886,0.48289768198044336,0.0022304832713754648
1345,925.1236106059653,0,-1,300,5.113326648778872,5.263869532291671,0.432026620673827,0.002228826151560178
1346,757.4650611096725,0,-1,300,6.622094260296086,8.047915014848545,0.44514151652594713,0.0022271714922048997
1347,1365.6774734290227,0,-1,300,4.314861115686457,6.15137348274055,0.6013937389630748,0.002225519287833828
1348,716.2807611103495,0,-1,300,6.690464955016723,7.365853351793004,0.4322744302705532,0.002223869532987398
1349,1688.657564934229,0,-1,300,5.394801802879758,9.462936369303508,0.7440683322441931,0.0022222222222222222
1350,1134.279938405544,0,-1,300,5.727672225787584,8.023374932212509,0.5369790815036183,0.0022205773501110288
1351,1061.1042226203144,0,-1,300,5.783411729301023,7.707109472788482,0.49777654716326625,0.0022189349112426036
1352,779.3864941430644,0,-1,300,5.062245454103687,4.763576591387363,0.3840084782791815,0.0022172949002217295
1353,945.4196500791223,0,-1,300,5.948417539501975,7.461525188038585,0.4813800637823693,0.0022156573116691287
1354,1230.1995721820615,0,-1,300,5.9190691105768405,8.929811652703346,0.594207783131861,0.002214022140221402
1355,872.5606799531148,0,-1,300,6.822826490359667,9.266973486735965,0.5184158383958309,0.0022123893805309734
1356,808.4059413776456,0,-1,300,7.283766706967882,10.912396531598063,0.5751721475900081,0.002210759027266028
1357,1622.0045627541729,0,-1,300,4.34045521640438,7.4457993137154626,0.7083886486039384,0.0022091310751104565
1358,557.918795282889,0,-1,300,6.9135020588691605,8.724907830461332,0.4559562338645676,0.002207505518763797
1359,323.7774303961302,0,-1,300,8.452651144530606,11.384729931617862,0.5042787169484882,0.0022058823529411764
1360,895.4767444426676,0,-1,300,5.801239229197108,6.723133196423044,0.4408410949544765,0.002204261572373255
1361,1325.7541521546189,0,-1,300,6.140449846116767,9.53983993646049,0.6166271316342313,0.0022026431718061676
1362,901.2461770879643,0,-1,300,6.826597996987775,9.916030180102826,0.544107516869004,0.0022010271460014674
1363,2225.585211832201,0,-1,300,5.397838521219453,10.771838933752294,0.9678109605058969,0.0021994134897360706
1364,1453.8680739241565,0,-1,300,5.686976457593149,9.191177444824039,0.6484306875670142,0.002197802197802198
1365,1347.0292252955257,0,-1,300,6.061209823788755,9.710894108353182,0.6213564049090917,0.0021961932650073207
1366,1599.6827062807804,0,-1,300,5.517154528342535,9.669787939956706,0.7079131199128945,0.0021945866861741038
1367,1102.7986733686184,0,-1,300,5.484696451572706,7.5199495161976895,0.5332084874307481,0.0021929824561403508
1368,1880.4171387129213,0,-1,300,5.242816980530126,9.867761267074258,0.8228282684843587,0.002191380569758948
1369,821.4263471602321,0,-1,300,5.890930325346563,6.568951997199082,0.4206417929744189,0.0021897810218978104
1370,964.9999982231639,0,-1,300,7.3073047824663355,12.014340363017602,0.6495343279035569,0.002188183807439825
1371,831.0133732698167,0,-1,300,7.178559113036021,10.874663735317482,0.5839852699401396,0.002186588921282799
1372,902.9128032432209,0,-1,300,6.201414195069469,7.564426915565448,0.4742684244187049,0.0021849963583394027
1373,1064.8871544741821,0,-1,300,5.878376863527988,7.8777657418227784,0.49567812088015367,0.002183406113537118
1374,1023.7158565205822,0,-1,300,5.904841265590539,7.806995476637611,0.5282792196637593,0.002181818181818182
1375,2147.048334568218,0,-1,300,4.782028141494044,9.49816682340109,0.9304686837979629,0.002180232558139535
1376,1285.580064250753,0,-1,300,4.806728754453882,6.4571043847134,0.5753116283346321,0.002178649237472767
1377,1519.8565962693096,0,-1,300,5.6373912935972115,9.253192046822523,0.6755540164808583,0.0021770682148040637
1378,1800.5989578290414,0,-1,300,4.867293720426366,8.847464785251429,0.7867542686652992,0.002175489485134155
1379,1960.3641660178475,0,-1,300,4.1637773819762405,8.00452775062659,0.8480467328722583,0.002173913043478261
1380,1584.4331090476826,0,-1,300,6.480175561914568,11.292842562168167,0.7135884885163729,0.002172338884866039
1381,1378.1294176053875,0,-1,300,5.254428910317922,8.33671293932724,0.6136288074962951,0.002170767004341534
1382,496.3824109564687,0,-1,300,7.631560266369979,8.383093317763853,0.40562817243348764,0.0021691973969631237
1383,949.0890123430651,0,-1,300,6.3683621409803095,8.633669203247015,0.5205130881697936,0.002167630057803468
1384,583.324926965,0,-1,300,7.692018159143439,9.662519212124137,0.4642332541563125,0.0021660649819494585
1385,650.031668933553,0,-1,300,6.782300036965098,6.865073650273698,0.37689011013541523,0.0021645021645021645
1386,986.1249786996743,0,-1,300,7.031791501470441,10.245898621805926,0.5781568700842064,0.0021629416005767843
1387,1032.6584808881964,0,-1,300,6.0986487639824505,8.283929200100324,0.5333979239461145,0.002161383285302594
1388,1559.7830339916434,0,-1,300,5.17548876571464,8.809416904400132,0.688725763239378,0.0021598272138228943
1389,344.7081583993294,0,-1,300,7.462966068854498,5.874138391716967,0.28406337933553527,0.002158273381294964
1390,1152.9929079722315,0,-1,300,4.8697251842221245,6.41528411272965,0.5281082056542498,0.002156721782890007
1391,812.6420795246239,0,-1,300,7.13231029495946,9.443567180645196,0.4976526106751589,0.0021551724137931034
1392,2197.965833945491,0,-1,300,3.4586108285497996,6.877467484268501,0.9417586786914107,0.0021536252692031586
1393,1999.964780130065,0,-1,300,4.972459369976533,9.737522167869413,0.8706121036623521,0.002152080344332855
1394,140.91824658630435,0,-1,300,8.648165813190836,8.326415526795218,0.338324845760543,0.002150537634408602
1395,1730.62958291071,0,-1,300,3.5704788372986513,6.395344442730973,0.7478742508258689,0.002148997134670487
1396,2.839301984477251,0,-1,300,6.7421425282703815,4.474099433455533,0.11230263604250525,0.0021474588403722263
1397,1474.443561894672,0,-1,300,3.54276319956758,5.1553237074722045,0.6409222081195367,0.002145922746781116
1398,734.550628338326,0,-1,300,6.45510910888421,7.44644467640764,0.4356081232687269,0.002144388849177984
1399,1337.7316392672383,0,-1,300,5.568485978035977,8.478785290080106,0.6256909774297236,0.002142857142857143
1400,698.8430622883039,0,-1,300,6.376390748824224,6.615668298223167,0.38958834544121523,0.0021413276231263384
1401,728.9392982052136,0,-1,300,6.268745489944684,6.450329356598402,0.4014126963279139,0.0021398002853067048
1402,1944.5015928379325,0,-1,300,4.0736866534469245,7.788213535636928,0.8407616469166574,0.0021382751247327157
1403,598.9139857920858,0,-1,300,6.576113587047887,6.4730219934650135,0.3711867509984151,0.002136752136752137
1404,558.5748757319319,0,-1,300,7.724600177496069,10.435882443555652,0.4929020446570097,0.002135231316725979
1405,991.3605922449583,0,-1,300,5.092896830763755,5.529579524130094,0.4577689947605443,0.0021337126600284497
1406,1501.9113746423864,0,-1,300,4.4365379840625305,7.199094485948126,0.6590704409814631,0.0021321961620469083
1407,2070.8576524985688,0,-1,300,4.3700534679055805,8.618735704476961,0.8956327562170294,0.002130681818181818
1408,1441.699702612947,0,-1,300,5.424676267685772,8.951688045354341,0.6413932814297046,0.0021291696238466998
1409,1967.9987479299384,0,-1,300,4.056419435061204,7.723333434963016,0.8504226240670996,0.002127659574468085
1410,1313.2267024175233,0,-1,300,5.90764049279198,9.357304553654552,0.6318736270288966,0.002126151665485471
1411,997.1904543337365,0,-1,300,6.765730174285624,10.367662698687194,0.5917033389246547,0.002124645892351275
1412,1179.046814336047,0,-1,300,5.6583956087402205,7.8520471900658535,0.5578029260263062,0.0021231422505307855
1413,932.0684040896455,0,-1,300,5.881124499766915,7.148707167625526,0.4705233959895111,0.0021216407355021216
1414,1486.9098184375036,0,-1,300,4.90831958878831,7.643464066722607,0.6563581545982056,0.0021201413427561835
1415,1064.3858139153976,0,-1,300,6.37930926613755,9.35286087158197,0.572073326840229,0.00211864406779661
1416,1786.1862437849456,0,-1,300,5.2819385937036065,9.684735656457507,0.783858807696505,0.002117148906139732
1417,1076.6703462205483,0,-1,300,6.229429789588352,9.108849879873802,0.5902533304746015,0.0021156558533145277
1418,59.173487026621345,0,-1,300,7.16986111867669,6.35081843609892,0.11743112410697457,0.0021141649048625794
1419,1604.1572347180304,0,-1,300,4.763027010353352,8.050195823417862,0.7041215503768293,0.002112676056338028
1420,1792.37212422273,0,-1,300,5.586538585636203,10.125477430474962,0.7887207578184097,0.00211118930330753
1421,795.2692946121878,0,-1,300,7.247565128564753,9.724694354401969,0.4983661289250351,0.002109704641350211
1422,-102.10926199227839,0,-1,300,7.234127146557499,10.88629537265611,0.560237611408156,0.0021082220660576245
1423,414.94160890531447,0,-1,300,7.953715820707151,7.508644902305409,0.3494647809758054,0.002106741573033708
1424,403.9307292546044,0,-1,300,7.639419829638775,7.355124711308765,0.35033733846157067,0.002105263157894737
1425,907.4779054766835,0,-1,300,7.064000671233282,9.834970392157992,0.5390596339479727,0.0021037868162692847
1426,1362.6834361568467,0,-1,300,5.033995213066758,7.591458460803397,0.6172028315099455,0.002102312543798178
1427,1195.6451674805287,0,-1,300,4.85774937130378,6.364529887066991,0.5346186067349978,0.0021008403361344537
1428,354.7493214499816,0,-1,300,7.980732109818452,8.313396082347321,0.3757121849378593,0.002099370188943317
1429,744.7402064185719,0,-1,300,7.8739309528431916,11.421699188260837,0.5622887889450353,0.002097902097902098
1430,1691.9126244861377,0,-1,300,6.196104642312082,11.26568626062808,0.7681690999754555,0.0020964360587002098
1431,842.2475102236666,0,-1,300,6.6652620919508125,8.593400119437094,0.5068703011104477,0.002094972067039106
1432,664.5391910280399,0,-1,300,5.966622996007644,5.725031801741068,0.36394528937322185,0.00209351011863224
1433,970.6551207117226,0,-1,300,6.116878548238733,8.057410166988104,0.5084887514873409,0.0020920502092050207
1434,1301.99822564393,0,-1,300,4.948765157650439,7.175002297409187,0.5796149993673491,0.0020905923344947735
1435,885.7502098886854,0,-1,300,7.289155895267531,10.962940643569832,0.5783812884404415,0.0020891364902506965
1436,1919.625312560396,0,-1,300,4.8769204465697635,9.32729776108323,0.8364207835827719,0.0020876826722338203
1437,892.363967691337,0,-1,300,7.2011114130569105,10.484945470004885,0.5680888109988591,0.002086230876216968
1438,1097.636139407591,0,-1,300,6.338472844733469,9.025963603027131,0.5663549882561069,0.0020847810979847115
1439,446.79972862292857,0,-1,300,8.057985874844487,9.949058970322907,0.45637984961921757,0.0020833333333333333
1440,1150.80261997843,0,-1,300,5.067573903298495,6.848469484176132,0.5175078959324181,0.002081887578070784
1441,2207.799108994931,0,-1,300,4.287606232114386,8.52750369868526,0.9520733421554115,0.0020804438280166435
1442,796.4149713433511,0,-1,300,6.075084013228211,6.729802737677976,0.4394212765241029,0.002079002079002079
1443,1860.7108880986107,0,-1,300,3.9523290982898214,7.45396640997886,0.8049386716115955,0.002077562326869806
1444,956.2888195856863,0,-1,300,6.362325852928465,8.809577069327299,0.5386069396747727,0.0020761245674740486
1445,891.1127438311976,0,-1,300,5.702398587628597,6.413532310206427,0.4398155574912709,0.002074688796680498
1446,1117.8018355740417,0,-1,300,5.669838240762972,7.551524427042969,0.5472760172110406,0.002073255010366275
1447,-104.30795717481396,0,-1,300,7.45203559100727,9.311048847287543,0.4422683757765692,0.0020718232044198894
1448,995.2953046054492,0,-1,300,6.024109149572231,8.09856581771017,0.5316297436189408,0.002070393374741201
1449,1036.2193464658935,0,-1,300,5.846277500243195,7.723429483606096,0.5188808123085512,0.0020689655172413794
1450,1620.6694229488492,0,-1,300,5.135656514855619,8.590246481246266,0.7137963500901036,0.002067539627842867
1451,452.83970965741014,0,-1,300,6.7254890480999086,7.059511760804562,0.3570026124541051,0.002066115702479339
1452,1330.603943918914,0,-1,300,4.593548385908985,6.768697146562511,0.588869922860531,0.0020646937370956643
1453,685.8127933561099,0,-1,300,6.863400893839304,8.543921716737657,0.4680119900840241,0.0020632737276478678
1454,1005.4420480495914,0,-1,300,6.382880994568452,8.93851563216832,0.5454222683464056,0.002061855670103093
1455,1363.6974861910899,0,-1,300,6.458241546461203,10.805278479508024,0.6680307884860778,0.0020604395604395605
1456,916.2850685477285,0,-1,300,5.837095216293849,6.885913715729614,0.4676344879255063,0.002059025394646534
1457,1492.5932723578878,0,-1,300,5.140570314734109,8.474388070439508,0.6604681408429588,0.00205761316872428
1458,504.5783541179699,0,-1,300,8.34254446063988,10.124108529345454,0.45395323250928593,0.00205620287868403
1459,1019.6385993690211,0,-1,300,6.265965201936893,8.694581287113476,0.5331842660117235,0.002054794520547945
1460,1687.1453154199387,0,-1,300,5.952395267299985,10.592093364546404,0.7541207960447536,0.002053388090349076
1461,1258.4661643874801,0,-1,300,5.495038981325139,8.487413821453252,0.5655736941880555,0.002051983584131327
1462,379.54412517777746,0,-1,300,8.14438078899263,10.875712913084914,0.48324093398556156,0.002050580997949419
1463,1034.725433554344,0,-1,300,6.454039675897194,9.356039793303914,0.5614342455475217,0.0020491803278688526
1464,941.5533913034292,0,-1,300,6.950455171427749,9.795495664619466,0.5414843406168932,0.0020477815699658703
1465,1383.95719602551,0,-1,300,5.966517078728128,9.680393738547645,0.6421600769888884,0.0020463847203274215
1466,1701.961987169683,0,-1,300,5.419845919703686,9.55848859365427,0.749799672385146,0.002044989775051125
1467,1595.5751726840701,0,-1,300,4.30129212168093,7.085701713954482,0.69708267953097,0.0020435967302452314
1468,1665.4003487958917,0,-1,300,6.064830092722415,10.772688664277412,0.7442865902767553,0.0020422055820285907
1469,633.4496218669316,0,-1,300,7.592143921122403,9.739183421455921,0.4794689055731654,0.0020408163265306124
1470,813.1439977891077,0,-1,300,6.760565285811025,8.235795311849792,0.46492795151520044,0.0020394289598912306
1471,1294.214655045578,0,-1,300,6.239915096905521,10.110628477256055,0.6497209745048592,0.0020380434782608695
1472,725.6940347876554,0,-1,300,6.622442988377811,7.696219369340521,0.43380039923471364,0.002036659877800407
1473,1535.895851404657,0,-1,300,5.320244013301195,8.837631353661054,0.6841024714563605,0.0020352781546811396
1474,946.24011878054,0,-1,300,6.691716481305747,9.338740773282542,0.5391476128376124,0.002033898305084746
1475,889.9254295467636,0,-1,300,5.131968091870485,5.435320505393714,0.43360110085741466,0.0020325203252032522
1476,1010.1642449361515,0,-1,300,5.12159347050992,6.226385473282966,0.4796139842640106,0.002031144211238998
1477,572.6768191758916,0,-1,300,7.706434575248806,9.718996656545773,0.47764795193258236,0.0020297699594046007
1478,1000.5457366568219,0,-1,300,6.706465446066791,9.422068199258744,0.5455335212370668,0.002028397565922921
1479,1759.7747998966963,0,-1,300,5.629400421829669,10.12079855193498,0.7754600031206798,0.002027027027027027
1480,1785.094783167434,0,-1,300,4.278008185787761,7.821030524467107,0.7758745543798387,0.002025658338960162
1481,240.56677407231692,0,-1,300,7.929018816755287,8.723198858224912,0.3799266838787491,0.0020242914979757085
1482,1418.694527914553,0,-1,300,5.661962908079298,9.041547729986444,0.6335874417749917,0.0020229265003371545
1483,1045.0622313768047,0,-1,300,6.084489256519552,8.770657481972334,0.5693416196561439,0.0020215633423180594
1484,923.8461968079291,0,-1,300,6.88501110043586,9.768423108743981,0.542658154628142,0.00202020202020202
1485,436.43093188737174,0,-1,300,7.753657242731154,9.496186482050538,0.44569526918241564,0.002018842530282638
1486,959.2717154285222,0,-1,300,7.026692687825239,10.546582909367098,0.5883047691014015,0.0020174848688634837
1487,1822.7686879164903,0,-1,300,3.669701290101897,6.8610016260656765,0.7870097129743022,0.0020161290322580645
1488,1574.4348623203116,0,-1,300,4.472644795561057,7.879274216308159,0.6895593619335044,0.0020147750167897917
1489,670.5213138556136,0,-1,300,8.000449075153654,12.501595817449568,0.6025356348422829,0.0020134228187919465
1490,1816.1603760326088,0,-1,300,5.0837378913414115,9.389242706678617,0.7948615241986475,0.002012072434607646
1491,978.4468503723969,0,-1,300,6.36614303034889,8.57491165345509,0.5353765405426271,0.0020107238605898124
1492,1078.6513994633817,0,-1,300,4.266212932871255,4.725249664791561,0.48143468010627655,0.0020093770931011385
1493,670.4619037712079,0,-1,300,6.539960644005235,7.218516423273663,0.40391442464321897,0.002008032128514056
1494,547.5444987490489,0,-1,300,7.8662651225060864,9.613550244268566,0.4461183382149939,0.002006688963210702
1495,534.7883227547322,0,-1,300,8.19265154542127,11.029769051127424,0.5024913113673888,0.002005347593582888
1496,904.0498586386794,0,-1,300,6.0608817370879935,7.708161883963833,0.4935443484466383,0.002004008016032064
1497,1319.1660552807991,0,-1,300,5.904260609518499,9.053293115944099,0.6134023179452085,0.0020026702269692926
1498,2207.404381015135,0,-1,300,4.650657021009613,9.249044262287802,0.9546317530805453,0.0020013342228152103
1499,886.242599339869,0,-1,300,6.329017738980313,8.104600442276467,0.491950553362387,0.002
1500,1233.1261137823537,0,-1,300,5.841553260960594,8.489441262239389,0.5735352221379443,0.001998667554963358
1501,1566.8883831460703,0,-1,300,5.073454039583936,8.616972724023897,0.6909210649410752,0.0019973368841544607
1502,1526.6970986154922,0,-1,300,5.8676049406465065,10.099636919597309,0.6801308281446372,0.001996007984031936
1503,996.7878790877518,0,-1,300,5.847089330049824,7.895267637574904,0.5126087575391055,0.0019946808510638296
1504,608.0457335072525,0,-1,300,6.712431678645576,7.091707360210224,0.3934362131179312,0.0019933554817275745
1505,1769.3042111511068,0,-1,300,5.2245238401726874,9.553231198314913,0.7763940167809231,0.00199203187250996
1506,1670.0835612129551,0,-1,300,4.464364733516799,7.782208509960689,0.7293508860067752,0.0019907100199071004
1507,838.618685222038,0,-1,300,6.6727834807290325,8.61594099021283,0.5003662931268824,0.001989389920424403
1508,1197.6630982877348,0,-1,300,5.065096580392427,6.7018222154713305,0.537014515306166,0.0019880715705765406
1509,2180.9303587179566,0,-1,300,3.727806179406204,7.4110741326213745,0.9366795291446958,0.001986754966887417
1510,548.8076451299856,0,-1,300,7.706206186459867,10.16333518726446,0.48365908216091535,0.001985440105890139
1511,1389.9359681855153,0,-1,300,5.067750278037638,7.844338418323297,0.6383162134952639,0.001984126984126984
1512,1013.5980861391809,0,-1,300,6.75830739215177,9.643842862755818,0.5633279572137404,0.0019828155981493722
1513,967.6837867025444,0,-1,300,5.985050973257492,7.992610811621271,0.5274731777186611,0.0019815059445178335
1514,392.363358257356,0,-1,300,8.20593956380037,9.805021116809629,0.4319988708715714,0.0019801980198019802
1515,1728.5018789453277,0,-1,300,3.9492753527836544,7.0046242454873875,0.7498286813730968,0.001978891820580475
1516,557.6293290299254,0,-1,300,7.076304202879817,7.692151584612327,0.4007751615873356,0.001977587343441002
1517,927.9283780321612,0,-1,300,6.567849322014465,8.805802046929996,0.5243262693180759,0.001976284584980237
1518,1190.8487413472458,0,-1,300,4.900153676465378,6.464982102740847,0.5336483139988943,0.0019749835418038184
1519,813.5720933716651,0,-1,300,5.810292969435958,6.354191163990499,0.3893413249625883,0.001973684210526316
1520,1879.0718980681015,0,-1,300,4.60431627887372,8.647967276776104,0.8174789962865955,0.0019723865877712033
1521,1419.9469759840401,0,-1,300,5.640484365555083,8.979143716524916,0.6339482060683457,0.0019710906701708277
1522,1594.8427569621924,0,-1,300,5.170193558544534,8.63988031099458,0.7032942670899974,0.001969796454366382
1523,759.1142734178984,0,-1,300,6.681472079344365,8.147652796020104,0.4682799889943941,0.001968503937007874
1524,1763.010252250541,0,-1,300,5.975095187751231,11.121940216776359,0.779400819012527,0.0019672131147540984
1525,350.4782144837267,0,-1,300,7.152060041810054,5.245871694216822,0.272424723128694,0.001965923984272608
1526,807.2811561557154,0,-1,300,6.962791418330458,8.795487865419576,0.48585985945130533,0.0019646365422396855
1527,1173.2391687822153,0,-1,300,6.867935992157612,11.118809309048789,0.6407865764447452,0.001963350785340314
1528,736.5613228336465,0,-1,300,6.025813680400772,6.366947080044748,0.4131531378447252,0.001962066710268149
1529,1294.3340534496929,0,-1,300,4.267502585744032,6.053332890675653,0.5713121249971189,0.00196078431372549
1530,800.8537242819089,0,-1,300,5.5099375682896,5.584751687615161,0.4040696955375951,0.001959503592423253
1531,935.9452111409962,0,-1,300,5.529550822718939,6.252808141199784,0.45295589728613966,0.0019582245430809398
1532,401.28400026738666,0,-1,300,8.259947615080684,9.55937210019592,0.41892039426047534,0.0019569471624266144
1533,1608.0142464929902,0,-1,300,5.492221579078363,9.380622181397186,0.7111975978818331,0.001955671447196871
1534,1965.7558387478416,0,-1,300,4.83109574975358,9.346416034187909,0.8552981509347531,0.001954397394136808
1535,1353.8165045175315,0,-1,300,5.646247426209124,8.709598642958133,0.6151894985966921,0.001953125
1536,780.5455591913936,0,-1,300,6.168223020896475,6.682442320267153,0.42901333147158266,0.001951854261548471
1537,1936.1101075116721,0,-1,300,4.5637857048072705,8.608750966686774,0.8409409375825837,0.0019505851755526658
1538,452.91853845508166,0,-1,300,7.461822244781964,7.299434121185111,0.3563283220445895,0.001949317738791423
1539,877.7464938033236,0,-1,300,6.290338935127204,7.6321671967631834,0.46862859871021595,0.001948051948051948
1540,621.7867650662591,0,-1,300,6.9558450690280775,8.100056343155675,0.4366498304834143,0.001946787800129786
1541,1158.541685200613,0,-1,300,5.845434431682459,8.17892952832445,0.5589626786157343,0.0019455252918287938
1542,1118.2858663794975,0,-1,300,4.1079954308099635,4.821133807941553,0.4967624100558656,0.0019442644199611147
1543,781.5451359512381,0,-1,300,6.061209653529341,6.619387138140895,0.42302511980098995,0.0019430051813471502
1544,1200.1242096131937,0,-1,300,6.15739229434721,9.537410707901477,0.6117748834212591,0.001941747572815534
1545,1187.5310879811636,0,-1,300,5.26059496642192,6.981421784376691,0.5456727185753539,0.0019404915912031048
1546,679.7915248288049,0,-1,300,6.260627135813439,6.385629918447705,0.3934754780734229,0.0019392372333548805
1547,2226.5018755683413,0,-1,300,5.1603862282728015,10.29994983907926,0.9664120115321879,0.001937984496124031
1548,1129.5555268606572,0,-1,300,5.312602509714015,7.106694987870566,0.5273940442723398,0.001936733376371853
1549,35.78801942625115,0,-1,300,8.56712737814688,8.492845299820326,0.33315632924182303,0.001935483870967742
1550,1141.15093432019,0,-1,300,5.4296533994697525,7.362737902206169,0.5399534963472926,0.0019342359767891683
1551,1361.948029412649,0,-1,300,5.514380546417878,8.362371263931959,0.6255490032445492,0.0019329896907216496
1552,665.6854016952932,0,-1,300,6.550124567741305,6.79524988186185,0.4038821857474797,0.0019317450096587251
1553,2219.2791799741794,0,-1,300,4.120759668086012,8.218737230172431,0.9556053558332197,0.0019305019305019305
1554,289.0912739168316,0,-1,300,8.046170360563343,6.158349096885437,0.27898030961522075,0.0019292604501607716
1555,34.782954918305165,0,-1,300,7.950706751300854,5.8627899265691275,0.20123067267468656,0.0019280205655526992
1556,858.8614502756049,0,-1,300,6.317757480881176,7.697041559402181,0.465055702357854,0.0019267822736030828
1557,977.3135256004798,0,-1,300,7.385703485561785,11.470408859420603,0.6314657470295038,0.0019255455712451862
1558,395.0123368808139,0,-1,300,8.698650904956125,9.674260676219193,0.4136482069887586,0.001924310455420141
1559,1668.7859451307604,0,-1,300,5.033946428231611,8.844485937171752,0.733082075349554,0.0019230769230769232
1560,969.7825605769622,0,-1,300,5.98279823545252,7.843627754088353,0.5207494623103338,0.0019218449711723255
1561,974.4801967736748,0,-1,300,5.200339814200182,6.008979963100921,0.46161452256027075,0.0019206145966709346
1562,1608.8996290369084,0,-1,300,4.475840599309534,7.607464535105492,0.7039436499268668,0.0019193857965451055
1563,1402.3733382810904,0,-1,300,5.737348189343121,9.334229824393505,0.6437002463715925,0.0019181585677749361
1564,758.5233707018483,0,-1,300,6.599332257197574,8.060983680427432,0.4630012698985566,0.0019169329073482429
1565,1413.5035401667183,0,-1,300,4.732391817658124,7.397031748913008,0.6244527470352357,0.0019157088122605363
1566,555.7647192887955,0,-1,300,7.296995525086107,7.090748250145935,0.3720358511140624,0.0019144862795149968
1567,621.9601430067557,0,-1,300,6.618628969631896,7.113119988350409,0.404376559140032,0.001913265306122449
1568,1507.0819740136185,0,-1,300,5.415815486326864,8.77720280815793,0.668569438653126,0.0019120458891013384
1569,600.0842023505205,0,-1,300,7.0084500716298015,7.5461204881132895,0.40563697369388496,0.001910828025477707
1570,923.1010132462466,0,-1,300,6.6133251252079015,9.00852230639754,0.5143776540397299,0.0019096117122851686
1571,1222.342951298973,0,-1,300,5.490894482905622,7.878103943085997,0.5653478276628482,0.0019083969465648854
1572,665.7970534318829,0,-1,300,6.132283686884211,7.170221972806946,0.43083117027169787,0.0019071837253655435
1573,1507.6119919531197,0,-1,300,5.61116814830986,9.289614990614263,0.6702554244261238,0.0019059720457433292
1574,1034.052987827661,0,-1,300,6.413245689702379,9.201823269507235,0.5513169518172777,0.0019047619047619048
1575,1312.9317781970722,0,-1,300,6.006603022876564,9.312792823511902,0.6076755552647105,0.0019035532994923859
1576,409.60172832602734,0,-1,300,7.506966967085453,6.91280921372959,0.3341886455960866,0.0019023462270133164
1577,1378.6015908744594,0,-1,300,5.739206545404104,9.310577996055459,0.6551400224017355,0.0019011406844106464
1578,249.4535819851597,0,-1,300,7.451666214632773,8.275613405635761,0.37394070595163065,0.0018999366687777073
1579,607.0057306918251,0,-1,300,6.8845280204979495,7.479974486568414,0.40142206684306214,0.0018987341772151898
1580,1530.6876208476262,0,-1,300,4.636692906135092,7.675182551687349,0.6725617054825238,0.0018975332068311196
1581,1163.5997324473333,0,-1,300,6.6072366201258035,10.409236972365724,0.6300634796694805,0.0018963337547408343
1582,1034.6663875915176,0,-1,300,5.8434196146059,8.102501933309487,0.5377722350050904,0.0018951358180669614
1583,640.7566910428231,0,-1,300,6.312599825293167,6.149332123600192,0.3764764377634456,0.001893939393939394
1584,1172.1463784262794,0,-1,300,5.80251796102786,8.296287005481485,0.575698711688723,0.0018927444794952682
1585,926.7774642624343,0,-1,300,6.472187165842085,8.61571830455958,0.5112501398486978,0.0018915510718789407
1586,540.6112809861527,0,-1,300,7.139158656918681,7.675778243085894,0.39485470583669413,0.001890359168241966
1587,867.0777360703909,0,-1,300,7.408109487144275,11.350868112521097,0.5995689137913767,0.001889168765743073
1588,752.6554965989117,0,-1,300,7.246522424631847,10.107777270947308,0.5182194699319376,0.0018879798615481435
1589,861.242254623977,0,-1,300,7.417266172689163,11.50374068250746,0.5954967564819124,0.0018867924528301887
1590,632.9884237238778,0,-1,300,5.779183556579724,4.768416742221682,0.3343311382098226,0.0018856065367693275
1591,1836.400625626863,0,-1,300,4.566860131782672,8.412544953096306,0.7994183783328971,0.0018844221105527637
1592,909.7627364192234,0,-1,300,5.676799279399707,6.432751684060977,0.45610868207802535,0.0018832391713747645
1593,1724.103283955301,0,-1,300,4.501529549304052,8.03033922868424,0.7521378399344895,0.0018820577164366374
1594,1514.6326904240075,0,-1,300,6.244092388414365,10.772335736385138,0.7123814091121866,0.0018808777429467085
1595,1271.208227610188,0,-1,300,6.642351700697643,11.091294702844982,0.6664210925412369,0.0018796992481203006
1596,1809.923686975962,0,-1,300,4.556111305263494,8.540199463055629,0.7883057043627932,0.001878522229179712
1597,1145.9679781264124,0,-1,300,5.175352144273762,6.641572198266971,0.5452485477281047,0.0018773466833541927
1598,1184.8781592380897,0,-1,300,5.5254453315157015,7.957414939076775,0.5686136713054957,0.001876172607879925
1599,822.4458157253915,0,-1,300,7.862652765643848,12.323925535795977,0.6136782517110733,0.001875
1600,1688.3427213329028,0,-1,300,4.953411402044556,8.686536673751085,0.7406267194040432,0.0018738288569643974
1601,487.8562020355563,0,-1,300,7.5425627126699855,7.764457139143937,0.379803408588767,0.0018726591760299626
1602,387.1881690916119,0,-1,300,8.414211266885534,9.805063860128614,0.4179555236124403,0.0018714909544603868
1603,579.9568034303863,0,-1,300,6.879676137254252,6.953361703327152,0.36254620227974793,0.0018703241895261845
1604,762.7096888067343,0,-1,300,7.713936181683742,11.716954996740098,0.586828721861416,0.001869158878504673
1605,294.86688478231724,0,-1,300,8.405090379536118,7.7064511648663965,0.33483804101863857,0.0018679950186799503
1606,1345.0634442887042,0,-1,300,5.523474339140639,8.630445519789356,0.615239976812833,0.001866832607342875
1607,468.90722239026826,0,-1,300,7.32112094415875,6.407910151621192,0.3294907093139221,0.0018656716417910447
1608,965.9406660105506,0,-1,300,6.6020417955070965,9.52872415799045,0.5483793104626808,0.0018645121193287756
1609,988.2059209202257,0,-1,300,5.508446995015729,6.223838005840389,0.47839976201119583,0.0018633540372670807
1610,1372.0210439567288,0,-1,300,4.274010916353459,6.19600477778922,0.6037305168546212,0.00186219739292365
1611,26.43080874399499,0,-1,300,8.972489319540898,8.15168288986619,0.3134173427130049,0.0018610421836228288
1612,1097.136478261938,0,-1,300,6.712148039756909,9.840866919775134,0.5781800627122049,0.0018598884066955983
1613,627.777381614613,0,-1,300,6.310684165224672,6.043512637253358,0.3673067057888034,0.0018587360594795538
1614,1354.2538774269476,0,-1,300,6.021548036973304,9.588055975662575,0.6457807531455243,0.0018575851393188853
1615,1268.0436000599045,0,-1,300,4.87496514440042,6.8635098295805905,0.5658937287543818,0.0018564356435643563
1616,1725.7143361107794,0,-1,300,5.24180554489261,9.31225354465712,0.7583611816328523,0.0018552875695732839
1617,1962.9975992962043,0,-1,300,4.665101148394707,9.032473802893183,0.8529039249863785,0.001854140914709518
1618,1077.4160387532002,0,-1,300,6.48031426810623,9.497796497259081,0.5736832634011593,0.0018529956763434219
1619,1088.9625249986905,0,-1,300,6.1566528015428625,8.389087204591133,0.5419365941250208,0.001851851851851852
1620,676.061908294571,0,-1,300,6.454045108603946,6.799327540316255,0.40453071224352494,0.001850709438618137
1621,555.9173271956838,0,-1,300,7.881148792011174,10.085063165239402,0.47180564974940675,0.0018495684340320592
1622,1393.2322892128457,0,-1,300,6.152346610367685,10.021461997039893,0.6673667740268553,0.0018484288354898336
1623,1177.8157718014024,0,-1,300,6.733618529676076,10.73412200002009,0.6251533956973958,0.0018472906403940886
1624,276.09097168558276,0,-1,300,7.5069206605862275,5.460357958715927,0.2618129719281853,0.0018461538461538461
1625,1059.4706191981475,0,-1,300,6.355994621673456,9.030045588966871,0.5511846407663272,0.0018450184501845018
1626,664.9184356199294,0,-1,300,5.506552680239038,4.578283085571221,0.3446829546832223,0.0018438844499078057
1627,481.4392100013758,0,-1,300,7.267260526167897,7.242831433381122,0.3695056266502598,0.0018427518427518428
1628,803.4972355428489,0,-1,300,6.385634008807737,7.871610293772143,0.4624340263043547,0.001841620626151013
1629,1562.3966015522826,0,-1,300,5.308284905159431,8.824877224128,0.6908107207688134,0.0018404907975460123
1630,1560.1836901313172,0,-1,300,5.452772309123157,9.233387483759657,0.6909723298731396,0.0018393623543838135
1631,671.9574379053413,0,-1,300,6.7990517040187965,8.237238169293676,0.46188252261134843,0.001838235294117647
1632,1414.2296026487109,0,-1,300,5.6842012803522834,8.980804512665843,0.6318938440396046,0.001837109614206981
1633,600.0855330288894,0,-1,300,7.075040237060438,7.855788770562147,0.39190076432571747,0.0018359853121175031
1634,418.08824074870176,0,-1,300,6.951264102532617,5.499507690817525,0.29370136784813705,0.001834862385321101
1635,1406.7141427275778,0,-1,300,3.57532371203599,5.042213870197379,0.6129458206434274,0.0018337408312958435
1636,820.9887797483595,0,-1,300,6.186917583222045,7.415164405682697,0.46918374382719547,0.0018326206475259622
1637,111.43366471396281,0,-1,300,7.571624619138919,6.264271595220368,0.21596499024655785,0.0018315018315018315
1638,837.1856669228106,0,-1,300,6.62224117412664,8.423917311958984,0.49321052257269193,0.0018303843807199512
1639,1377.1743303204726,0,-1,300,5.846969197128831,9.373358935300988,0.638152749344476,0.001829268292682927
1640,441.6947752083216,0,-1,300,8.026174223593074,8.204252368250147,0.38039501117870356,0.0018281535648994515
1641,432.7230902657342,0,-1,300,8.129431259986823,9.236267046412165,0.4094612915060601,0.0018270401948842874
1642,1470.466385735493,0,-1,300,6.496709785014222,11.070100641888704,0.6798394658622768,0.0018259281801582471
1643,680.7086671596877,0,-1,300,6.940946034751132,8.878202286157256,0.48827023472737985,0.0018248175182481751
1644,887.7168788017816,0,-1,300,5.491235950666728,6.183192004278878,0.4568765018715099,0.00182370820668693
1645,1166.6015874912716,0,-1,300,4.786594168115055,6.790311296591656,0.521983451048893,0.0018226002430133657
1646,772.4772101814465,0,-1,300,6.525171341876053,7.516596689322972,0.453733023679983,0.0018214936247723133
1647,1007.0827510942229,0,-1,300,5.388600369349426,6.657379432705993,0.48724725606649144,0.0018203883495145632
1648,1404.2279901868128,0,-1,300,5.151197350034173,8.269957980188515,0.6251302809395798,0.0018192844147968466
1649,1982.584690111652,0,-1,300,5.808736887849098,11.262917241793568,0.8696424808720563,0.0018181818181818182
1650,1051.4351018966793,0,-1,300,6.687016878023342,10.281478036576951,0.6023538319427588,0.0018170805572380376
1651,776.513133762035,0,-1,300,6.560082991582871,7.4964364558363465,0.44170035263313956,0.0018159806295399517
1652,864.2198416719281,0,-1,300,6.389291910724675,7.717376450191664,0.4712515008977348,0.0018148820326678765
1653,1223.7302415565186,0,-1,300,4.975472871573501,6.745147603845415,0.554914442351553,0.0018137847642079807
1654,607.6527978432985,0,-1,300,7.177942197252352,7.8180460655472475,0.4123512773583802,0.0018126888217522659
1655,722.3849042967273,0,-1,300,6.1186356137346225,6.572923830993605,0.41408482345188524,0.0018115942028985507
1656,1063.79740698733,0,-1,300,5.868864253227744,8.064705522511105,0.5412521558013293,0.0018105009052504525
1657,1386.972137100842,0,-1,300,6.860599490803675,12.400597863821877,0.7282467435945806,0.0018094089264173703
1658,1531.5657823949884,0,-1,300,4.598763903360214,7.719711576186502,0.672643138606447,0.0018083182640144665
1659,1589.8286531726453,0,-1,300,5.26988221122667,9.332657694684565,0.7019527220728015,0.0018072289156626507
1660,1183.4240672820174,0,-1,300,4.985567710522957,6.527412996085863,0.5555104710559136,0.001806140878988561
1661,1033.804794868041,0,-1,300,5.377241286813697,6.758555163521625,0.48883862935682176,0.0018050541516245488
1662,1566.6302452320529,0,-1,300,5.217064238557325,8.911884638908889,0.6918905839692022,0.0018039687312086591
1663,1027.1264622842048,0,-1,300,5.566332709079869,6.942057745235579,0.4880710428452503,0.0018028846153846155
1664,1425.2271865466475,0,-1,300,5.513850786201976,8.92096677046463,0.6590268272580839,0.0018018018018018018
1665,838.4472018326258,0,-1,300,6.159201399217809,7.656207939105225,0.4747861035947493,0.001800720288115246
1666,968.3291240519153,0,-1,300,6.509516354845707,9.232276509746306,0.5409783782046186,0.001799640071985603
1667,1465.0344642099585,0,-1,300,3.605628991426019,5.735310508553165,0.6374732441898449,0.0017985611510791368
1668,235.78841182869323,0,-1,300,7.692638434698218,5.864917211319492,0.2569004353830899,0.0017974835230677051
1669,1209.0907186798486,0,-1,300,5.781838211804463,8.665591286287606,0.6139040368583163,0.0017964071856287425
1670,706.7769839859111,0,-1,300,7.238143980314841,9.00008426519615,0.4694153515466265,0.0017953321364452424
1671,608.974458619575,0,-1,300,8.403897250812769,12.543892637168415,0.5707181033785496,0.0017942583732057417
1672,764.7950979748684,0,-1,300,6.93247000820048,8.66972911611579,0.48036316918216604,0.0017931858936043037
1673,1382.1058153399545,0,-1,300,3.690983808791757,5.085601532677368,0.6035598016242519,0.0017921146953405018
1674,1741.8587428454305,0,-1,300,5.342260329076925,9.78257431110224,0.7658414286536722,0.001791044776119403
1675,1743.1087327675923,0,-1,300,4.994411150186798,9.127267317144566,0.7637533889462307,0.0017899761336515514
1676,744.5228928277669,0,-1,300,6.6220451407626095,7.712739014726157,0.4448236517285387,0.0017889087656529517
1677,1408.1324922912304,0,-1,300,5.435076187909053,8.346611168095313,0.6306862466664932,0.0017878426698450535
1678,1631.8690449718956,0,-1,300,5.527556733135625,9.773044348634302,0.7214021109034738,0.001786777843954735
1679,1059.8501769595032,0,-1,300,6.709343909217629,10.124154792784402,0.5834926543596998,0.0017857142857142857
1680,1392.0316278657515,0,-1,300,5.935063496948057,9.351707038717143,0.6326160519014252,0.001784651992861392
1681,1133.677470873916,0,-1,300,4.850246508910458,6.447455698346201,0.5176077142902029,0.0017835909631391202
1682,1212.0306764375262,0,-1,300,5.893912696481699,8.655884158829222,0.5727921181763731,0.0017825311942959
1683,704.6581641760476,0,-1,300,7.6677886595532705,10.067074522693146,0.49663593229434533,0.0017814726840855108
1684,965.7983174928445,0,-1,300,6.8060260737400124,9.36522260803116,0.5346920002498942,0.0017804154302670622
1685,552.6741215090636,0,-1,300,7.490341013851936,9.608292887914368,0.47521938328153807,0.0017793594306049821
1686,1562.468929555861,0,-1,300,5.1903373543199,8.744674882119032,0.6899562508056741,0.0017783046828689982
1687,1044.2486025114056,0,-1,300,6.533961814777595,9.829048506739195,0.5938882979681104,0.0017772511848341231
1688,1345.2922164271215,0,-1,300,5.743170961044412,8.91560439988207,0.6124716542303772,0.0017761989342806395
1689,1024.6688218554855,0,-1,300,5.1143559959955684,6.231598127375566,0.4966046015292797,0.0017751479289940828
1690,1466.617447995155,0,-1,300,5.525218324098875,8.922722377738673,0.6695607131050016,0.0017740981667652277
1691,378.66450305839146,0,-1,300,8.053250264849078,8.689276953299185,0.38842110523948553,0.0017730496453900709
1692,1508.1782496499768,0,-1,300,4.666208898115556,7.441465437961425,0.6634041707566909,0.0017720023626698169
1693,618.6835332759814,0,-1,300,7.162102242134311,8.51143066704361,0.4475109609235615,0.0017709563164108619
1694,1050.2272972906553,0,-1,300,5.1670485106443245,6.3133323133406485,0.499053419351651,0.0017699115044247787
1695,1260.4972792832955,0,-1,300,5.6684290742500245,8.295212961730408,0.6039687579017328,0.001768867924528302
1696,969.7905608432401,0,-1,300,5.716411073745056,7.030853530757595,0.46448982669118644,0.0017678255745433118
1697,1216.5220455947094,0,-1,300,6.000903323885414,8.755033059607035,0.5735112983158345,0.0017667844522968198
1698,1367.1685454341361,0,-1,300,5.686798037585512,8.660587807629485,0.6262360890700662,0.0017657445556209534
1699,473.70597184678917,0,-1,300,8.179324389553912,9.869179369316095,0.4478967090483509,0.0017647058823529412
1700,251.4247815716766,0,-1,300,7.5821546727069125,5.340525296095329,0.24494920560919733,0.001763668430335097
1701,119.04179567484674,0,-1,300,9.818880280750761,11.481450086103745,0.41553049389390223,0.0017626321974148062
1702,987.3230262064535,0,-1,300,6.242423202059092,8.615327834155439,0.5547832457890464,0.0017615971814445098
1703,1649.8119253837735,0,-1,300,3.8836509274107116,6.558154947214084,0.716549017532153,0.0017605633802816902
1704,593.754247496,0,-1,300,7.846818465130987,9.634468174441349,0.4531072316415749,0.0017595307917888563
1705,843.0562834806856,0,-1,300,7.2254039664890355,10.328223618279296,0.5524628655015011,0.0017584994138335288
1706,1452.9317410245246,0,-1,300,4.840202762156567,8.067231200048608,0.6416897461430602,0.0017574692442882249
1707,103.43962065287917,0,-1,300,8.404733099818497,5.473075743914734,0.220538401132275,0.001756440281030445
1708,478.0503820530887,0,-1,300,7.814232149056957,9.218619713936748,0.42866106770011897,0.0017554125219426564
1709,951.5711598558124,0,-1,300,5.903945609579091,7.281706128950384,0.5043995147521065,0.0017543859649122807
1710,2180.879422589388,0,-1,300,4.0151913151260095,7.985402498705806,0.938813694275691,0.0017533606078316774
1711,636.8886358535588,0,-1,300,6.839038591493192,7.416113292812023,0.4025366117941079,0.0017523364485981308
1712,845.8996370953614,0,-1,300,6.330232435654944,8.090703233703293,0.48459369154148807,0.0017513134851138354
1713,611.8050512271035,0,-1,300,5.629351537889647,4.754583275830976,0.32308187737244004,0.001750291715285881
1714,891.7422454801726,0,-1,300,5.758807160897843,6.757420002136132,0.453021309324217,0.001749271137026239
1715,1981.4356848768798,0,-1,300,4.668332482346956,9.041712334142211,0.8606106956496355,0.0017482517482517483
1716,2112.1375575168363,0,-1,300,4.433268436292232,8.773454000382504,0.9133068289042066,0.0017472335468841002
1717,933.825743960283,0,-1,300,5.206949303592268,5.877165536622246,0.4473109984124114,0.0017462165308498253
1718,720.8328922579653,0,-1,300,5.8185086318666555,5.627287097601948,0.3798544696364382,0.0017452006980802793
1719,274.7174018960325,0,-1,300,8.052034686724406,7.672418461334021,0.3427841215075121,0.0017441860465116279
1720,1627.9434368169514,0,-1,300,4.262123126190274,7.047036114737284,0.7102756887868228,0.0017431725740848344
1721,1197.1774238177018,0,-1,300,6.484755850001134,10.169664843513585,0.6214628518812576,0.0017421602787456446
1722,1404.0326006478385,0,-1,300,5.21606878513644,7.8906754285326635,0.632462799463929,0.0017411491584445734
1723,1387.0667688460248,0,-1,300,5.6110418004298745,8.765001049349479,0.6321903759042669,0.0017401392111368909
1724,1071.6903675030906,0,-1,300,6.579306215540547,9.51119228846306,0.5716566021575623,0.0017391304347826088
1725,1395.9080674406614,0,-1,300,5.775010336306038,9.18359871136765,0.6393807809667549,0.0017381228273464658
1726,790.4637182168947,0,-1,300,5.464282694318133,5.996549301848458,0.41286928558814306,0.0017371163867979154
1727,1245.408279515828,0,-1,300,5.807427359047781,8.591459066229467,0.6143485967356213,0.001736111111111111
1728,935.3200276212634,0,-1,300,6.105882464459836,7.940938282182579,0.4850442401420647,0.001735106998264893
1729,2168.7702636477757,0,-1,300,5.926898342081145,11.8132862311869,0.9481060140855158,0.0017341040462427746
1730,432.57668501152165,0,-1,300,7.093676478522737,6.760905008971292,0.3353045780066523,0.0017331022530329288
1731,1563.1019992666284,0,-1,300,4.760692261768805,7.799222225243422,0.6869976916576946,0.0017321016166281756
1732,98.8690957917008,0,-1,300,7.918874031282744,6.2043716851692166,0.24642829012831569,0.0017311021350259665
1733,1549.711764360105,0,-1,300,5.372414963952027,8.847171285690589,0.6860063473796844,0.0017301038062283738
1734,245.16946640829826,0,-1,300,8.193051824067844,7.368712215835476,0.3177901773391314,0.001729106628242075
1735,1138.2630203767806,0,-1,300,5.362818331976326,6.9544421443420905,0.5286306400953684,0.0017281105990783411
1736,290.3068746739141,0,-1,300,8.057863513309035,7.227749327447872,0.33293238284628673,0.0017271157167530224
1737,109.41049598977071,0,-1,300,7.6966985016194345,8.369448539431582,0.3450719096385641,0.0017261219792865361
1738,1020.8141833126856,0,-1,300,7.293977124604075,11.11653875117224,0.6045108179288854,0.0017251293847038527
1739,1547.9776302766088,0,-1,300,4.293424681286793,6.901566283000096,0.6771913643915713,0.0017241379310344827
1740,1711.3332199852757,0,-1,300,4.001738435573006,7.293918948019012,0.7430685465939957,0.0017231476163124641
1741,-49.293908704798,0,-1,300,9.146697007799567,10.2780387517363,0.3936380149279501,0.001722158438576349
1742,1646.2162934980317,0,-1,300,4.700698594989993,7.94411869131516,0.7211786950866051,0.0017211703958691911
1743,1037.8519476855283,0,-1,300,5.037365005960665,6.1320457629235205,0.4788357206146327,0.0017201834862385322
1744,1407.3914888816971,0,-1,300,5.388312598961498,8.575473719227093,0.6268254648595839,0.0017191977077363897
1745,834.0813473340191,0,-1,300,6.749041081454185,8.691435999385694,0.49217755678553915,0.001718213058419244
1746,1594.6112904302436,0,-1,300,3.3584252071444443,5.410303210112374,0.6896095600661842,0.0017172295363480253
1747,999.6547283346987,0,-1,300,6.401699052162691,9.040076782114632,0.551388263141282,0.0017162471395881006
1748,435.95304589860683,0,-1,300,6.468342301175258,5.218231144826416,0.30217085046636605,0.0017152658662092624
1749,1897.864813464875,0,-1,300,5.125298636400507,9.843949505831548,0.8292167453833683,0.0017142857142857142
1750,1758.133152232025,0,-1,300,4.871184288977398,8.771165924957918,0.7690893622640071,0.0017133066818960593
1751,762.3191865698998,0,-1,300,6.93872060898211,8.545425352637334,0.47022563470166356,0.0017123287671232876
1752,808.8352291451803,0,-1,300,7.2159257403467,9.691517799028997,0.5264823393492594,0.0017113519680547634
1753,2106.6179585745404,0,-1,300,5.4055109198913645,10.720842816041634,0.9182988146385767,0.0017103762827822121
1754,1165.6150757041291,0,-1,300,6.291596069080067,9.264814587497645,0.5922866880626252,0.0017094017094017094
1755,1016.1704883240877,0,-1,300,6.384131277057357,8.927597731346474,0.5408957506028546,0.0017084282460136675
1756,819.1086564883507,0,-1,300,6.000781466997515,7.236759212631105,0.446375048475925,0.001707455890722823
1757,112.96637568477189,0,-1,300,7.932859009497327,8.779541907991637,0.3704476793249043,0.0017064846416382253
1758,683.8051127548238,0,-1,300,7.710124989802252,10.985084562754396,0.5363709447659248,0.0017055144968732233
1759,1113.003885598289,0,-1,300,5.679208506462717,7.964593850348796,0.5680145004352092,0.0017045454545454545
1760,185.7285659981284,0,-1,300,7.544504978004849,5.408997052388124,0.2305347469692881,0.0017035775127768314
1761,1271.434257172912,0,-1,300,4.75296811008826,6.622539997054989,0.565411534647709,0.00170261066969353
1762,1039.5628932020295,0,-1,300,6.072448518591365,8.164448095732453,0.5442988281182735,0.0017016449234259785
1763,820.6833830840189,0,-1,300,6.686436590955595,9.029908224544668,0.5084625297297827,0.0017006802721088435
1764,744.1789894253319,0,-1,300,6.468799173154824,7.5462577221987495,0.44278724174680917,0.0016997167138810198
1765,1542.5635029790396,0,-1,300,4.245623652633652,6.768043020146219,0.6745769703026859,0.0016987542468856172
1766,1411.0390620149683,0,-1,300,5.829649940582256,9.377736481488306,0.6370886065547254,0.001697792869269949
1767,538.1981020717996,0,-1,300,6.476204646929574,5.214744051874111,0.31179658368040225,0.0016968325791855204
1768,541.9497826487836,0,-1,300,7.425249093095948,8.00211432904248,0.3969751978647507,0.0016958733747880158
1769,848.4363968163213,0,-1,300,5.354461391304784,5.814440752363269,0.4355456365874723,0.001694915254237288
1770,1710.901555033764,0,-1,300,5.669396647352442,10.292173635059413,0.7553961227858783,0.0016939582156973462
1771,1667.1862819531032,0,-1,300,5.42096702082029,9.367437533209555,0.7381870543934858,0.001693002257336343
1772,1259.4863724459346,0,-1,300,4.497009164773498,6.034598194453502,0.5585135572549405,0.001692047377326565
1773,1364.525616565288,0,-1,300,5.739942422952409,8.824213369477915,0.629153896600685,0.0016910935738444193
1774,817.0955158430771,0,-1,300,6.477278758036977,7.942470122097411,0.4837428499853948,0.0016901408450704226
1775,309.13286556415005,0,-1,300,7.17283452756887,8.327991698744711,0.4055951582287766,0.0016891891891891893
1776,1165.7212922596552,0,-1,300,5.781384319587897,8.429292869159719,0.5843355038124817,0.0016882386043894203
1777,1280.1107348515268,0,-1,300,6.266160341803654,10.35090149558844,0.6511836485827788,0.001687289088863892
1778,485.2693256965681,0,-1,300,6.872743454453986,6.621473486707368,0.3492926544271526,0.0016863406408094434
1779,1344.1436998826784,0,-1,300,5.9491083152799495,8.936257996444162,0.6046781873157152,0.0016853932584269663
1780,1020.8578439559515,0,-1,300,6.752082278387007,9.902574601256669,0.5588163969997774,0.0016844469399213925
1781,802.6648742755239,0,-1,300,6.396654858522381,7.276100801199006,0.44970972693765815,0.0016835016835016834
1782,1227.5031933379314,0,-1,300,6.819783282412657,10.847936635105464,0.6372641688676844,0.0016825574873808188
1783,1632.8703360787613,0,-1,300,4.694077381259238,8.122077108150245,0.7155682203922611,0.0016816143497757848
1784,1275.2600656127313,0,-1,300,5.4154172652504196,8.063279946216882,0.6084155038513268,0.0016806722689075631
1785,1785.631469235122,0,-1,300,3.778460283837602,7.079176473647182,0.7723515643100833,0.0016797312430011197
1786,1397.2696856113282,0,-1,300,5.17873675166798,7.893942374830109,0.6235621593963575,0.0016787912702853946
1787,276.8721107758394,0,-1,300,7.290202380132919,8.133476142644048,0.36493842552571665,0.0016778523489932886
1788,1582.5222295732522,0,-1,300,5.426540903229313,9.4808450920718,0.7000833190964081,0.0016769144773616546
1789,675.4900175219327,0,-1,300,7.6730349412910135,10.902152028367684,0.5358139361649862,0.0016759776536312849
1790,419.9588858748744,0,-1,300,8.368369594359946,9.536874719365828,0.41995819963544356,0.0016750418760469012
1791,664.1106579847602,0,-1,300,7.008657884198251,7.7969640326718,0.4152027701568659,0.0016741071428571428
1792,1018.8077450006931,0,-1,300,6.608647820361681,9.552693023041995,0.56286905998933,0.0016731734523145567
1793,448.6308011931392,0,-1,300,5.906981759226403,4.723893986999989,0.29006612093248757,0.0016722408026755853
1794,741.6530197193458,0,-1,300,7.229650564737926,9.584255148743788,0.5082422511610319,0.001671309192200557
1795,1594.6739822474046,0,-1,300,5.140318821305852,8.631731783231533,0.7029998837628783,0.0016703786191536749
1796,1206.035273830053,0,-1,300,5.288248633486256,7.471889148068527,0.5666117172341117,0.001669449081803005
1797,570.7978278210921,0,-1,300,7.108838976339498,7.853492909013164,0.41094250655101805,0.0016685205784204673
1798,1462.7337473266227,0,-1,300,5.238520295027654,8.295970237983067,0.6587960641544048,0.0016675931072818232
1799,929.5167863809256,0,-1,300,6.417510720710789,8.406778993794822,0.5061303241289671,0.0016666666666666668
1800,271.1754571871924,0,-1,300,7.464961320829835,6.6223296083611025,0.29544231005844895,0.001665741254858412
1801,1275.3536267858822,0,-1,300,4.350821427923832,5.65777115952842,0.5640285052035464,0.001664816870144284
1802,825.7617162462046,0,-1,300,7.3343440914189735,10.813953988566764,0.5616001292928955,0.0016638935108153079
1803,1474.059647560864,0,-1,300,5.391230484093963,8.706107017421258,0.6546257484477316,0.0016629711751662971
1804,1914.933751286836,0,-1,300,5.449264829621848,10.301605297442455,0.8387585492583454,0.0016620498614958448
1805,1703.1866023449415,0,-1,300,5.918264100111195,10.562985625308274,0.7540480650612259,0.0016611295681063123
1806,296.3766907072412,0,-1,300,8.795742538540326,9.712753163850369,0.3928000539331583,0.0016602102933038186
1807,748.8674301687821,0,-1,300,7.155185846788419,9.386749798846695,0.4920151338670104,0.00165929203539823
1808,1285.9501175035248,0,-1,300,4.334569733323615,5.836919146807456,0.5683218219597288,0.001658374792703151
1809,1885.4145022561595,0,-1,300,6.489584447103027,12.43513251063846,0.8388217372680646,0.0016574585635359116
1810,1115.690014142346,0,-1,300,5.611172905846467,7.8981268646384555,0.5375778473969209,0.0016565433462175593
1811,-120.18582769325944,0,-1,300,7.812215468712072,8.200034239112801,0.2987868340762797,0.0016556291390728477
1812,791.3934936689859,0,-1,300,7.036003378228813,9.219618736886595,0.5057010314612844,0.001654715940430226
1813,1642.6360331322735,0,-1,300,5.450172035301971,9.902043275487374,0.7748287544091649,0.0016538037486218302
1814,1246.0937572656574,0,-1,300,5.3686520686865125,7.581411339475459,0.5594706227091728,0.001652892561983471
1815,1463.394000460417,0,-1,300,4.276045014851074,6.393395291707851,0.6418178378032234,0.0016519823788546256
1816,2187.007727648666,0,-1,300,4.110486224925738,8.14981210182645,0.9420818665405549,0.001651073197578426
1817,312.3297811164366,0,-1,300,7.302431672142487,7.329767528977896,0.35294493822417305,0.0016501650165016502
1818,422.29828626129466,0,-1,300,7.0197776559162826,6.433122467377315,0.3231584118878561,0.0016492578339747114
1819,445.7815054346254,0,-1,300,6.939857762243408,5.959459137589714,0.31804673731106825,0.0016483516483516484
1820,302.7802211693013,0,-1,300,7.838613041151461,5.66500861488241,0.2694807912672447,0.0016474464579901153
1821,551.5195399617724,0,-1,300,7.5292527739885475,8.29901601072806,0.42135371662300874,0.001646542261251372
1822,1093.6172904750615,0,-1,300,5.921065496256893,8.28262269139774,0.5633862264218957,0.0016456390565002743
1823,1586.576768221699,0,-1,300,4.461427378993928,7.301777536724556,0.694534358768162,0.001644736842105263
1824,1043.9313791333332,0,-1,300,5.941181790134395,7.846887850262051,0.5311047540855595,0.0016438356164383563
1825,943.9755634804238,0,-1,300,5.635716249530048,6.531112064093769,0.46778579717551944,0.0016429353778751369
1826,1131.9402339913045,0,-1,300,6.325796851744664,9.425319688895723,0.5795990046695424,0.0016420361247947454
1827,1346.7668521541711,0,-1,300,5.613281971006153,8.478076041665094,0.6054100140385095,0.0016411378555798686
1828,775.8206507500056,0,-1,300,6.944853588084644,9.201335447326446,0.49161183746343456,0.0016402405686167304
1829,1140.2734705453745,0,-1,300,6.175479443068118,9.030544477728148,0.5683566227003793,0.001639344262295082
1830,1188.2745642044636,0,-1,300,4.8668742046560425,6.404367191321938,0.5454861533094604,0.0016384489350081922
1831,223.49683816484196,0,-1,300,8.236060659161668,10.821255116354196,0.4708355174598637,0.0016375545851528383
1832,817.2200288557502,0,-1,300,7.380407470822344,10.511982709104114,0.553239545502845,0.0016366612111292963
1833,-9.574566992916667,0,-1,300,7.427032567371063,4.6290950527955745,0.10785973379365356,0.0016357688113413304
1834,295.05959732101906,0,-1,300,7.314604587725207,7.425396101735349,0.351609018084015,0.0016348773841961854
1835,691.0573825711716,0,-1,300,7.1773922638652285,8.77479646446015,0.45690728758092236,0.0016339869281045752
1836,877.6193377099121,0,-1,300,7.464002969957866,11.275707122399174,0.5775956043403606,0.001633097441480675
1837,922.6624343898683,0,-1,300,4.29680630805599,4.304776461181398,0.4166687283061984,0.001632208922742111
1838,1480.5871656869456,0,-1,300,6.578449415188218,11.363211377125786,0.7024534242516737,0.0016313213703099511
1839,1088.3378633084487,0,-1,300,6.185190898538319,8.610511986417988,0.5502219816435625,0.0016304347826086956
1840,1342.9949648382137,0,-1,300,6.046328146166831,9.641146098427203,0.6708735154733695,0.0016295491580662683
1841,1055.1586657610187,0,-1,300,4.942397718665259,6.098408557275676,0.49191350119018107,0.0016286644951140066
1842,1090.4136102996806,0,-1,300,6.062296666918866,8.374786940971875,0.5560006732501619,0.0016277807921866521
1843,906.8185824723141,0,-1,300,5.912582167227713,7.612951011850566,0.47560894700758144,0.0016268980477223427
1844,653.8217249879957,0,-1,300,6.7172049022574365,7.397622009468684,0.4005058581171359,0.0016260162601626016
1845,1075.691163962004,0,-1,300,6.918513691137758,11.105623304378172,0.6319106704885236,0.0016251354279523294
1846,1553.8903031510922,0,-1,300,5.470279594612074,9.366956172114698,0.6884813899392132,0.0016242555495397943
1847,725.9672174678808,0,-1,300,7.319068319228906,9.702072711177053,0.5029403613649113,0.0016233766233766235
1848,1254.1921124379444,0,-1,300,6.406428952430717,9.9738619307092,0.6457873110898281,0.0016224986479177934
1849,1659.9428521620086,0,-1,300,5.363039864809369,9.349731010900603,0.7318656540535735,0.0016216216216216215
1850,1880.130221737924,0,-1,300,4.787871744142372,8.954665830990056,0.8192966304718697,0.0016207455429497568
1851,1358.527529014465,0,-1,300,5.361822628836965,7.998652954204626,0.6062668068056372,0.0016198704103671706
1852,782.9197427492751,0,-1,300,6.276860045814122,7.210435312870759,0.4479654009592474,0.0016189962223421479
1853,1637.9038641881295,0,-1,300,5.745104388673701,9.952771207639678,0.7255482263267735,0.0016181229773462784
1854,1825.801277475179,0,-1,300,5.31257347985907,9.912069176696411,0.8005948333802678,0.0016172506738544475
1855,131.14768745501473,0,-1,300,8.172296463204987,5.5423147553909695,0.23789973121981314,0.0016163793103448276
1856,557.149360707648,0,-1,300,7.30472866233588,8.212275081787993,0.41964433091426834,0.0016155088852988692
1857,1264.9436461167877,0,-1,300,4.947560332525932,6.931796981636729,0.5768742192621285,0.0016146393972012918
1858,1271.4710723193514,0,-1,300,5.0533222007283864,7.066441388380869,0.5676795299718592,0.0016137708445400753
1859,992.3419528438327,0,-1,300,6.219713313268058,8.288084689421623,0.523886018840872,0.0016129032258064516
1860,1196.9661730154749,0,-1,300,5.872303971055391,8.838578715437981,0.6119450311263459,0.0016120365394948952
1861,688.6670303034227,0,-1,300,7.029133915619063,8.78223884775145,0.48128246800174546,0.001611170784103115
1862,1072.1036150192087,0,-1,300,5.979255767708728,8.327405554036083,0.5463762374864272,0.001610305958132045
1863,1789.466164421695,0,-1,300,5.148770425611696,9.397337286597137,0.784226680034461,0.001609442060085837
1864,709.4139218277527,0,-1,300,7.426073000426577,9.525928823422502,0.48271386374582326,0.0016085790884718498
1865,949.3955168780826,0,-1,300,6.371712015844712,8.273969004606327,0.5032638262268202,0.001607717041800643
1866,896.8960151701535,0,-1,300,6.4504225053197315,8.5824294345125,0.5096458935277004,0.0016068559185859668
1867,1069.64001605967,0,-1,300,6.411486443024618,9.138744771848005,0.5338100441536078,0.0016059957173447537
1868,973.0393712439413,0,-1,300,6.082390260983088,7.944436048415552,0.5045992482670677,0.0016051364365971107
1869,1151.1999499590245,0,-1,300,6.517929705752815,10.325161714723151,0.6366038625732535,0.0016042780748663102
1870,1087.458910914092,0,-1,300,7.427633180181194,13.26263505392286,0.7381415820028561,0.0016034206306787815
1871,56.936749827076696,0,-1,300,9.122569070273553,6.429938276964014,0.23909909096319487,0.0016025641025641025
1872,1058.743840558369,0,-1,300,6.026058905345402,8.406754908840774,0.5627215953310998,0.001601708489054992
1873,509.8690513179964,0,-1,300,7.892023428303712,10.582100461433697,0.5050897106683806,0.0016008537886872999
1874,1041.5392024316475,0,-1,300,5.952929417125933,7.971368892154918,0.5316778831755333,0.0016
1875,1061.0326543021242,0,-1,300,6.207602968327779,8.689665570315782,0.547468901912044,0.0015991471215351812
1876,793.7299015552212,0,-1,300,6.880855741251515,8.894213846563554,0.4910172029647189,0.0015982951518380393
1877,810.5615305989306,0,-1,300,6.733458626888967,8.496388334456732,0.48222486661018166,0.001597444089456869
1878,778.4747136145364,0,-1,300,6.100229438371036,6.698940065368532,0.4224917000473366,0.0015965939329430547
1879,799.457823484597,0,-1,300,6.728292148926488,8.583236853704223,0.48251951682258787,0.0015957446808510637
1880,1745.3090605275877,0,-1,300,5.446526171194988,9.744658592467573,0.7680610548371238,0.001594896331738437
1881,1143.6092831977567,0,-1,300,4.792645803570522,5.766623049265844,0.5124487115258444,0.001594048884165781
1882,724.7131883250155,0,-1,300,6.4218954659868865,7.274028171946787,0.4195976525436821,0.0015932023366967605
1883,1263.8796919472766,0,-1,300,4.995185863834396,6.949203006689278,0.5640804322901228,0.0015923566878980893
1884,1160.349179572564,0,-1,300,5.857103688034368,8.540400390503583,0.5895804885323304,0.0015915119363395225
1885,870.9044070741218,0,-1,300,5.843773772460848,6.975262573499905,0.45314789412703116,0.0015906680805938495
1886,-25.508938513108642,0,-1,300,9.097982239145576,9.931719949082225,0.3799424903111847,0.001589825119236884
1887,856.8936430438938,0,-1,300,6.842752129081755,9.362617805282397,0.5183428090163237,0.0015889830508474577
1888,1538.3399018132093,0,-1,300,4.110359856839501,6.358347026013151,0.6718026580151335,0.0015881418740074113
1889,1055.026479682959,0,-1,300,5.624477274380689,7.612754269392403,0.531949796108112,0.0015873015873015873
1890,573.7545152341564,0,-1,300,7.195823359688258,8.996766954480066,0.4634973413771217,0.0015864621893178213
1891,1853.6984631308242,0,-1,300,4.8480561748906394,9.05391295057112,0.8087347809495227,0.0015856236786469344
1892,751.0715381027475,0,-1,300,7.145484372447059,8.899096086917844,0.4753394185981242,0.001584786053882726
1893,1203.6977633670813,0,-1,300,6.6103652611527375,10.998151468189082,0.6756794931321705,0.0015839493136219642
1894,1960.655744428879,0,-1,300,4.697494675230351,9.114204921517233,0.852171103576261,0.0015831134564643799
1895,1021.2852343466269,0,-1,300,5.92998756911293,7.7773553447724515,0.5104474931567355,0.0015822784810126582
1896,920.5173680021312,0,-1,300,6.980410239182786,10.347877125020336,0.5547654762106926,0.0015814443858724301
1897,724.4113508761018,0,-1,300,6.939926086332947,9.538162961865106,0.5030555021943729,0.0015806111696522655
1898,1043.6590126174005,0,-1,300,6.273458983936835,8.572993267217143,0.5408977865372029,0.001579778830963665
1899,1546.6271634252976,0,-1,300,5.394587427680585,8.828628905162043,0.6848873904681444,0.0015789473684210526
1900,586.5678912234591,0,-1,300,6.007940410974479,4.566608409069989,0.3181600772441557,0.0015781167806417674
1901,1173.148607072661,0,-1,300,5.277318727513996,7.291558722975938,0.5524616850589845,0.0015772870662460567
1902,812.4165094435257,0,-1,300,6.624915102279294,8.29764546111371,0.4748028271033824,0.0015764582238570678
1903,1464.5313429899795,0,-1,300,5.271948707860673,8.375537112887644,0.6699544633279907,0.0015756302521008404
1904,1174.6365759341734,0,-1,300,6.505707290426178,10.04142471914407,0.61123969467015,0.0015748031496062992
1905,1468.1166573780586,0,-1,300,5.962336015211662,9.972532833366754,0.6564327940216116,0.0015739769150052466
1906,1668.9920567047134,0,-1,300,4.6742811480079745,8.024296850326106,0.7304704655703567,0.0015731515469323545
1907,477.7772644598144,0,-1,300,6.935748034484165,6.571337890412177,0.3423357038660553,0.0015723270440251573
1908,1001.2686199491089,0,-1,300,5.34667808542122,6.197189017407372,0.48699749711181073,0.001571503404924044
1909,1704.8320982625148,0,-1,300,5.428755955659169,9.622370625970616,0.7510623772768258,0.0015706806282722514
1910,1295.3974751203014,0,-1,300,5.00430836067433,7.404121812979533,0.5897593063066582,0.0015698587127158557
1911,1115.450613448308,0,-1,300,6.142109893337822,8.910151973623373,0.5882760005258039,0.0015690376569037657
1912,892.9930511587103,0,-1,300,6.755182426531188,9.562007900319676,0.5416547156628523,0.0015682174594877157
1913,1558.2526727181012,0,-1,300,5.37335729593401,9.01529694658088,0.6895721266853809,0.001567398119122257
1914,678.7359783100983,0,-1,300,6.114954191933179,5.78162023889644,0.38721083533979467,0.001566579634464752
1915,1024.0555075372042,0,-1,300,4.922974868559957,5.549029818720245,0.46494402564663173,0.0015657620041753654
1916,1031.9464913964543,0,-1,300,5.851128345235757,7.756588149223446,0.5231489011063107,0.001564945226917058
1917,778.5748160110427,0,-1,300,6.829924885860678,8.40746171934326,0.47792487768781994,0.0015641293013555788
1918,1941.4257742078798,0,-1,300,5.488077051206094,10.435501983989035,0.8500879838039949,0.001563314226159458
1919,880.8855387388677,0,-1,300,6.618434367669088,8.891501276693443,0.5141602852884701,0.0015625
1920,585.3231268810232,0,-1,300,7.939158106573404,9.436045979279003,0.4488338907220055,0.0015616866215512754
1921,1369.1152729252103,0,-1,300,6.247343262970183,10.016414198827212,0.6515492931646559,0.0015608740894901144
1922,506.34997182842204,0,-1,300,7.1989359310377585,7.9852506704716415,0.4035649237390965,0.0015600624024961
1923,1341.6432691132484,0,-1,300,5.710041039608261,8.696756430017995,0.6018433365942483,0.0015592515592515593
1924,591.3907341667452,0,-1,300,5.802150288825938,6.47290644064843,0.38853044426319205,0.0015584415584415584
1925,1445.3842795649439,0,-1,300,5.187160318709613,8.345516881344567,0.6411471522090479,0.001557632398753894
1926,1224.0719828183874,0,-1,300,6.018765859461519,9.296175552216067,0.5966739758527413,0.0015568240788790867
1927,914.0390234870791,0,-1,300,7.092403327595583,10.226630280496204,0.5738039346982714,0.0015560165975103733
1928,1715.8440781990562,0,-1,300,4.322633883804877,7.281038502282758,0.7473547867114766,0.0015552099533437014
1929,759.3724309228757,0,-1,300,7.2647158602306945,10.038151518314754,0.5268257413086193,0.0015544041450777201
1930,1172.2972452557585,0,-1,300,5.893454742036999,8.568356648639112,0.5664705538844266,0.0015535991714137752
1931,1484.8716012288542,0,-1,300,4.971491342332328,7.924291230887666,0.6559826855795154,0.0015527950310559005
1932,1747.0407700531698,0,-1,300,4.548660734990606,8.209402432533649,0.7620486097012498,0.0015519917227108122
1933,1931.3410091630344,0,-1,300,5.064095901501713,9.814670138055746,0.8427061397458601,0.0015511892450879006
1934,406.51884799025146,0,-1,300,6.918084006418066,7.282334004671411,0.37411999548497504,0.0015503875968992248
1935,1449.1498997384247,0,-1,300,4.186613558270846,6.422770997846699,0.6352120599113743,0.0015495867768595042
1936,865.3486642340256,0,-1,300,6.315664697508514,8.002444349104831,0.46442476293891255,0.0015487867836861124
1937,1693.5933912117216,0,-1,300,5.759520883876639,10.165609931680088,0.7488603196339589,0.0015479876160990713
1938,1312.2048452144682,0,-1,300,5.1019348993486116,7.859394496789702,0.605063979846143,0.0015471892728210418
1939,2143.2140246419076,0,-1,300,5.414270003190725,10.759229755250043,0.9336128686247255,0.0015463917525773195
1940,1230.6729014626646,0,-1,300,6.275018077509003,9.923814725811956,0.6375097170198326,0.0015455950540958269
1941,1285.9618065227123,0,-1,300,4.649720697253358,6.308697251778491,0.5706903246138637,0.001544799176107106
1942,742.8829347372896,0,-1,300,6.4452452868693095,7.487881550466338,0.44360817366736505,0.001544004117344313
1943,302.03980375309607,0,-1,300,7.73352854662603,5.490199482715502,0.26014978732116295,0.0015432098765432098
1944,849.3996519530681,0,-1,300,6.470751446150775,7.724942825923322,0.47263328330062004,0.0015424164524421595
1945,1200.9314023261409,0,-1,300,6.545712987531335,10.590023351458944,0.6549932343071027,0.001541623843782117
1946,785.5601375591586,0,-1,300,6.780184505722456,8.642675546197593,0.4802460190744354,0.0015408320493066256
1947,1849.0555142538726,0,-1,300,5.411953929345512,10.072128344008945,0.8110294520758717,0.001540041067761807
1948,1358.1765997654884,0,-1,300,5.679071232383821,8.569344044188858,0.6208412764653127,0.0015392508978963571
1949,882.5649513398672,0,-1,300,6.93792715405724,9.979378132630526,0.5524782994137966,0.0015384615384615385
1950,1572.917012379661,0,-1,300,5.095897683169089,8.574396588025996,0.6936013211152938,0.0015376729882111738
1951,1482.1281956736661,0,-1,300,6.255868022210651,10.925552121051062,0.7156226228945536,0.0015368852459016393
1952,1025.8087892429226,0,-1,300,6.127375923814753,8.234778984694726,0.5275957691108012,0.0015360983102918587
1953,1005.3146918243355,0,-1,300,7.461833623139841,12.116202223044507,0.6312322226451563,0.0015353121801432957
1954,919.6952077376004,0,-1,300,6.905572416548704,9.465862735065274,0.5307069148469143,0.001534526854219949
1955,543.7376312922039,0,-1,300,7.860483999042983,10.29236983540225,0.4766157000947524,0.0015337423312883436
1956,889.7261157781725,0,-1,300,5.754867451278258,6.772637603436979,0.4772804854832204,0.0015329586101175269
1957,1645.221003369248,0,-1,300,4.872848183343834,8.223626738363896,0.7220551127789319,0.0015321756894790602
1958,1522.186860650881,0,-1,300,5.181339411127599,8.327813542257672,0.6731045708546572,0.0015313935681470138
1959,505.28938914319326,0,-1,300,7.450006108752818,7.946083452693915,0.40011339294258214,0.001530612244897959
1960,469.11519930357383,0,-1,300,6.8849862924428225,5.810797973500445,0.3216075175241825,0.0015298317185109638
1961,1445.8211418906096,0,-1,300,5.605587637607174,9.106437563680664,0.644467383069807,0.0015290519877675841
1962,1095.691661227681,0,-1,300,6.007399611734439,8.463520437541883,0.5673404110830916,0.0015282730514518594
1963,1059.671120607353,0,-1,300,6.603477314475846,9.407597288859614,0.56973956477956,0.0015274949083503055
1964,545.1822766847499,0,-1,300,7.4201412489667335,8.141559205817186,0.4065461750386875,0.0015267175572519084
1965,513.568397255819,0,-1,300,7.288058582298742,7.157421921161087,0.3577601136037909,0.001525940996948118
1966,1192.2539554061036,0,-1,300,6.299623555652822,9.827826335613707,0.6246123293860304,0.001525165226232842
1967,357.43676965100764,0,-1,300,8.179416845576183,8.46884600281347,0.36572437686216347,0.001524390243902439
1968,1527.5785404632682,0,-1,300,5.219613425023141,8.608637710100151,0.6756381592140357,0.0015236160487557136
1969,1305.8242857129692,0,-1,300,4.9607322380053045,7.383696933808292,0.5812989441654437,0.0015228426395939086
1970,501.89506484595034,0,-1,300,7.4888013817281305,7.664130592711131,0.3729722246676341,0.0015220700152207
1971,1705.8625999487167,0,-1,300,5.844668698450907,10.573344302295403,0.7546110985503467,0.0015212981744421906
1972,967.8534018949068,0,-1,300,6.145660520976241,8.068141811350397,0.514596637609975,0.0015205271160669033
1973,564.9935818838502,0,-1,300,7.901757158779987,9.98309394330015,0.46959629313083856,0.001519756838905775
1974,597.2717643034555,0,-1,300,6.800349625723483,7.085899161602932,0.3998298699699856,0.0015189873417721519
1975,1100.9384372015609,0,-1,300,6.375143396191209,8.974827486109234,0.5640154128797324,0.0015182186234817814
1976,1503.9279143778388,0,-1,300,5.334528896714023,8.577258434361237,0.6666455977161212,0.0015174506828528073
1977,621.62046489128,0,-1,300,6.79516071222609,7.034703419574447,0.40256240324348075,0.0015166835187057635
1978,793.9740431969207,0,-1,300,7.066693736970343,8.94525631310095,0.48610282436254815,0.0015159171298635675
1979,1644.0760969315986,0,-1,300,4.968671673400695,8.278888222644982,0.7222967446053391,0.0015151515151515152
1980,825.7029233252446,0,-1,300,6.785509879806046,8.511050946983861,0.4759707989718644,0.001514386673397274
1981,1245.6680005188177,0,-1,300,4.7021551347570565,6.522442457329568,0.5542944970601853,0.0015136226034308778
1982,1533.9084585968778,0,-1,300,5.830226329744728,10.113575284526718,0.7253490198930749,0.0015128593040847202
1983,569.8364403035863,0,-1,300,7.879840034470614,9.535038243614773,0.4550351514056401,0.0015120967741935483
1984,378.24409453968167,0,-1,300,6.583587371101942,4.359587114609844,0.24712933348493232,0.0015113350125944584
1985,543.371249523786,0,-1,300,7.180319323324076,7.400785940536694,0.3833540414743403,0.0015105740181268882
1986,2245.6216070145842,0,-1,300,5.464221012032524,10.917464930801044,0.9766573271796541,0.001509813789632612
1987,657.0005887862789,0,-1,300,7.297067679967285,8.283877193887301,0.43491676124213163,0.0015090543259557343
1988,1291.4018741291354,0,-1,300,5.4318664626605315,7.9315910984896405,0.6041336867830506,0.0015082956259426848
1989,1792.0100575398203,0,-1,300,4.395762245540905,7.955702002987625,0.7796390741498151,0.001507537688442211
1990,1500.051405629424,0,-1,300,6.377712190299558,11.40280253653599,0.7434812034831549,0.0015067805123053742
1991,1056.346528420073,0,-1,300,6.1197403377386195,8.588289399129284,0.5486730249337284,0.0015060240963855422
1992,1312.2363751616263,0,-1,300,5.9784522737764085,9.5276328520651,0.653632633739318,0.0015052684395383843
1993,825.7545159458388,0,-1,300,5.912899208061005,6.740786903505512,0.442776287970197,0.0015045135406218655
1994,1037.4255353482338,0,-1,300,6.187455077061455,8.730968341811968,0.5399453345674912,0.0015037593984962407
1995,988.7891530847363,0,-1,300,7.305362911906799,12.231059268581008,0.6745568354225733,0.001503006012024048
1996,1346.8973203877326,0,-1,300,5.5488847703538395,8.555242337576251,0.6028238526058752,0.0015022533800701052
1997,2160.0032463526936,0,-1,300,4.764190828380019,9.462427436991877,0.9357327838598055,0.0015015015015015015
1998,730.3368292164179,0,-1,300,5.191726116408716,4.667095061213873,0.3689141450924938,0.0015007503751875938
1999,2094.715529102009,0,-1,300,4.431666503726959,8.66346185219636,0.9060356359037898,0.0015
2000,607.3135321776804,0,-1,300,7.799663848245248,9.577267763131553,0.46236653488520524,0.0014992503748125937
2001,1607.5387248213908,0,-1,300,4.803751505572926,7.972705608186756,0.7058359383007102,0.0014985014985014985
2002,2077.8481468587656,0,-1,300,4.660930020856099,9.185101078333345,0.9007270363475732,0.0014977533699450823
2003,1413.7931128873006,0,-1,300,5.115533786691155,8.437250913624302,0.6274469671032253,0.0014970059880239522
2004,587.9269266392831,0,-1,300,7.778485495503093,9.28659712699724,0.44543478420559873,0.0014962593516209476
2005,1032.22451788926,0,-1,300,4.888258855398695,5.685542665234763,0.47030184765133093,0.0014955134596211367
2006,1379.1693776979685,0,-1,300,5.262365012436819,8.065448978485328,0.6141216449674296,0.0014947683109118087
2007,1581.2618045404986,0,-1,300,4.560428452772557,7.564316388961445,0.6930622986210013,0.00149402390438247
2008,1883.9787383197302,0,-1,300,3.959177039254746,7.330970384868641,0.8146849687609646,0.0014932802389248383
2009,696.1603389562559,0,-1,300,7.783904477893616,10.590074285010584,0.5204627681378657,0.0014925373134328358
2010,2020.5225441813536,0,-1,300,6.002044040419719,11.718886789522315,0.8868997237120457,0.0014917951268025858
2011,605.4367681559644,0,-1,300,6.630590689897127,6.747825776247294,0.39058012559129757,0.0014910536779324055
2012,643.9639318415403,0,-1,300,7.668908545646555,9.915087706235846,0.487046022662834,0.0014903129657228018
2013,1921.7850978275683,0,-1,300,4.09294138502887,7.612052715437773,0.8314408511492034,0.0014895729890764648
2014,1861.2173428840274,0,-1,300,4.526800540585601,8.235774226915352,0.8094582302560704,0.001488833746898263
2015,1036.6882766435506,0,-1,300,7.0004266807222955,10.681324488235644,0.6044575817184421,0.001488095238095238
2016,1231.228649000829,0,-1,300,6.219205844273651,9.460680853194395,0.604221567622245,0.001487357461576599
2017,575.403852624602,0,-1,300,7.277318217614573,7.407258167393942,0.4043285978804691,0.0014866204162537165
2018,1280.7771163309121,0,-1,300,5.923518499662228,9.10163975202222,0.6166259904163685,0.0014858841010401188
2019,511.36629442896646,0,-1,300,7.4148877794373265,9.043061713018828,0.4438484215974339,0.0014851485148514852
2020,1005.5764364470685,0,-1,300,6.893237213606484,10.763005529657557,0.6127044949275315,0.0014844136566056407
2021,474.98305175290824,0,-1,300,7.661397030022222,7.608306264024124,0.38106188796975754,0.001483679525222552
2022,1578.2280489025277,0,-1,300,5.084820152951537,8.334024307970232,0.6957311715231902,0.0014829461196243204
2023,1962.3304767551679,0,-1,300,4.213957712094804,7.972487984569184,0.8492423814886978,0.0014822134387351778
2024,1004.3916188029667,0,-1,300,6.308776131728277,8.715734769079894,0.5518708099318771,0.0014814814814814814
2025,1054.4599744150391,0,-1,300,6.863681897751688,10.395560424573718,0.6062457896098715,0.0014807502467917078
2026,634.1677984875946,0,-1,300,7.174042433537903,8.465206685694671,0.4468379456801403,0.0014800197335964479
2027,1354.347623654298,0,-1,300,4.719474646361425,6.977396349167464,0.5997075697036683,0.0014792899408284023
2028,613.2079734813043,0,-1,300,6.7380425715265675,7.271193798892333,0.40166541519793236,0.0014785608674223755
2029,949.4978089354073,0,-1,300,6.654301218588615,9.344950377956948,0.5464565040346698,0.001477832512315271
2030,351.7671432379101,0,-1,300,7.788926110544229,6.551262015400058,0.30959547948165933,0.0014771048744460858
2031,700.9439409340541,0,-1,300,6.733392615727814,7.439012080087715,0.42506436368286254,0.0014763779527559055
2032,1125.7430303957412,0,-1,300,4.9503121906646035,6.80111041646333,0.5361864941371405,0.0014756517461878996
2033,2017.5625815670157,0,-1,300,3.6345740633078574,7.083954358983773,0.8679103811277319,0.0014749262536873156
2034,1565.8423093346294,0,-1,300,4.832575720116932,8.384585800380025,0.6886786134569727,0.0014742014742014742
2035,1232.788221349966,0,-1,300,5.370815454172637,7.626636928188767,0.5794009401323817,0.0014734774066797642
2036,1780.427530909865,0,-1,300,4.374424526566853,8.203429016724021,0.7746529884950282,0.0014727540500736377
2037,2152.996759338371,0,-1,300,5.454542465852757,10.798729276208967,0.9379910515515504,0.0014720314033366045
2038,1830.1432227334358,0,-1,300,4.799480245158869,8.954149825227757,0.7985557779776229,0.0014713094654242277
2039,877.3522738841724,0,-1,300,5.89104765486257,6.96422252892996,0.47255973561889997,0.0014705882352941176
2040,436.23217331009886,0,-1,300,7.269167084122798,6.219352912398317,0.3223863937937588,0.0014698677119059284
2041,873.2334938438702,0,-1,300,6.667843023937497,8.311413465793487,0.4784294528889827,0.0014691478942213516
2042,376.24419954123965,0,-1,300,7.933033493677061,7.664893148258228,0.34653515008612357,0.0014684287812041115
2043,829.4803075190786,0,-1,300,5.708950668893682,6.389407861991418,0.42739738977608993,0.0014677103718199608
2044,411.85174046327427,0,-1,300,8.676001766001969,10.77802919069674,0.46039056166045933,0.001466992665036675
2045,1026.4852275752824,0,-1,300,6.661943011865079,10.192808573412533,0.5965129806453194,0.001466275659824047
2046,1154.5430190851985,0,-1,300,5.546388271773251,7.317175097926158,0.5393604827736794,0.0014655593551538837
2047,1386.1626818907603,0,-1,300,4.164357117809188,6.029818284235906,0.6088004625047184,0.00146484375
2048,263.812473763976,0,-1,300,8.319206657986609,6.760759352409937,0.29122528626244,0.0014641288433382138
2049,1723.7687758759141,0,-1,300,5.897308500529362,10.565396969105535,0.7624668037022676,0.0014634146341463415
2050,847.9451520515084,0,-1,300,7.299001352574319,10.80438118008584,0.5617572655040902,0.0014627011214041932
2051,645.0462372469601,0,-1,300,6.679750939100098,7.423757898951384,0.42234424693753836,0.0014619883040935672
2052,259.76783407212196,0,-1,300,6.522959014594065,6.229855251528678,0.263601421826605,0.0014612761811982464
2053,1513.8929017819582,0,-1,300,5.049381105031809,8.12154538757507,0.6686590673635552,0.0014605647517039922
2054,1941.988018352031,0,-1,300,5.238963500504831,9.99081257745725,0.8484539005671328,0.00145985401459854
2055,1146.4114276835858,0,-1,300,5.3416030496067055,7.266502728562659,0.5417709946130216,0.0014591439688715954
2056,1474.1997775552397,0,-1,300,4.946715762291736,7.889651995507262,0.6513502755318713,0.0014584346135148275
2057,1257.572771206233,0,-1,300,5.577522982637064,8.225655550198727,0.5917153032623671,0.0014577259475218659
2058,781.383334829729,0,-1,300,5.906922192752004,6.149692211327058,0.4112520983602593,0.0014570179698882952
2059,944.3203808713329,0,-1,300,6.262751164297078,8.122231390994024,0.525540674260372,0.0014563106796116505
2060,748.4382251060655,0,-1,300,6.081831809916019,6.352747086715048,0.4127920155885726,0.001455604075691412
2061,1867.1632291807935,0,-1,300,4.455176753460091,8.296434890613886,0.8113985044762809,0.001454898157129001
2062,1513.1539563908668,0,-1,300,4.128141692784154,6.431722196374378,0.6614418778587424,0.001454192922927775
2063,772.3404394636331,0,-1,300,6.437079358097141,7.306913608607582,0.44460316563002683,0.0014534883720930232
2064,1044.945535727817,0,-1,300,5.03562001768799,5.727602458996206,0.47442079676232624,0.0014527845036319612
2065,628.2337548969899,0,-1,300,6.505485787859078,6.373398809797674,0.36630045746859186,0.001452081316553727
2066,876.8446240564335,0,-1,300,6.667574797674864,8.447614660358912,0.48958590308611816,0.001451378809869376
2067,1225.151804249837,0,-1,300,6.106950424899091,9.384745687065664,0.6218233736394093,0.0014506769825918763
2068,164.6224437928514,0,-1,300,9.141631279375117,9.006211316803775,0.3467740677223585,0.0014499758337361043
2069,1962.9819480263375,0,-1,300,4.493780187301368,8.602252977056178,0.8516124964157338,0.0014492753623188406
2070,396.8175800728576,0,-1,300,8.438665961055909,9.721532069940173,0.4334489332872821,0.0014485755673587638
2071,896.331840708013,0,-1,300,6.303464691808339,8.067235285862571,0.49611018291058345,0.0014478764478764478
2072,480.55613807681016,0,-1,300,7.403120926132092,6.927067140682405,0.35473135161864383,0.001447178002894356
2073,758.8573208797261,0,-1,300,6.557414514036346,7.492766246615386,0.43820556718933434,0.0014464802314368371
2074,870.8199434212797,0,-1,300,6.970148245176256,10.379366668635297,0.5620681314496595,0.0014457831325301205
2075,2116.708287157581,0,-1,300,4.330504512741526,8.501270002351598,0.914440570161221,0.001445086705202312
2076,825.9232293651919,0,-1,300,6.845615530460487,8.861047818738731,0.4988387747368304,0.0014443909484833895
2077,305.6449497234326,0,-1,300,8.35368236176815,7.608192823424045,0.33078152249469395,0.0014436958614051972
2078,1584.5212409636963,0,-1,300,5.075863078515421,8.567862867667559,0.6982861568237391,0.001443001443001443
2079,1042.3941152590749,0,-1,300,5.45364416745192,6.999860218354471,0.5157883404526166,0.0014423076923076924
2080,1405.711885720194,0,-1,300,4.575186016038228,6.909306969879365,0.6200271808370346,0.0014416146083613647
2081,1174.1954467909989,0,-1,300,4.478288461446376,5.673252286129892,0.5228352662904302,0.001440922190201729
2082,1547.7878518218079,0,-1,300,6.039074570888044,10.5961302744233,0.7295021301945549,0.0014402304368698992
2083,736.724189877834,0,-1,300,6.89770709095306,8.32367643760977,0.4645477924263894,0.0014395393474088292
2084,914.4729232902083,0,-1,300,6.304901938981899,8.287053815377828,0.5199478418634508,0.0014388489208633094
2085,1449.7358162257885,0,-1,300,6.258118854812367,10.545768215403497,0.6700140817785006,0.0014381591562799617
2086,1048.3768472629936,0,-1,300,5.564519578751703,6.965875787364544,0.5042287097632415,0.0014374700527072352
2087,998.4086351004659,0,-1,300,7.1274463008817115,11.224112800082024,0.6261560069265375,0.0014367816091954023
2088,981.6607750620889,0,-1,300,6.215778494700838,8.228165898727019,0.5247380613881644,0.0014360938247965534
2089,743.3608404450314,0,-1,300,5.92730173346927,5.895994232127308,0.39231410638739755,0.0014354066985645933
2090,1352.2552090784536,0,-1,300,5.601264907662199,9.033410910176512,0.6408793246034783,0.0014347202295552368
2091,773.7207563066362,0,-1,300,6.211512003089846,6.936229391445162,0.42841934085990213,0.0014340344168260039
2092,253.26349121562302,0,-1,300,7.79718518436838,9.553694604012316,0.439472874023823,0.001433349259436216
2093,1718.8959988721015,0,-1,300,4.109898831192053,7.252170900401234,0.7470309074306495,0.0014326647564469914
2094,1000.6282230276393,0,-1,300,6.878821013936019,10.572946619072738,0.5858844230913082,0.001431980906921241
2095,1712.4997938805632,0,-1,300,4.371118589667621,7.6636879419432,0.7463249702060747,0.0014312977099236641
2096,1514.1729668197877,0,-1,300,6.277558644047804,10.856806380830877,0.6993038204058187,0.001430615164520744
2097,1162.985917244225,0,-1,300,5.309664122677716,7.0187863042500185,0.5352421102669102,0.0014299332697807435
2098,2004.572355822106,0,-1,300,4.86134653482259,9.399268434923922,0.8716985806037136,0.0014292520247737017
2099,995.2333249623832,0,-1,300,6.151066887772118,8.125147936673654,0.5016444578817243,0.0014285714285714286
2100,1092.286075350761,0,-1,300,6.411326662271188,9.469560022756657,0.5898030255362839,0.0014278914802475012
2101,468.243655899056,0,-1,300,7.802971766915894,8.477242041420077,0.3957262142438803,0.0014272121788772598
2102,937.2206426239171,0,-1,300,5.293006817997462,5.998512117077162,0.4650150514421183,0.0014265335235378032
2103,505.5669948361855,0,-1,300,6.368133091959515,5.761399612447591,0.33618973553614984,0.0014258555133079848
2104,835.8407389237595,0,-1,300,6.669535122895749,8.769096801094355,0.4967310529411249,0.0014251781472684087
2105,483.4951099901011,0,-1,300,6.440316851139401,5.082598740703377,0.3058854065093675,0.0014245014245014246
2106,722.7275292269659,0,-1,300,7.608309636279494,10.595105670198885,0.5248130104718844,0.0014238253440911248
2107,651.8350066876708,0,-1,300,7.544921064868212,9.577229350241351,0.4641135364553007,0.0014231499051233396
2108,432.3510656399093,0,-1,300,7.418480749304249,7.445085018748867,0.37012959106049775,0.001422475106685633
2109,1138.8337952440943,0,-1,300,5.29989223821024,7.231353304364614,0.5468752858446574,0.0014218009478672985
2110,1157.0987063564849,0,-1,300,5.144133825465175,7.447079484237627,0.5207054646728576,0.0014211274277593558
2111,842.9833951910907,0,-1,300,6.107415577903236,7.152012989783773,0.44777386643781664,0.0014204545454545455
2112,1716.4080301778513,0,-1,300,4.465290614937555,7.829916027706616,0.7486596921861355,0.001419782300047326
2113,521.3405143788656,0,-1,300,7.98406468417062,9.629552093391924,0.44951348087737597,0.0014191106906338694
2114,1379.1232074286213,0,-1,300,4.67645860597049,7.171384345355239,0.6097081093067042,0.0014184397163120568
2115,834.3136112574886,0,-1,300,6.6896065431368035,8.097404511077269,0.4777427046659573,0.0014177693761814746
2116,1263.3414170484764,0,-1,300,5.8756396160267075,9.144484840947314,0.6242070905162366,0.0014170996693434106
2117,866.8166889435926,0,-1,300,5.911152767752015,6.897294473523193,0.4458524766611498,0.00141643059490085
2118,1456.3860622760403,0,-1,300,4.417410361686689,7.076675745381235,0.6399581036610006,0.001415762151958471
2119,-29.329313444201222,0,-1,300,8.472030210023755,8.938120368851076,0.35991060117785506,0.0014150943396226414
2120,515.7471530537789,0,-1,300,7.020743724596391,6.686062556284358,0.34864475501952685,0.0014144271570014145
2121,-139.4854412914666,0,-1,300,9.50412587731784,8.415989346520355,0.2958329216973403,0.001413760603204524
2122,1977.7063776614355,0,-1,300,5.71501976750761,11.058248548640197,0.8669069722819048,0.001413094677343382
2123,2093.5597098448743,0,-1,300,4.993810971957138,9.88591054435519,0.9097701280583764,0.0014124293785310734
2124,913.9524728969508,0,-1,300,6.220359498826198,7.998065358666358,0.4941785582320088,0.001411764705882353
2125,1313.7617926524747,0,-1,300,6.260929600355679,10.12115307866278,0.6525945868392508,0.0014111006585136407
2126,816.8392371162091,0,-1,300,6.68036976124275,8.421261106796644,0.48377970981927065,0.0014104372355430183
2127,779.8695072201589,0,-1,300,6.609013933977365,8.240059006490087,0.46689328171462513,0.0014097744360902255
2128,701.6136390867382,0,-1,300,7.083151351509391,8.793361358768742,0.4755723522470924,0.0014091122592766556
2129,582.7413528193005,0,-1,300,7.023460398235885,8.306145684327356,0.4366830294473666,0.0014084507042253522
2130,406.1612907936178,0,-1,300,8.330841553516835,9.34471632744479,0.4098463014427459,0.0014077897700610043
2131,0.03743003273282908,0,-1,300,8.014785439223255,5.0189891052218965,0.13511897484054816,0.0014071294559099437
2132,1420.5915221207492,0,-1,300,6.067534140816371,9.86793589778455,0.6677580034609006,0.0014064697609001407
2133,1629.8926651550876,0,-1,300,4.140728157931632,6.844625506074669,0.7101774049991072,0.0014058106841611997
2134,1263.8837295351266,0,-1,300,6.3963976628184644,10.530738034785301,0.6754746935449382,0.001405152224824356
2135,1041.8111375884578,0,-1,300,5.599181849110959,7.541656773843148,0.5106371007249341,0.0014044943820224719
2136,1053.325542617519,0,-1,300,5.962615431406697,8.091999235884128,0.5433700721077814,0.0014038371548900327
2137,1244.9293959704553,0,-1,300,5.936541132278672,8.888496869397734,0.6064341272556668,0.001403180542563143
2138,2137.4622034128483,0,-1,300,4.955547060507867,9.827607462919554,0.9277758543758295,0.001402524544179523
2139,1090.7168354535702,0,-1,300,5.828860018545718,7.707207326673147,0.5278598062593393,0.0014018691588785046
2140,1603.8649606722472,0,-1,300,5.204484536272473,8.722503252161056,0.707310700968813,0.0014012143858010276
2141,314.06610760776994,0,-1,300,8.137827939802577,7.662592606268957,0.336022249790147,0.0014005602240896359
2142,1542.5259434115858,0,-1,300,6.07310070630146,10.603231518800138,0.7351341150450019,0.0013999066728884741
2143,825.2479628555918,0,-1,300,6.485402127441384,8.235057308716629,0.48029553147618725,0.0013992537313432835
2144,1656.9788708602484,0,-1,300,5.609487457549327,9.841071595243118,0.7324790187900563,0.0013986013986013986
2145,1193.5541658190784,0,-1,300,6.738317521687957,10.705711719803725,0.6546040871291471,0.0013979496738117428
2146,1028.7830891446847,0,-1,300,6.146193459741568,8.566953579472983,0.5344425758744197,0.0013972985561248254
2147,803.6426131740079,0,-1,300,6.219114212462983,6.967979597009738,0.46046308305839784,0.0013966480446927375
2148,1299.1370372200176,0,-1,300,4.7591535052061005,6.65900128687801,0.5770007501307204,0.0013959981386691485
2149,854.2011010909697,0,-1,300,6.051934138834997,7.423897736987043,0.4739493809611391,0.0013953488372093023
2150,1188.0033014365667,0,-1,300,6.124724181627069,9.316731079549509,0.5917273306676032,0.001394700139470014
2151,292.993128964889,0,-1,300,8.920023098473752,10.932735401617558,0.4469784863673015,0.0013940520446096654
2152,1081.8453585607813,0,-1,300,5.4498101952861004,7.015848627063824,0.5255137931499925,0.0013934045517882026
2153,868.798797944051,0,-1,300,5.6360622801391385,6.254243665976286,0.4478194838352166,0.001392757660167131
2154,960.3934174964054,0,-1,300,6.264569212662235,8.035808228254467,0.4768690540756491,0.0013921113689095127
2155,1234.824028478941,0,-1,300,6.727369798119781,11.031614880542245,0.6602917957850514,0.0013914656771799629
2156,567.0616558675882,0,-1,300,7.35757770589395,8.34359810749795,0.42274739108460324,0.0013908205841446453
2157,846.8359175669397,0,-1,300,7.05403880916233,9.04377821871735,0.4883608996768624,0.0013901760889712697
2158,879.8964733876091,0,-1,300,6.6702638773149605,9.628669740383383,0.5425827864653822,0.0013895321908290875
2159,1809.7845541258143,0,-1,300,4.688154935165844,8.660522293999163,0.7892380595661668,0.001388888888888889
2160,1259.6649133686647,0,-1,300,4.3084854150339345,5.835518920175282,0.557174021183031,0.0013882461823229986
2161,673.9410751263055,0,-1,300,6.2807286947168635,6.174716219375528,0.38999765512958634,0.0013876040703052729
2162,1423.4587207873008,0,-1,300,6.2391166275013985,10.240897329620063,0.644318592102097,0.0013869625520110957
2163,1484.936910870841,0,-1,300,6.361803675234265,11.02590329598433,0.7069174922650292,0.0013863216266173752
2164,813.0679954712161,0,-1,300,7.071880411551223,9.06885992475512,0.49184463956931085,0.0013856812933025404
2165,810.8649094879137,0,-1,300,5.688045331523374,6.0914343452076745,0.4352630533456598,0.0013850415512465374
2166,748.3213292747308,0,-1,300,6.602385629142297,8.033962944644756,0.4542144280663889,0.0013844023996308261
2167,2068.182972600451,0,-1,300,4.812264472576292,9.349766726459674,0.8978348887945108,0.0013837638376383763
2168,1441.411622187164,0,-1,300,4.5643020052343335,7.403582651250745,0.6348204409505758,0.0013831258644536654
2169,552.3720700890009,0,-1,300,6.988930297291342,6.649031961647621,0.3719792202588357,0.0013824884792626728
2170,502.263893381204,0,-1,300,7.183673447462344,8.25641140773122,0.40605878608314794,0.0013818516812528789
2171,1002.3494749623844,0,-1,300,5.372156478412339,6.581319591212001,0.4780541748422078,0.0013812154696132596
2172,2262.3058411211405,0,-1,300,4.820464699339774,9.630390318435039,0.978780919045523,0.0013805798435342844
2173,1726.5194534189372,0,-1,300,4.723259192279549,8.438615188758556,0.7548075495333209,0.0013799448022079118
2174,1217.366186523354,0,-1,300,5.667499908553247,8.217415173909759,0.5637187087801434,0.001379310344827586
2175,1103.2704619379865,0,-1,300,5.32604308107314,7.044834083030957,0.5133045283252359,0.0013786764705882354
2176,455.3190193590342,0,-1,300,7.433790008408947,7.6361449693380745,0.36944390758383494,0.0013780431786862655
2177,702.177334825639,0,-1,300,7.504892936297009,9.265685935317654,0.4786562712066957,0.0013774104683195593
2178,259.2286264883276,0,-1,300,7.921158821984897,7.6050867564378875,0.33680440072258855,0.0013767783386874712
2179,662.2515370363112,0,-1,300,7.5056321930120555,9.085793551740498,0.4578219194045555,0.0013761467889908258
2180,744.589412471357,0,-1,300,6.418364441857294,6.996679761003958,0.4260872515578257,0.001375515818431912
2181,1037.6613457788326,0,-1,300,5.989080109721413,8.303328619358194,0.5322090677851529,0.001374885426214482
2182,1461.146402452288,0,-1,300,6.301746432435344,10.662960553682632,0.7043063472661295,0.001374255611543747
2183,1265.967558750485,0,-1,300,5.748418389373796,8.452020840726883,0.5924057911413303,0.0013736263736263737
2184,381.96058345279084,0,-1,300,6.558561450056785,7.414584435857497,0.38755981897367214,0.0013729977116704805
2185,1458.9334420163002,0,-1,300,5.169616651623284,8.208716853592007,0.6575488257048451,0.0013723696248856359
2186,1219.0568545714027,0,-1,300,5.847549676783783,8.962850377099896,0.6078671011593197,0.0013717421124828531
2187,1696.6764835782192,0,-1,300,4.604488007541086,8.106268851458532,0.7414821948808165,0.0013711151736745886
2188,1239.2435226454775,0,-1,300,5.075845500348044,7.245580789245932,0.5663463640703595,0.0013704888076747374
2189,962.9164009168636,0,-1,300,5.813006658768607,7.353701384117128,0.49337898390996476,0.0013698630136986301
2190,796.8852365224369,0,-1,300,6.57827661267781,8.208686866730977,0.48425164144390387,0.0013692377909630307
2191,1507.3363795088815,0,-1,300,5.906398286144189,9.907293102357597,0.6932851250050757,0.0013686131386861315
2192,1030.9669456047304,0,-1,300,6.04306539474848,7.881929009947378,0.5283702864718561,0.0013679890560875513
2193,1154.0678509136608,0,-1,300,5.894607918173994,8.595149677918409,0.5800420022983613,0.0013673655423883319
2194,1988.347269647825,0,-1,300,4.499781685803536,8.719150029096623,0.8622263916634536,0.001366742596810934
2195,1583.5788336738003,0,-1,300,5.0532627248593736,8.457194012234707,0.6977239844671957,0.001366120218579235
2196,1083.4810994345432,0,-1,300,6.35930089207639,9.009762510137122,0.5729774451559588,0.0013654984069185253
2197,680.9711468883182,0,-1,300,7.766481854917311,11.18108945965779,0.5431494651033101,0.001364877161055505
2198,485.9639801488045,0,-1,300,8.297246427501433,10.411623797968296,0.46180516321911746,0.001364256480218281
2199,1208.7473490125699,0,-1,300,5.581169993826032,7.8382413133026105,0.5678321562896087,0.0013636363636363637
2200,752.2482297821341,0,-1,300,6.387924741309241,6.914690466184556,0.4233347929467738,0.0013630168105406633
2201,450.5051558523355,0,-1,300,7.83553677509763,9.50866932953271,0.45098505364958424,0.0013623978201634877
2202,1172.586865547127,0,-1,300,5.468748859443381,7.7154716080932575,0.5581439522612224,0.0013617793917385383
2203,687.8562574577824,0,-1,300,7.1771356428450765,9.127598480377614,0.489728818678552,0.0013611615245009074
2204,474.4993255940102,0,-1,300,6.2898189146528045,5.8349085874793065,0.3307132581881473,0.0013605442176870747
2205,868.4078364070231,0,-1,300,5.955973875064552,6.664931243915864,0.43072257536188385,0.0013599274705349048
2206,1778.636535653728,0,-1,300,5.620411910903385,10.225157968537276,0.7832516458541623,0.001359311282283643
2207,740.5186403925576,0,-1,300,7.1368912058636855,8.661728417501964,0.45918407445651277,0.001358695652173913
2208,984.2871547930848,0,-1,300,6.696167668257107,9.43040475240473,0.5504514344071486,0.001358080579447714
2209,617.3091791797088,0,-1,300,6.986494801571012,7.148877423494125,0.4026870998241964,0.0013574660633484162
2210,1130.229221671464,0,-1,300,5.5129682286789965,7.273548234093546,0.5377505118076488,0.0013568521031207597
2211,999.9695012922706,0,-1,300,6.482155188925599,8.914910877411248,0.5353899915296919,0.00135623869801085
2212,1082.3811899379855,0,-1,300,5.476165636315423,7.363982798352513,0.5175458544473834,0.0013556258472661546
2213,1120.205262893026,0,-1,300,5.809666457018293,7.887392998649728,0.5379012330657605,0.0013550135501355014
2214,1434.0029743373373,0,-1,300,4.962695383810073,7.531096148295422,0.644397115627022,0.0013544018058690745
2215,995.7239697951968,0,-1,300,6.896946106947132,9.88193246033763,0.5539174249797856,0.0013537906137184115
2216,668.9317752873749,0,-1,300,6.369521344390229,6.934873526186111,0.4096080230779634,0.0013531799729364006
2217,1317.7522127000668,0,-1,300,4.708943590563078,6.700343353756562,0.5843804988875846,0.001352569882777277
2218,239.63038030693912,0,-1,300,8.630846107715348,8.520506346953285,0.34653445773752833,0.0013519603424966202
2219,2019.3363305212058,0,-1,300,4.64244602180971,8.939399984223202,0.8762084828807417,0.0013513513513513514
2220,1583.2932912284637,0,-1,300,5.288632801916924,8.996009638858864,0.6993702840262369,0.0013507429085997298
2221,1132.6051662533332,0,-1,300,6.150963134870057,8.827796001701127,0.5630250818519259,0.0013501350135013501
2222,775.7352306745602,0,-1,300,7.38439148184231,10.061626257710905,0.5223504364569734,0.001349527665317139
2223,1765.3235372222352,0,-1,300,5.242888154064379,9.366245739310026,0.7748731349980804,0.0013489208633093526
2224,321.35838693337877,0,-1,300,8.486118832022443,7.18571029090863,0.3117722937699917,0.001348314606741573
2225,865.0419015230432,0,-1,300,6.930182765465601,9.761609549686138,0.5520234761859413,0.0013477088948787063
2226,858.991135892203,0,-1,300,7.379069574305111,10.822623084963038,0.5520093194671959,0.001347103726986978
2227,499.0663766282513,0,-1,300,7.512258193451559,8.512430233478225,0.4091398800572087,0.0013464991023339318
2228,1036.8780450452205,0,-1,300,6.524799743521991,9.429273880406848,0.5617951702566267,0.0013458950201884253
2229,1466.1850235123895,0,-1,300,6.627964083186523,11.297219936075447,0.6913700137127172,0.0013452914798206279
2230,1232.0879665078962,0,-1,300,4.853493138461655,6.775124333237417,0.5497711845834198,0.001344688480502017
2231,449.94680436347005,0,-1,300,5.810157036497717,4.25701135451057,0.26868141842429594,0.0013440860215053765
2232,1821.8724546911,0,-1,300,5.1257345679495865,9.712352711856468,0.7975565320475806,0.0013434841021047917
2233,1137.5212135546676,0,-1,300,6.232231447986837,8.781267284809159,0.5483590554978228,0.0013428827215756492
2234,1856.1855900529233,0,-1,300,5.838096891705835,10.952667388036863,0.8171963892098442,0.0013422818791946308
2235,1881.853564356141,0,-1,300,5.58961356602706,10.666036620222455,0.8260277535602616,0.0013416815742397137
2236,1016.3962543634732,0,-1,300,6.036435073388162,8.119576103481693,0.52246325769177,0.0013410818059901655
2237,721.5604539535541,0,-1,300,6.288235232183753,6.653793212734685,0.41104506828946524,0.0013404825737265416
2238,1032.1662729812617,0,-1,300,6.651637717061767,9.880325845561208,0.5902795048111348,0.0013398838767306833
2239,785.1100983610067,0,-1,300,6.211791831873837,6.589778518940607,0.4267516915193647,0.0013392857142857143
2240,1035.43500526074,0,-1,300,6.179058305917308,8.37097377887902,0.5359829654860907,0.0013386880856760374
2241,1266.7538595155781,0,-1,300,5.978200382475842,9.009875962774792,0.6147251157343128,0.0013380909901873326
2242,1020.2058788065083,0,-1,300,7.13833569485461,11.061322478416379,0.6077435664477318,0.0013374944271065537
2243,1036.2225331116288,0,-1,300,7.748686701678753,13.050477985832623,0.6801709399015116,0.001336898395721925
2244,691.0959127751823,0,-1,300,7.012251584078378,8.154858402431717,0.442425783699496,0.0013363028953229399
2245,27.629416440595275,0,-1,300,7.8587871974655625,7.07655344416029,0.21717632099491666,0.0013357079252003562
2246,763.0676177964407,0,-1,300,5.967172918596329,7.481214690473809,0.45735691963708,0.0013351134846461949
2247,960.1128597640055,0,-1,300,6.584832711613026,9.432303017538997,0.5531205682840233,0.0013345195729537367
2248,950.6273405611721,0,-1,300,6.738559557321327,9.320382157095347,0.5498079597198969,0.0013339261894175188
2249,242.8190409152795,0,-1,300,8.341432052093417,6.86725193544582,0.2953823056803365,0.0013333333333333333
2250,424.7163068715796,0,-1,300,6.089679974924743,4.8412237649872125,0.28674263329291816,0.0013327410039982231
2251,2016.2499735409667,0,-1,300,4.72290022882574,9.12418838005531,0.8755259073582626,0.0013321492007104796
2252,1545.4604764838227,0,-1,300,4.92989823907123,8.258337798524297,0.6809161019946268,0.0013315579227696406
2253,229.1611624875324,0,-1,300,8.145539994998403,5.960983328860746,0.26467393898479463,0.0013309671694764862
2254,794.3248745651719,0,-1,300,6.841171312229402,8.6983796570221,0.49590429128061486,0.0013303769401330377
2255,975.1096975373084,0,-1,300,6.027750035394454,8.078933268423366,0.5111876286324049,0.0013297872340425532
2256,1403.9684629793119,0,-1,300,5.023442300151783,7.907334417515076,0.6226626768258519,0.001329198050509526
2257,2196.6930160067745,0,-1,300,4.358264029704358,8.686365110540965,0.9479757368922719,0.001328609388839681
2258,629.5332411813707,0,-1,300,6.659452803672544,6.662514217059717,0.39376230913124716,0.0013280212483399733
2259,1701.946231313134,0,-1,300,4.667446071038107,8.06658012511679,0.744150108579926,0.001327433628318584
2260,1200.8378873479915,0,-1,300,5.08665183051303,7.011369291141192,0.5405950688634028,0.0013268465280849183
2261,1147.5024382908132,0,-1,300,5.916584839104674,8.372660415473375,0.563204756234783,0.001326259946949602
2262,424.6947067492779,0,-1,300,8.135247053507575,8.577298246835557,0.3876737933372655,0.0013256738842244808
2263,1277.3325638589322,0,-1,300,5.078399740908494,7.2463367979736555,0.5732024044449033,0.001325088339222615
2264,1524.0986983142461,0,-1,300,5.322040254621969,8.801342214915088,0.6749564262072683,0.0013245033112582781
2265,1204.095541939977,0,-1,300,6.691965902887488,10.374924538343834,0.6112019871649061,0.001323918799646955
2266,1031.3752258144084,0,-1,300,6.30199913415162,8.884006995125123,0.5517943180231399,0.0013233348037053375
2267,1704.380058327766,0,-1,300,5.234081331732297,9.534721473993319,0.7494139676245605,0.0013227513227513227
2268,526.0899450502267,0,-1,300,7.484431458053987,7.584461119296078,0.3722861291343915,0.0013221683561040105
2269,587.4323835020191,0,-1,300,7.077373751127743,7.542475562904935,0.393244344677861,0.0013215859030837004
2270,602.2391549233452,0,-1,300,6.794461498591861,8.211075959717894,0.43308271120817077,0.001321003963011889
2271,1033.87383775701,0,-1,300,6.429448283275119,9.146003489537193,0.5673679123227495,0.0013204225352112676
2272,848.5382081048257,0,-1,300,5.959499522196739,6.7472914449840085,0.4409278638025672,0.0013198416190057193
2273,530.8250789349545,0,-1,300,8.730924025372342,12.928029629984476,0.559562012752581,0.0013192612137203166
2274,639.6735482821676,0,-1,300,7.647877879851636,9.446432034271709,0.45913806425252535,0.0013186813186813187
2275,637.8215789375416,0,-1,300,7.540194125681974,9.136523732404818,0.44957943471794964,0.0013181019332161687
2276,808.3475634707769,0,-1,300,7.126696978532958,9.398928492303519,0.5041698419453158,0.0013175230566534915
2277,559.9512550233095,0,-1,300,7.835427265571467,9.762363481654088,0.4658133536840922,0.0013169446883230904
2278,1156.5566238997737,0,-1,300,6.143710512413866,9.458113242587464,0.6014991441004945,0.0013163668275559457
2279,1495.2222129643449,0,-1,300,5.1530704472284965,8.639703351035589,0.6616572837560245,0.0013157894736842105
2280,1557.2552596286323,0,-1,300,5.117261438611836,8.519824807123786,0.687235818968185,0.00131521262604121
2281,1211.0276086936065,0,-1,300,5.462996841530259,7.782135186057638,0.5765784062347312,0.0013146362839614374
2282,840.0707061214974,0,-1,300,6.256632408658598,7.438579575960768,0.4640716078485037,0.001314060446780552
2283,143.9139190380916,0,-1,300,8.936558786641156,10.131931461323122,0.40962828114643773,0.0013134851138353765
2284,1224.1367642166836,0,-1,300,5.854762873571824,8.632397761720656,0.5992843162760398,0.001312910284463895
2285,652.7435249472824,0,-1,300,6.850618405434107,7.720562949396219,0.4349260793501288,0.0013123359580052493
2286,617.9465011145948,0,-1,300,6.283356029962301,5.568488384990376,0.3537568646568308,0.0013117621337997377
2287,878.4217643908951,0,-1,300,6.54978310668524,8.38995778158588,0.49255630273744977,0.0013111888111888112
2288,822.0116301749474,0,-1,300,6.371004196522994,7.521362702019038,0.46417482178822655,0.001310615989515072
2289,479.84464965370626,0,-1,300,7.670938972994463,8.284746101987404,0.4000053730885958,0.0013100436681222707
2290,716.4892874195727,0,-1,300,6.58095476183689,7.961967060811515,0.45026499945418813,0.0013094718463553033
2291,946.8760442279674,0,-1,300,5.974936847171881,7.551303041877165,0.499784707731759,0.0013089005235602095
2292,889.986395796172,0,-1,300,5.858188504508562,6.864684233546313,0.4408533152080602,0.0013083296990841692
2293,579.3077108007287,0,-1,300,6.643125955690221,6.358702456226407,0.3730216175882147,0.0013077593722755014
2294,216.208628947684,0,-1,300,5.872420708809154,3.847389755363378,0.1835296529010628,0.00130718954248366
2295,998.7581123443617,0,-1,300,7.074383679938228,10.726019797774034,0.5940433998137659,0.0013066202090592336
2296,1135.9659964578934,0,-1,300,5.1441086335751915,6.9518710986515515,0.5118999799426031,0.00130605137135394
2297,-172.37762295643134,0,-1,300,9.576534608690638,8.041662049936088,0.24390605860161577,0.0013054830287206266
2298,1238.5815519628595,0,-1,300,5.931758861412994,9.323536723967566,0.65349252199691,0.0013049151805132667
2299,350.2339100555412,0,-1,300,7.310241957024006,6.702928016666977,0.31519891523470983,0.0013043478260869566
2300,837.7993363706597,0,-1,300,6.241942144834724,7.592074458852256,0.47297537473674717,0.001303780964797914
2301,1214.7968737760957,0,-1,300,4.009065948093137,5.336494856747209,0.5362333586840716,0.0013032145960034753
2302,461.3795047707663,0,-1,300,7.072935907232501,7.920925568767281,0.414676908999588,0.0013026487190620929
2303,1066.322153130968,0,-1,300,5.9392594753540475,8.043217205917149,0.532688296154463,0.0013020833333333333
2304,711.0248550728223,0,-1,300,7.22677848401063,9.324231215542756,0.5023788015491002,0.0013015184381778742
2305,541.2955693151491,0,-1,300,8.076470773901391,9.74989876668988,0.4476656594918227,0.0013009540329575022
2306,788.9077293841348,0,-1,300,6.903488953111017,8.544847667561122,0.4699429379531438,0.0013003901170351106
2307,1146.0483748916204,0,-1,300,6.144135784205514,9.170387862492609,0.5851640389978466,0.0012998266897746968
2308,817.8481305749319,0,-1,300,5.920036953060852,6.647804461287658,0.4344118244649696,0.00129926375054136
2309,1332.3597483498784,0,-1,300,5.2128807114991895,7.582360538292842,0.5942465004820268,0.0012987012987012987
2310,1807.7452805917796,0,-1,300,5.609303874126756,10.264084157758937,0.7952969793025253,0.0012981393336218088
2311,686.0373278010826,0,-1,300,7.532492130403211,9.642964272202619,0.48403759327717616,0.0012975778546712802
2312,677.6146543391847,0,-1,300,7.068532328950975,8.064661583014018,0.4323813224468442,0.0012970168612191958
2313,1602.1008344128297,0,-1,300,4.17274254905839,6.991704196981867,0.6988375834566173,0.0012964563526361278
2314,779.4624039084189,0,-1,300,6.599065870041937,7.920652674815562,0.4607675427868018,0.0012958963282937365
2315,507.3051108932023,0,-1,300,7.419392846392229,8.662851532248993,0.4242716728504798,0.0012953367875647669
2316,537.0795476991292,0,-1,300,6.285233894289554,5.406903545135837,0.32619699274526925,0.001294777729823047
2317,505.1329636368108,0,-1,300,7.0646927089819975,7.175328174078189,0.3721154669610414,0.0012942191544434857
2318,749.1221246817081,0,-1,300,6.1496375366835405,6.677336412128166,0.41647946894684357,0.00129366106080207
2319,839.0562883190572,0,-1,300,7.222079556303359,9.085507866834508,0.4907501241583356,0.001293103448275862
2320,620.7252617356293,0,-1,300,7.410990818674457,7.962247967214359,0.4108929736912793,0.0012925463162429987
2321,719.7693617417027,0,-1,300,7.149482868281042,8.266218278187912,0.45629964702863723,0.0012919896640826874
2322,2033.5477655521308,0,-1,300,3.794872213324534,7.4435971423284535,0.8757731105799884,0.0012914334911752045
2323,1253.3535485050938,0,-1,300,5.742358391328801,8.19476704762203,0.5763759483288646,0.0012908777969018934
2324,1062.1765247177696,0,-1,300,4.884446972601849,5.922648461317402,0.48787329013928826,0.0012903225806451613
2325,1594.476539404814,0,-1,300,5.1356794317469365,8.566729815214739,0.7028828204901073,0.0012897678417884782
2326,1385.2465843064654,0,-1,300,6.032550180536862,9.679420853467951,0.6483352254439396,0.001289213579716373
2327,1458.515694469379,0,-1,300,5.070815236860315,7.994397838247708,0.6457459869720267,0.001288659793814433
2328,1782.2118573793339,0,-1,300,5.204420157030728,9.591126547047224,0.7816214250857868,0.0012881064834693002
2329,1684.615424870033,0,-1,300,5.876000654617161,10.376277040507736,0.745993098605476,0.0012875536480686696
2330,778.9331979839437,0,-1,300,7.534172217837789,11.020586830053833,0.5588243496250314,0.001287001287001287
2331,1295.1591847892385,0,-1,300,5.643786885210257,8.497194683815586,0.6122579231761355,0.001286449399656947
2332,862.9289347581529,0,-1,300,6.97964135597364,9.425773364783842,0.5130606823310159,0.0012858979854264896
2333,531.0951290396968,0,-1,300,7.078920914549667,6.97745437219697,0.36401784778130464,0.0012853470437017994
2334,1350.6340789513815,0,-1,300,6.162775713551363,10.087509030244968,0.6681121196583732,0.001284796573875803
2335,1841.938669276368,0,-1,300,5.088574194329749,9.511242745560834,0.8056387519892926,0.0012842465753424657
2336,1275.1364157732696,0,-1,300,4.45950739615889,5.9500492194293875,0.5647531453767201,0.0012836970474967907
2337,771.9558399601032,0,-1,300,6.811863095554533,8.21487846986996,0.46942295352213403,0.0012831479897348161
2338,129.229648091491,0,-1,300,7.612450955912271,9.394438032885624,0.42884643094770847,0.0012825994014536127
2339,438.73693382054756,0,-1,300,6.949335362305196,6.115929152756131,0.330554239728743,0.001282051282051282
2340,741.374652119053,0,-1,300,7.483963231900524,9.38304300663632,0.4879461834050689,0.0012815036309269544
2341,914.6863572297385,0,-1,300,6.253064677647478,8.069360934927829,0.503321744013987,0.0012809564474807857
2342,1611.707151477609,0,-1,300,4.926749530494068,8.501004194160647,0.7084952679277091,0.0012804097311139564
2343,564.138483750583,0,-1,300,7.276218625850067,7.849146431000101,0.4037829364616086,0.001279863481228669
2344,1571.6116466617966,0,-1,300,4.5431668643991285,7.651529874388237,0.6889119375920747,0.001279317697228145
2345,1438.5468529326656,0,-1,300,4.519714664959324,6.802670197881707,0.6332923820424722,0.0012787723785166241
2346,832.2235746724219,0,-1,300,6.742271196917941,8.90661157165833,0.508969818899963,0.0012782275244993609
2347,379.1014255221765,0,-1,300,7.437819558483848,6.0326631110410736,0.30934604124220455,0.0012776831345826234
2348,1796.503811161186,0,-1,300,5.755967272004704,10.766751048721238,0.791713009190529,0.001277139208173691
2349,985.787608037421,0,-1,300,5.80072051549523,7.36713743465252,0.5053558793482755,0.001276595744680851
2350,917.5665825697951,0,-1,300,6.312946147757344,8.325443512293768,0.5070513808654363,0.0012760527435133986
2351,926.1973509782001,0,-1,300,4.948881226124516,5.4173236308465835,0.44105727892767194,0.0012755102040816326
2352,740.4803347145433,0,-1,300,6.548202239989841,7.719971881374095,0.4360147808856359,0.0012749681257968552
2353,901.6004365616809,0,-1,300,5.9736430002592975,7.085643574690307,0.46721736975611244,0.001274426508071368
2354,970.1358042901969,0,-1,300,6.7769225134519555,9.676883213941188,0.561609500875189,0.0012738853503184713
2355,768.6867975268493,0,-1,300,7.353526254470124,10.204179613973338,0.5315901170992371,0.0012733446519524619
2356,1284.9230495257627,0,-1,300,6.01007217743957,9.016748407930663,0.6209213533427448,0.0012728044123886295
2357,1722.04825290513,0,-1,300,3.932843506918838,6.844689309723512,0.7470164316790286,0.001272264631043257
2358,613.0602069585083,0,-1,300,6.8237033436294725,8.161702399061797,0.42786254347865743,0.001271725307333616
2359,571.976903400525,0,-1,300,7.812311486276837,9.758452732126978,0.4600109465402967,0.001271186440677966
2360,594.7239124172065,0,-1,300,6.2646722762978575,5.117246241127232,0.33467798230156476,0.0012706480304955528
2361,1197.7057392084755,0,-1,300,6.8992736868166595,10.82523229646815,0.6220646944188422,0.0012701100762066045
2362,1070.900445249107,0,-1,300,5.0363504823815735,6.3247958383307195,0.4855513982639935,0.0012695725772323319
2363,946.1968170417155,0,-1,300,4.037619677688126,3.7537125265567055,0.4276840638184014,0.0012690355329949238
2364,397.36893975603886,0,-1,300,7.46868644720479,6.807557016881372,0.3339437587691772,0.0012684989429175475
2365,1432.3327748035135,0,-1,300,6.585860916332452,11.321086897862681,0.6753831548952364,0.001267962806424345
2366,1337.533469898157,0,-1,300,4.884663144197747,7.077227757456049,0.5939405860390488,0.0012674271229404308
2367,1323.6266423624459,0,-1,300,5.261184099950498,7.568986057992688,0.5909699817339814,0.001266891891891892
2368,1046.3624799911233,0,-1,300,7.024490420728184,10.844037439134055,0.6021101388408684,0.001266357112705783
2369,930.8614472372205,0,-1,300,7.05571622854708,10.322865063683503,0.5672558745550975,0.0012658227848101266
2370,1948.3573460595749,0,-1,300,4.8879544769224355,9.27424762541545,0.8484752194350744,0.0012652889076339097
2371,1028.5068884203313,0,-1,300,6.630023517876594,10.132549303858077,0.5928107441359202,0.0012647554806070826
2372,775.3135889360432,0,-1,300,6.917446884008595,8.362302217527333,0.4572416792888319,0.0012642225031605564
2373,1509.801108710673,0,-1,300,3.770700792929454,5.836495070620482,0.6573640512430846,0.0012636899747262005
2374,465.54718782523196,0,-1,300,6.936337779671629,7.636197877204375,0.40194779319145174,0.0012631578947368421
2375,1344.9438319070957,0,-1,300,5.726143295479783,8.804040338717822,0.6109655720378413,0.0012626262626262627
2376,1146.0800698278883,0,-1,300,6.621148937588975,9.783540455356535,0.5967826054516756,0.0012620950778291964
2377,1030.8717220367735,0,-1,300,5.831360850498453,7.781103940595264,0.5209012603747563,0.001261564339781329
2378,1724.5799781109497,0,-1,300,3.8210056281504383,6.530861346289853,0.7472325330906903,0.0012610340479192938
2379,946.8140442568744,0,-1,300,5.954668936036209,7.764215440532516,0.5083940058052628,0.0012605042016806723
2380,690.1171639458208,0,-1,300,6.008875781330193,6.440283360786817,0.4112291014879766,0.00125997480050399
2381,1458.0434815845304,0,-1,300,4.828547132645918,7.684515406475035,0.6437322208217316,0.0012594458438287153
2382,1074.3014415698829,0,-1,300,4.5736926486243386,5.248356083022439,0.4819282955188008,0.001258917331095258
2383,1979.498638880331,0,-1,300,4.320131511459898,8.17693258824648,0.8571920858694206,0.0012583892617449664
2384,835.5120467958471,0,-1,300,6.014717224273353,6.498325679502446,0.4370801692337673,0.0012578616352201257
2385,945.2383987285274,0,-1,300,6.042830073510619,8.086441370204295,0.5369288231154058,0.0012573344509639564
2386,1789.9762245664567,0,-1,300,5.533404521517644,10.1857098720708,0.787323960814073,0.0012568077084206116
2387,1759.6998314300852,0,-1,300,3.919064725503436,7.128964413672825,0.7626012485371453,0.001256281407035176
2388,1603.3353042477459,0,-1,300,4.208534143727841,6.802114960658762,0.6996203828478532,0.0012557555462536626
2389,1534.2254778558256,0,-1,300,4.168689484869576,6.736948602987939,0.6705257869097828,0.0012552301255230125
2390,1063.5897954612442,0,-1,300,5.636136847724772,7.3249153011340615,0.49616956813642854,0.0012547051442910915
2391,1160.9931395997128,0,-1,300,4.6475065832333495,5.951058316676299,0.5186034408741305,0.001254180602006689
2392,786.130384567218,0,-1,300,5.518466334114245,5.405157886767975,0.41631417292995676,0.0012536564981195152
2393,661.3183643284095,0,-1,300,6.483755916426718,6.743627161835457,0.3960160118557757,0.0012531328320802004
2394,735.7629376163238,0,-1,300,6.677020848032925,7.189335038351496,0.41923216708427297,0.0012526096033402922
2395,1102.4298368162736,0,-1,300,5.436918772022298,7.060083756405079,0.5245080203466493,0.0012520868113522537
2396,1090.0719923308836,0,-1,300,4.9839125152304184,6.289179861103649,0.5147967667426788,0.0012515644555694619
2397,997.2961715014831,0,-1,300,5.314458853580527,6.2258427765107305,0.47492749393712064,0.0012510425354462051
2398,1696.2068151005503,0,-1,300,6.062285058140964,11.131477535155762,0.782770546839814,0.0012505210504376823
2399,245.07198071643882,0,-1,300,8.389345669101445,7.203253624472794,0.30621330160770716,0.00125
2400,830.3794449702291,0,-1,300,5.776166848179105,6.859510017750831,0.4417280542969478,0.0012494793835901709
2401,1202.3698944408543,0,-1,300,6.5236951261088025,10.36308321817878,0.6434281556865308,0.0012489592006661116
2402,2135.5120944258897,0,-1,300,4.524671963111,8.936247370660826,0.9237317457341205,0.0012484394506866417
2403,690.1959934003528,0,-1,300,5.153420463557926,4.851118542710287,0.36805288011108855,0.0012479201331114808
2404,1066.544752367752,0,-1,300,5.197815069262098,6.282709803474911,0.4932204434780029,0.0012474012474012475
2405,1047.4765799855684,0,-1,300,6.125163655802921,8.650034358844932,0.5716425050319586,0.0012468827930174563
2406,817.7117485516172,0,-1,300,6.035032651219696,6.663411546861462,0.43218951554358315,0.0012463647694225177
2407,901.7458476178354,0,-1,300,6.845831856655268,9.47939350405366,0.5428535530362764,0.0012458471760797341
2408,818.6968241212626,0,-1,300,7.460928055144289,10.75056877324893,0.5374982321786856,0.0012453300124533001
2409,939.7680206517684,0,-1,300,5.5852868040409165,7.157151719411093,0.4816606995416684,0.0012448132780082987
2410,1299.916561353628,0,-1,300,5.683520731301689,8.757643317614356,0.6241572908178152,0.001244296972210701
2411,391.4022953906687,0,-1,300,8.578066587392192,9.713375191885188,0.4172774887865839,0.0012437810945273632
2412,814.2261215149357,0,-1,300,7.101699823079833,9.596260721717005,0.5068742485568327,0.0012432656444260257
2413,1554.691052955071,0,-1,300,6.180450807780452,10.524949837044105,0.7263777032499125,0.0012427506213753107
2414,774.1795221649232,0,-1,300,6.774843077696935,8.118549369424416,0.45998484026783215,0.0012422360248447205
2415,731.3852103353258,0,-1,300,6.010822468958774,6.038881026066453,0.3968806434720185,0.0012417218543046358
2416,1788.2547868633799,0,-1,300,5.004499179602484,9.107863407521313,0.7826399050400936,0.0012412081092263137
2417,746.4421235532384,0,-1,300,7.7786472650626335,12.041906951852603,0.5994414224145072,0.0012406947890818859
2418,1066.9301151294455,0,-1,300,5.837045208530611,7.893503304211019,0.529648867404103,0.0012401818933443572
2419,950.0177980697968,0,-1,300,6.651179078803258,8.991751865372532,0.5257481203707618,0.0012396694214876034
2420,855.0432445643696,0,-1,300,7.558638005040842,11.477204331272235,0.5839464682100005,0.0012391573729863693
2421,925.3194109352489,0,-1,300,6.207844911836247,8.038734347083489,0.5220557342223278,0.0012386457473162675
2422,725.4493546217358,0,-1,300,7.219297067380403,9.163472154705817,0.4771990616501023,0.0012381345439537762
2423,2020.9189290102568,0,-1,300,3.9975347411892934,7.82858325937098,0.8720310643131931,0.0012376237623762376
2424,2094.7425681670306,0,-1,300,4.035041863593817,7.9450744804452205,0.9030722173798829,0.0012371134020618556
2425,1040.6387053138346,0,-1,300,5.779374769743978,7.54906927239833,0.5127156709639947,0.001236603462489695
2426,864.6729165897149,0,-1,300,5.874018737814035,6.8101691863354805,0.46593253749653535,0.0012360939431396785
2427,971.7174927023009,0,-1,300,5.888833762649178,7.517938494303947,0.49907922198592286,0.0012355848434925864
2428,778.399014227843,0,-1,300,6.221061483759544,7.360709122187127,0.44673162030979396,0.0012350761630300535
2429,1110.5026212531016,0,-1,300,5.977825840191206,8.279363273614926,0.5548098595110587,0.0012345679012345679
2430,1451.9616422717588,0,-1,300,4.8630935262549455,7.423446001710558,0.6414572190601454,0.0012340600575894694
2431,1109.4267058793816,0,-1,300,6.073616289281225,8.557375281994888,0.5557203667976259,0.0012335526315789473
2432,1794.3631127464387,0,-1,300,6.400912445287834,11.829305849621756,0.7956581403173412,0.0012330456226880395
2433,1455.862572237806,0,-1,300,5.809615151188487,9.467514214204135,0.672477976071459,0.0012325390304026294
2434,586.4862947328216,0,-1,300,7.1643792076565855,9.538621837968583,0.4886414630996768,0.0012320328542094457
2435,967.9700958238236,0,-1,300,6.847450078183101,10.031757608426652,0.5744570511825072,0.0012315270935960591
2436,854.6643273081893,0,-1,300,5.278004381984537,5.2460433005224765,0.41516975201719675,0.0012310217480508822
2437,999.5523064176023,0,-1,300,6.806484454948749,9.910733552150491,0.5595129540221159,0.0012305168170631665
2438,1695.9378946040908,0,-1,300,3.771198989803366,6.449018638821203,0.7349247818418965,0.0012300123001230013
2439,1027.5186186488256,0,-1,300,6.619881998967514,9.212768362673064,0.5292238890940226,0.0012295081967213116
2440,1467.6569130500955,0,-1,300,5.917137287172534,10.117787789907153,0.68129444140893,0.0012290045063498567
2441,1018.9245748926943,0,-1,300,6.011929927208909,8.209104833387132,0.529313955255793,0.0012285012285012285
2442,1594.5533116812426,0,-1,300,4.571500581628749,7.548042652304174,0.6986834675627345,0.0012279983626688497
2443,1108.5459032170675,0,-1,300,5.983156784083861,8.709684003375127,0.5629922881995716,0.0012274959083469722
2444,875.1422275811196,0,-1,300,6.4366506513801,8.466535875502736,0.513593034158082,0.001226993865030675
2445,1337.262647168527,0,-1,300,5.109913828619099,7.455965202968423,0.5955171233681967,0.0012264922322158627
2446,2182.27165880661,0,-1,300,5.21940718173885,10.40168169389312,0.94842541169913,0.0012259910093992644
2447,609.7578885482753,0,-1,300,7.218394306700869,7.158713810127689,0.3853920289817489,0.0012254901960784314
2448,801.5165824317186,0,-1,300,7.137336059052573,9.105198732999453,0.49180931813376133,0.0012249897917517355
2449,2143.920681793022,0,-1,300,4.557167258157678,8.988181468735753,0.9274790385166093,0.0012244897959183673
2450,839.8992412066226,0,-1,300,6.155783032090907,6.897992575676444,0.45758742599468216,0.0012239902080783353
2451,797.7898014439276,0,-1,300,7.552589088866812,11.28250922595461,0.5815935074934623,0.0012234910277324632
2452,543.1555310900875,0,-1,300,5.239298679964634,5.041528676772769,0.32390331746838164,0.0012229922543823889
2453,974.9357995409753,0,-1,300,5.74148039470237,6.86736099872079,0.4807147446785489,0.0012224938875305623
2454,893.9682866931786,0,-1,300,6.5406387504918015,9.020314097428416,0.520128331987279,0.0012219959266802445
2455,1092.8899279950156,0,-1,300,5.035181986753423,5.914904248404059,0.5059239396675066,0.0012214983713355048
2456,1118.9828490744694,0,-1,300,6.7002253633156945,10.577516930101154,0.6138739586482651,0.001221001221001221
2457,1088.6268805070006,0,-1,300,5.948032065362775,8.365946662580116,0.5635170644170063,0.0012205044751830757
2458,1496.7343082385914,0,-1,300,5.110195330957594,8.510714389612504,0.6619657600815949,0.0012200081333875558
2459,1696.046074834365,0,-1,300,4.829288623816071,8.54159121544288,0.7429055291929394,0.0012195121951219512
2460,344.9135753392001,0,-1,300,6.823359376986261,6.50085487354256,0.3158471842111091,0.001219016659894352
2461,456.9392402549528,0,-1,300,7.685451606404599,7.775093993611528,0.37634956128871294,0.0012185215272136475
2462,1431.8894961522383,0,-1,300,4.596278541408993,6.900255765413515,0.6310927124573342,0.001218026796589525
2463,360.2377275507337,0,-1,300,7.638544857127081,5.468853608491874,0.27552339357784755,0.0012175324675324675
2464,1103.7323591885618,0,-1,300,6.205472953991762,8.700725175899043,0.5762941501403174,0.0012170385395537525
2465,785.7168200369775,0,-1,300,6.334742723782947,7.521118632989022,0.45055141919087455,0.0012165450121654502
2466,1765.2789461047155,0,-1,300,4.071706163618473,7.5976883096559416,0.7660706904374371,0.0012160518848804217
2467,665.1391703084248,0,-1,300,6.845328975948161,7.27099631019943,0.3999583966853872,0.0012155591572123178
2468,1683.6801041988606,0,-1,300,4.152715867619445,7.225078817905013,0.7326787457566707,0.001215066828675577
2469,1249.7294440074704,0,-1,300,4.580115509095311,5.952494580551109,0.5578309481707452,0.0012145748987854252
2470,753.0258172718676,0,-1,300,7.944283239972074,12.162973596297428,0.5994075936539367,0.0012140833670578712
2471,1071.4652502251547,0,-1,300,5.088587670412689,6.420977172993446,0.5056821559949224,0.0012135922330097086
2472,763.216693662002,0,-1,300,4.873481130562061,4.207762387901356,0.37716931982723,0.001213101496158512
2473,1300.2227354956187,0,-1,300,4.077921387410813,5.570510028560908,0.5723438835287552,0.0012126111560226355
2474,932.1289625190815,0,-1,300,6.562519743162479,8.846894013482313,0.537644654035824,0.0012121212121212121
2475,632.0712408461652,0,-1,300,7.063644460570619,7.777503844723242,0.4098482765212302,0.0012116316639741518
2476,700.0146897537929,0,-1,300,6.315108783610338,7.061579094046977,0.4263178099315952,0.0012111425111021397
2477,778.9289593050212,0,-1,300,7.124749319917987,8.814484454398048,0.4722190352556476,0.0012106537530266344
2478,1212.5533158996898,0,-1,300,5.499340817239815,7.789649651702601,0.5732280337196732,0.0012101653892698668
2479,1352.5967118755277,0,-1,300,5.600876704083962,8.731045253051716,0.6319487426758982,0.0012096774193548388
2480,488.4897371561536,0,-1,300,8.182923370931068,10.63260776008403,0.4856294180633047,0.0012091898428053204
2481,313.08112963898566,0,-1,300,7.227766910244932,4.5001306054984,0.2367802954733864,0.0012087026591458502
2482,1172.8603973578358,0,-1,300,5.6835488511180925,8.312558773982106,0.5778199096676754,0.0012082158679017317
2483,1080.4755205743927,0,-1,300,5.614369882715405,7.251691120983756,0.5073582129835648,0.0012077294685990338
2484,1401.6300642614292,0,-1,300,5.122067314149811,7.694294379415085,0.6312039936119808,0.0012072434607645875
2485,539.8942830130552,0,-1,300,7.697117629475362,8.933882631836877,0.43301583115655073,0.0012067578439259854
2486,890.3570817936454,0,-1,300,5.968410123641684,7.344088136475779,0.47437655898723513,0.0012062726176115801
2487,1012.3452882317295,0,-1,300,5.99449988963473,8.086656228183067,0.5267597895547835,0.0012057877813504824
2488,754.7455843318487,0,-1,300,6.326260085088788,6.754344295919543,0.4140237021407081,0.0012053033346725592
2489,1515.19431532001,0,-1,300,3.4616590298706553,5.071623286912182,0.657293407440701,0.0012048192771084338
2490,529.7863246078895,0,-1,300,7.571312786830278,9.064358854917652,0.4363969865366811,0.0012043356081894822
2491,338.56223579914854,0,-1,300,7.737038938767504,7.094631863893227,0.32714626624170134,0.001203852327447833
2492,855.5919340869787,0,-1,300,6.157512097882423,7.353560625828078,0.4686180815955137,0.0012033694344163659
2493,910.850137011863,0,-1,300,6.373624751801988,8.52360082097957,0.5107421377820532,0.0012028869286287089
2494,770.0408853116837,0,-1,300,7.484523578215205,10.707733512210615,0.5503765249635224,0.0012024048096192384
2495,500.75025017684874,0,-1,300,7.788672728651195,8.595373409312204,0.41275974196505816,0.001201923076923077
2496,-82.78266044666894,0,-1,300,7.618557031056927,6.274683861451756,0.07051311354949691,0.0012014417300760913
2497,733.8925928472257,0,-1,300,5.834380807570939,5.857162652137537,0.39297476351540495,0.0012009607686148918
2498,599.8153431808316,0,-1,300,6.521888594862782,6.282282968825441,0.3667666647777043,0.0012004801920768306
2499,420.76101344512585,0,-1,300,7.096276952129578,5.843773708492512,0.29938110784812827,0.0012
2500,815.867582378679,0,-1,300,6.734264989067485,8.196706469329111,0.4620034401482433,0.0011995201919232307
2501,1011.893198103396,0,-1,300,7.043412212338764,10.803004358182788,0.6152923966923108,0.001199040767386091
2502,1360.2880935670669,0,-1,300,4.107541533911359,6.206524864700212,0.5975932671572793,0.0011985617259288853
2503,808.3873435182691,0,-1,300,6.401240158991638,7.452115311870164,0.4346777480565935,0.0011980830670926517
2504,810.1463677170399,0,-1,300,6.352234527533811,7.677896130847412,0.47281236558715006,0.0011976047904191617
2505,1265.0052097056032,0,-1,300,4.8075941692405815,6.3643494464305155,0.563142460313306,0.0011971268954509178
2506,1139.669320069759,0,-1,300,5.792652843877379,8.384646513837847,0.5851598941209843,0.0011966493817311527
2507,1157.6625366708497,0,-1,300,5.452921881720594,7.409842606784573,0.5587113414412795,0.0011961722488038277
2508,605.9744652522601,0,-1,300,7.008662967477682,7.1074524824772745,0.38832866878306876,0.0011956954962136308
2509,53.93616608974457,0,-1,300,7.825801769899073,7.048977014975812,0.2335631867879403,0.001195219123505976
2510,823.6727355863414,0,-1,300,7.055540798243087,9.351660261459784,0.5023901262951243,0.0011947431302270011
2511,1614.0240089689996,0,-1,300,5.032201405271888,8.46416544629415,0.7102515142766234,0.0011942675159235668
2512,471.7419731934309,0,-1,300,8.111053529374741,9.748048352115633,0.4420071760554856,0.001193792280143255
2513,309.4714594317654,0,-1,300,7.703074336204548,8.369225087398133,0.38896471889465734,0.0011933174224343676
2514,4.488061287157844,0,-1,300,7.977727568494753,7.665295829014148,0.1479222106168576,0.0011928429423459245
2515,554.7618386973305,0,-1,300,7.912824512097089,9.309968590319153,0.4438765374972535,0.0011923688394276629
2516,738.6185800427908,0,-1,300,6.925433624282432,8.148908004503705,0.44287748787741776,0.0011918951132300357
2517,1332.8400244814175,0,-1,300,4.996136970641686,7.342030875088887,0.5928210374804027,0.0011914217633042098
2518,795.6837803097268,0,-1,300,6.4975565674782025,7.44700293826742,0.4454636522313094,0.0011909487892020642
2519,1455.5248268941882,0,-1,300,5.001330550010829,7.912981126498921,0.6439786569976597,0.0011904761904761906
2520,1094.3327253502937,0,-1,300,5.627592504381,7.590766488405614,0.5257258474821258,0.001190003966679889
2521,1527.8993198830158,0,-1,300,4.510710775041744,7.242862670900848,0.6704550474307361,0.0011895321173671688
2522,1135.265354588713,0,-1,300,4.738113788131016,5.900429647560818,0.5113362327606182,0.0011890606420927466
2523,553.1277999365791,0,-1,300,7.898330550372284,9.017306153531967,0.4331259152904739,0.0011885895404120444
2524,1607.9436425959914,0,-1,300,5.977727771858136,10.468060130536605,0.72442331561256,0.001188118811881188
2525,1138.6936806447234,0,-1,300,6.403465513411887,9.504429420482149,0.6031523412147813,0.0011876484560570072
2526,2056.5364083790532,0,-1,300,3.944635206034009,7.724686961512613,0.8864749342031936,0.001187178472497032
2527,795.1741221248443,0,-1,300,7.726272345748054,11.526471003542092,0.5771340487657394,0.0011867088607594937
2528,1595.9022827420927,0,-1,300,4.923940966761736,8.485067582272741,0.7018888417265846,0.0011862396204033216
2529,1117.7807680309281,0,-1,300,6.327350968821902,8.982905515998592,0.5654164906298149,0.0011857707509881424
2530,1071.6850174997478,0,-1,300,6.922215862182972,10.486263698844558,0.6023665577812535,0.001185302252074279
2531,833.495003254592,0,-1,300,6.945582113940454,8.972495388738837,0.4950039061857303,0.001184834123222749
2532,276.51212495015915,0,-1,300,8.928045234109591,8.651101977582327,0.34999609934830056,0.0011843663639952626
2533,664.173105675168,0,-1,300,7.121407837364475,8.485048396165714,0.4277619546484951,0.0011838989739542227
2534,1096.217726826949,0,-1,300,5.944745983031907,8.063691274374754,0.5533078482426976,0.001183431952662722
2535,755.8690211960386,0,-1,300,6.996899678020871,8.954110541920016,0.4759380407214033,0.0011829652996845426
2536,2218.443821026397,0,-1,300,3.8091184914019465,7.582763551451192,0.9529199807798456,0.0011824990145841545
2537,729.0259627169413,0,-1,300,7.9829553446171655,11.839785730482422,0.5755352021889636,0.001182033096926714
2538,843.3115489462539,0,-1,300,7.544413446557567,10.9341985562131,0.5622108942214994,0.0011815675462780622
2539,546.550607063247,0,-1,300,7.126553317010189,6.726757306588125,0.35388682766876967,0.0011811023622047244
2540,823.9394650270589,0,-1,300,6.873499938977244,8.701352874299728,0.46662000071011095,0.0011806375442739079
2541,740.1697161176993,0,-1,300,6.395936059218544,7.301540919116169,0.43865506949180333,0.0011801730920535012
2542,982.5835709195717,0,-1,300,6.208123574539167,8.234314687342698,0.5054540347398281,0.0011797090051120724
2543,694.1995731631164,0,-1,300,7.273598122377893,9.11191411133357,0.47790630888598284,0.0011792452830188679
2544,760.2965237362101,0,-1,300,7.386237553906512,10.483177249286214,0.5429132326187487,0.0011787819253438114
2545,948.7373269691604,0,-1,300,5.6747923794428905,6.684217965118227,0.45515325029013826,0.001178318931657502
2546,1016.0164367137173,0,-1,300,5.291828543898119,6.411472054528656,0.4694250953442947,0.001177856301531213
2547,1013.9446116985018,0,-1,300,6.169473905841624,8.876403964184828,0.5633757360155248,0.0011773940345368916
2548,657.6404445798496,0,-1,300,6.636909978320938,6.575230752786088,0.37967411455603245,0.0011769321302471558
2549,1352.9113332079994,0,-1,300,5.830723588202508,9.037246338330842,0.6236455479997296,0.001176470588235294
2550,527.9837440498193,0,-1,300,7.604884586488891,8.82081776362072,0.42401395238226697,0.0011760094080752645
2551,539.9435637843195,0,-1,300,6.952750034561703,7.329548925690139,0.37961712285556537,0.0011755485893416929
2552,1166.670206919001,0,-1,300,5.967512998127561,8.354102776631358,0.5806036118325532,0.0011750881316098707
2553,888.4761429715544,0,-1,300,6.747540916588099,9.198563982867238,0.5276859072218173,0.0011746280344557558
2554,905.0662805761397,0,-1,300,6.812233825675637,9.451509287028566,0.5380957086402887,0.0011741682974559687
2555,746.683567002237,0,-1,300,7.401501673948431,9.991571384086306,0.5149372516867068,0.0011737089201877935
2556,1368.6838646012993,0,-1,300,5.305089963037733,8.319535881971966,0.6100731183066576,0.0011732499022291747
2557,621.0280703688044,0,-1,300,7.111720931765584,7.884442799598928,0.41494198014795713,0.0011727912431587178
2558,1058.1675811466855,0,-1,300,6.031872222316913,8.301390422740175,0.5463563078494679,0.0011723329425556857
2559,688.1677264069416,0,-1,300,6.246143808882822,7.187076896286095,0.42783596064988916,0.001171875
2560,1373.6448665518967,0,-1,300,6.0525490043280925,9.536251172676016,0.6226543867804956,0.0011714174150722373
2561,373.5546585383626,0,-1,300,7.84005459336698,6.999215930991107,0.32869688240829203,0.00117096018735363
2562,1514.5359562581357,0,-1,300,6.0663256280082685,10.535249181875235,0.7093962251865858,0.0011705033164260631
2563,729.7525941632481,0,-1,300,7.239054269506869,8.71848865221328,0.4562134908729424,0.001170046801872075
2564,587.4774696203303,0,-1,300,7.508170838928563,8.349102671340729,0.41028083679192506,0.0011695906432748538
2565,1261.9118371071274,0,-1,300,5.082759689207841,7.139357539754261,0.5879919502110039,0.0011691348402182386
2566,1468.2763507932161,0,-1,300,4.692837801489818,7.161842645783257,0.6469780963416798,0.001168679392286716
2567,609.4800895241975,0,-1,300,7.118364966238194,7.644841112148705,0.3997569081566468,0.0011682242990654205
2568,1444.7201142777617,0,-1,300,5.062870194247236,8.034675733985907,0.6399382407392553,0.0011677695601401323
2569,925.8108242691843,0,-1,300,6.483316329349036,10.176641365197241,0.6217117005408355,0.0011673151750972762
2570,612.3747645781744,0,-1,300,7.410760224711618,8.249879253776758,0.42901210227343445,0.0011668611435239206
2571,791.3829072656484,0,-1,300,6.973548762520104,8.953158213024928,0.49549265551641364,0.0011664074650077762
2572,1331.1404036268577,0,-1,300,5.893874358626428,9.38344807561274,0.6545541851925477,0.001165954139137194
2573,629.2665527967096,0,-1,300,6.318037328197896,6.137356736300538,0.37664115724294017,0.0011655011655011655
2574,342.20524916514023,0,-1,300,8.460684872236945,9.551255663653391,0.40575604946750604,0.0011650485436893205
2575,1150.1289165251048,0,-1,300,5.989800307718724,8.83784607242336,0.5834229229639333,0.0011645962732919255
2576,1019.5435062731044,0,-1,300,4.7467124162859395,5.828681819604256,0.4604101374026049,0.0011641443538998836
2577,2072.2733895244137,0,-1,300,5.617499512803795,11.10373981968465,0.905578491981201,0.0011636927851047323
2578,1271.8803749724373,0,-1,300,4.052740557807521,5.69374602077133,0.5603457104220717,0.0011632415664986429
2579,1335.4203485372689,0,-1,300,4.7424833544934355,6.680032631394751,0.5919937703825623,0.0011627906976744186
2580,1562.6564667343084,0,-1,300,4.846125006124455,7.769655699358558,0.6874527986852281,0.001162340178225494
2581,849.4139657205658,0,-1,300,4.923823118618329,4.589559221276744,0.39859168297201464,0.0011618900077459333
2582,198.39617438369612,0,-1,300,8.790770299318556,7.7844988075177195,0.31878088768571133,0.0011614401858304297
2583,865.01056340588,0,-1,300,7.068883666684349,10.501893872192433,0.58281994481674,0.0011609907120743034
2584,1497.501673582582,0,-1,300,5.265479428356723,8.434604505558847,0.6634501263720844,0.0011605415860735009
2585,673.2694914739991,0,-1,300,6.532892685044123,7.4263297393289,0.42851810144120267,0.001160092807424594
2586,1250.9653719432574,0,-1,300,4.277414415619602,5.716981373478795,0.5533161797601701,0.0011596443757247777
2587,831.8863188472869,0,-1,300,7.832316544880037,11.872477079423733,0.591838711511337,0.00115919629057187
2588,1433.250552510151,0,-1,300,4.924230134534528,7.282153048546923,0.6341194562215721,0.0011587485515643105
2589,1546.1436750277105,0,-1,300,5.122725237874786,8.456341600693792,0.6826469705456073,0.0011583011583011582
2590,324.7976682716019,0,-1,300,7.6731431470217455,8.177813017907402,0.3896539797515076,0.0011578541103820917
2591,427.4464447974671,0,-1,300,7.493655826796462,7.057258675498927,0.34072028731970416,0.0011574074074074073
2592,-153.85215949312396,0,-1,300,8.547342194062445,9.876784255478258,0.39725527289873547,0.0011569610489780178
2593,862.3234395346755,0,-1,300,5.716523595394462,6.30612672372563,0.44154506048379527,0.001156515034695451
2594,1667.2650219808845,0,-1,300,5.318784536452029,9.416661059464735,0.7345846431820916,0.0011560693641618498
2595,900.8160860139184,0,-1,300,5.42949223400549,5.869070525704715,0.44854436803591774,0.0011556240369799693
2596,417.43231773755485,0,-1,300,7.708795853918126,6.415349575738634,0.3161994617783636,0.0011551790527531767
2597,811.1242718641586,0,-1,300,6.1418452227838065,6.804285379830702,0.4400788785247877,0.0011547344110854503
2598,1127.2141527252759,0,-1,300,5.255076726971557,6.988971747981468,0.5380006759225376,0.0011542901115813775
2599,333.33897394908206,0,-1,300,8.486559626265718,8.323861368638049,0.3534593233824106,0.001153846153846154
2600,1101.4501318634661,0,-1,300,6.102643708685743,8.498614049969706,0.5514421525260402,0.0011534025374855825
2601,1441.5108901048045,0,-1,300,4.630571706453669,7.363402061890748,0.6353588253420717,0.0011529592621060721
2602,1543.1785955442547,0,-1,300,4.375163119192692,7.463345864529,0.6758048048707188,0.001152516327314637
2603,666.365917323686,0,-1,300,6.076292539550471,5.863120024048378,0.38673370987138284,0.001152073732718894
2604,825.0676124267576,0,-1,300,6.113447924814693,6.619368045510182,0.4421754185450605,0.0011516314779270633
2605,125.92331445365562,0,-1,300,7.594632450319553,5.5679241412457285,0.21692747607010424,0.0011511895625479663
2606,728.8123961553766,0,-1,300,6.149590071685415,6.651561944125386,0.40229096483758114,0.0011507479861910242
2607,704.8974597214278,0,-1,300,6.853066079579336,8.356680273106553,0.4610350067870715,0.0011503067484662577
2608,974.3021754971347,0,-1,300,6.202713925772115,8.364491172872759,0.532511136703232,0.0011498658489842851
2609,1335.5494634731986,0,-1,300,5.084863735327685,7.3206276805196016,0.5955274398711753,0.0011494252873563218
2610,326.40139786630783,0,-1,300,8.121230409894212,7.606032858178964,0.3303282579837976,0.0011489850631941786
2611,1076.6581655325067,0,-1,300,5.406181668938325,6.601916658041028,0.5155051681926659,0.0011485451761102604
2612,540.7993566288625,0,-1,300,8.383385749156036,10.972640164390537,0.4925852550329272,0.001148105625717566
2613,1406.7598367150642,0,-1,300,5.8396521383567315,9.314555904867577,0.6609894289933562,0.0011476664116296864
2614,1621.0036967637325,0,-1,300,5.075691840381639,8.621755488040192,0.7134858957877506,0.001147227533460803
2615,1186.2326443576264,0,-1,300,5.8219746246033095,8.374208806722299,0.561905270205368,0.0011467889908256881
2616,176.2701919752504,0,-1,300,8.66797950853979,7.1784171725073715,0.2918243995675967,0.0011463507833397019
2617,753.8484215578956,0,-1,300,6.402320699028567,7.3567051828196375,0.4299140832714586,0.001145912910618793
2618,461.51663361446896,0,-1,300,7.771543893325281,8.69273495606799,0.40581169059056726,0.001145475372279496
2619,1243.3367024840359,0,-1,300,5.970876168251011,9.041500573555751,0.6130681106305812,0.0011450381679389313
2620,1206.854563948651,0,-1,300,5.95828607263245,8.887302769410693,0.5966842728799732,0.0011446012972148034
2621,660.7674047300105,0,-1,300,6.007250535881626,5.491932257463179,0.36684504521739114,0.0011441647597254005
2622,260.8993370258843,0,-1,300,8.029041213318491,6.094904143139685,0.27587151247049707,0.001143728555089592
2623,83.85376286854095,0,-1,300,9.85990493949108,11.664186522265185,0.43174392949874585,0.0011432926829268292
2624,1855.3543661232163,0,-1,300,4.734661285344592,8.885589852823399,0.8085742788580915,0.001142857142857143
2625,591.0588994928115,0,-1,300,6.166922088070091,5.93663426869116,0.3677369684297267,0.0011424219345011425
2626,935.453252358204,0,-1,300,5.988539848808112,7.370033689740121,0.4872378113577494,0.0011419870574800152
2627,835.6341758476729,0,-1,300,6.899421938682734,9.40642944529033,0.5431919909323771,0.001141552511415525
2628,629.2022391946884,0,-1,300,7.177509085487997,8.115254696240656,0.4313214838218401,0.0011411182959300114
2629,1212.1073343113649,0,-1,300,4.640443798438171,6.244467325994924,0.5398480511180223,0.0011406844106463879
2630,1529.2379532742589,0,-1,300,4.452039273296681,7.010248751128861,0.6705727750806662,0.0011402508551881414
2631,813.2206250444322,0,-1,300,6.607347684170303,8.203100266213868,0.4868933255611367,0.0011398176291793312
2632,823.0018671246294,0,-1,300,6.348090393677502,7.361466553676299,0.45964505448672366,0.001139384732244588
2633,413.6895282334959,0,-1,300,7.943382534823501,7.6261157421194365,0.35212474679443856,0.0011389521640091116
2634,1578.1681327959388,0,-1,300,5.262949478423658,8.891152122525769,0.6970421764198179,0.0011385199240986717
2635,91.09949027655838,0,-1,300,9.10494658569315,10.379151971462296,0.4082972504970872,0.0011380880121396055
2636,1393.1785222776266,0,-1,300,5.464136159103355,8.384962539439103,0.6214720721422867,0.0011376564277588168
2637,1199.8811780931937,0,-1,300,6.018968903435976,8.964145223532903,0.5921366807912739,0.0011372251705837756
2638,1591.6841359638834,0,-1,300,5.432327519634289,9.074021402508771,0.7039441797155416,0.0011367942402425162
2639,685.7507940818143,0,-1,300,6.539350316438795,6.958539920136462,0.40124436191959323,0.0011363636363636363
2640,275.21129533216623,0,-1,300,7.1915453419513184,7.403632455271114,0.34402212617608874,0.001135933358576297
2641,1230.3055746476105,0,-1,300,5.933119033029781,8.868657040888834,0.6038092705390559,0.0011355034065102195
2642,-130.8208459364241,0,-1,300,7.267824774245782,11.034687945910145,0.5766032591856203,0.0011350737797956867
2643,486.7713074903295,0,-1,300,6.911200212947545,5.338635824714803,0.31284307307365644,0.0011346444780635401
2644,2102.7361661811533,0,-1,300,4.194900258196899,8.27765548035688,0.9076018211786246,0.0011342155009451795
2645,819.9409563111399,0,-1,300,5.118312646419679,4.9712263286832,0.39578218681213145,0.0011337868480725624
2646,940.3831452208633,0,-1,300,6.402009952635734,9.043456812676125,0.5264516975260359,0.0011333585190782018
2647,1512.8088508301405,0,-1,300,5.635521000692665,9.235188214670938,0.6726034286844196,0.0011329305135951663
2648,792.0506808717834,0,-1,300,6.76031612856869,8.561295997978638,0.4842560948690406,0.0011325028312570782
2649,973.6414783634006,0,-1,300,6.298142125666931,8.24817473593261,0.5260593393115099,0.0011320754716981133
2650,1436.8289145138058,0,-1,300,6.500574001310265,11.313015828337974,0.7256522262970238,0.001131648434552999
2651,1143.4996976373764,0,-1,300,5.930370291553239,8.829569228050612,0.6026923485160066,0.0011312217194570137
2652,819.4344736327736,0,-1,300,7.12351955034095,10.571864992180435,0.5811067815918755,0.0011307953260459858
2653,1293.3089690137363,0,-1,300,5.118652868941067,7.758482385284287,0.5772686336061147,0.0011303692539562924
2654,283.6872864002929,0,-1,300,7.968556373209163,6.589087608962603,0.29798438500794305,0.0011299435028248588
2655,1757.9716949141898,0,-1,300,4.522212112969714,8.094915796684234,0.7664047970615185,0.0011295180722891566
2656,1208.662346418706,0,-1,300,5.827111086284732,8.423942453662335,0.5753329372550156,0.0011290929619872036
2657,304.85558863605297,0,-1,300,8.96144061004396,11.069398850868074,0.45476063092055663,0.001128668171557562
2658,850.5815556422833,0,-1,300,6.630239344020459,8.426536547187268,0.49513347279058534,0.0011282437006393381
2659,749.3868961111617,0,-1,300,6.226136424979737,6.664988065619972,0.41334958981047515,0.0011278195488721805
2660,579.2097109580258,0,-1,300,7.700446196158308,9.360463851887728,0.4508521017207135,0.0011273957158962795
2661,1661.6354076813109,0,-1,300,6.0301512949189044,10.90215834042243,0.7620552671306219,0.0011269722013523666
2662,1505.8777738197418,0,-1,300,4.58918536947407,7.302735263765265,0.661867962695948,0.0011265490048817123
2663,879.2798604107251,0,-1,300,6.961730546945396,9.495894014824888,0.5243864320443627,0.0011261261261261261
2664,808.7258650754617,0,-1,300,7.04671050286406,9.603891363967167,0.5245537854408436,0.001125703564727955
2665,798.211300134566,0,-1,300,6.775321949751107,7.846121459526395,0.46627581082282527,0.0011252813203300824
2666,1103.7733697957126,0,-1,300,7.037373565233265,10.764372305313564,0.6027361863523285,0.0011248593925759281
2667,1542.5577844920626,0,-1,300,4.494672352038612,7.551927697666778,0.676442452845316,0.0011244377811094452
2668,1578.1442637559344,0,-1,300,5.631842000814477,9.789772672009178,0.7093096359325496,0.0011240164855751218
2669,1260.6994098751609,0,-1,300,5.038602555595831,7.224989282540287,0.5630809399482853,0.0011235955056179776
2670,698.8522490297445,0,-1,300,5.780187759801976,5.782207874040985,0.37771021920957165,0.0011231748408835642
2671,558.817271466477,0,-1,300,7.2862365555358,7.814177674363339,0.3934346163514098,0.001122754491017964
2672,1247.2557848080728,0,-1,300,5.035656325193254,6.8083117782791405,0.5786120437380905,0.001122334455667789
2673,1492.0132893261095,0,-1,300,5.6266562387692085,9.087211722848142,0.6651336083967484,0.0011219147344801795
2674,439.32495399894407,0,-1,300,8.210227936711945,9.172647156172506,0.4117822213963572,0.0011214953271028037
2675,1082.0685504583848,0,-1,300,5.636218680028064,7.861020267366025,0.5387070114903244,0.0011210762331838565
2676,1916.8440338057012,0,-1,300,4.494232410325135,8.54434659660912,0.8323917571631471,0.0011206574523720584
2677,986.6140655513244,0,-1,300,6.650273610627871,9.461501481994256,0.5642590521631069,0.0011202389843166542
2678,780.590032547823,0,-1,300,6.783827650649347,8.673052964146132,0.4837517598587573,0.0011198208286674132
2679,934.1364417853819,0,-1,300,5.972616743259226,7.1920235612220145,0.4966452128198067,0.001119402985074627
2680,816.2948092886627,0,-1,300,5.590591814216181,6.080850367446195,0.4215656881425005,0.0011189854531891085
2681,354.8810114155971,0,-1,300,8.560725955318674,10.528660226327458,0.45846072782292047,0.0011185682326621924
2682,456.26488601218995,0,-1,300,8.379874542776468,10.21950572577891,0.45121390925455196,0.0011181513231457323
2683,477.22992797279954,0,-1,300,7.803812873447735,9.041718778698224,0.4320365075035692,0.0011177347242921013
2684,632.4438609907434,0,-1,300,7.768095918025281,9.910003453191901,0.48980507714044913,0.0011173184357541898
2685,1170.517929953084,0,-1,300,6.572672464682236,10.593954317211285,0.6553238407204552,0.0011169024571854058
2686,708.1981103753832,0,-1,300,6.525262552779188,7.244615888420208,0.425185672489819,0.0011164867882396724
2687,603.1532419114986,0,-1,300,8.287103513669178,11.608523059217022,0.5387441588062316,0.0011160714285714285
2688,785.272222209034,0,-1,300,7.651568150136275,11.102835437421747,0.567147958115688,0.0011156563778356265
2689,1400.7670992110252,0,-1,300,6.156652375617325,10.142290870336918,0.6604431737688312,0.0011152416356877324
2690,630.3092658914654,0,-1,300,6.679682353220295,7.044716216408501,0.39728297252562444,0.0011148272017837235
2691,272.15660951331324,0,-1,300,9.034853156638896,9.675657008972184,0.383078370952681,0.001114413075780089
2692,1344.4865191677736,0,-1,300,5.44767167260903,8.278814155375004,0.6274433378313463,0.0011139992573338284
2693,763.1176952379103,0,-1,300,6.552406512436735,7.81201479595931,0.4600062394019656,0.0011135857461024498
2694,811.7163579939287,0,-1,300,6.451574669437981,7.956313557146893,0.48097879388476616,0.0011131725417439704
2695,831.0920722346964,0,-1,300,6.436351645876082,7.324152340958043,0.4441810878960313,0.001112759643916914
2696,865.3290774519119,0,-1,300,6.886730176744415,9.048306144184922,0.5082876191232892,0.0011123470522803114
2697,874.0830551974884,0,-1,300,6.650888118320291,8.379666411178418,0.50677111158802,0.001111934766493699
2698,1113.9566540945236,0,-1,300,6.658621116915569,9.978713389551865,0.5933585067454817,0.0011115227862171174
2699,1485.3707017272093,0,-1,300,5.805624348634673,9.523399461802272,0.6843958919268995,0.0011111111111111111
2700,718.4401570662055,0,-1,300,6.419464539386227,6.9000395720292955,0.41667748860535814,0.0011106997408367272
2701,1561.5359190360336,0,-1,300,2.799526568470076,4.732880800202664,0.6716364155285394,0.0011102886750555144
2702,1115.5705981372898,0,-1,300,5.6122701215654995,7.677164074211101,0.550367493071714,0.0011098779134295228
2703,982.3748717631685,0,-1,300,6.341578566801542,8.398097213521394,0.5232915396432379,0.0011094674556213018
2704,2262.2246893402,0,-1,300,4.158315202206975,8.302972866535388,0.9737809845749699,0.0011090573012939
2705,1289.984039517881,0,-1,300,4.8267211215877595,6.688229567118846,0.5795108418187336,0.0011086474501108647
2706,1104.8902772674057,0,-1,300,4.600486951880165,5.351331242130349,0.4977909652385742,0.0011082379017362395
2707,1281.6082685096692,0,-1,300,6.631123854577954,10.856456151537246,0.6602565203999227,0.0011078286558345643
2708,1261.3183896580192,0,-1,300,4.966096197514055,7.015653880072121,0.5627950505055309,0.0011074197120708748
2709,1075.2172044198942,0,-1,300,5.0233788315634555,6.431018295269887,0.49380057014204437,0.001107011070110701
2710,622.9279723425718,0,-1,300,6.15868492843721,5.697363368715121,0.36390954858386493,0.0011066027296200663
2711,950.3734157182442,0,-1,300,6.010139809102645,7.903493628567033,0.5252651029393033,0.0011061946902654867
2712,463.64365591394335,0,-1,300,7.573342373338063,8.399013316463213,0.40736480195934943,0.0011057869517139699
2713,1179.5226401172956,0,-1,300,6.369045006622982,9.580751752331373,0.5890567310329639,0.001105379513633014
2714,304.36196927257424,0,-1,300,7.070717888848931,5.7099973736786,0.2850462604484127,0.0011049723756906078
2715,242.35898401750057,0,-1,300,9.260871959131,10.94332334456164,0.435587392639993,0.0011045655375552283
2716,1742.2840519679737,0,-1,300,5.448389578493283,9.751106196420716,0.7668146101586897,0.001104158998895841
2717,544.2919771405013,0,-1,300,7.457009387747344,8.202568380809005,0.4098973653781059,0.0011037527593818985
2718,363.4443655108644,0,-1,300,7.284185997061809,5.665062932926385,0.28410136811696346,0.0011033468186833395
2719,902.224599150783,0,-1,300,5.478247857094075,6.366624575078765,0.45965110220632727,0.0011029411764705882
2720,1134.2183737026783,0,-1,300,5.973399770654101,8.40216313219793,0.5749532878896767,0.0011025358324145535
2721,1634.691223050023,0,-1,300,4.477137834151672,7.714737007964384,0.7146998766936464,0.0011021307861866275
2722,914.6299990906346,0,-1,300,5.787018823612295,7.295569878506845,0.5086853931016673,0.0011017260374586854
2723,468.3389414301464,0,-1,300,7.524777330456298,8.115142794877487,0.3971903209872927,0.0011013215859030838
2724,1102.0158121757868,0,-1,300,5.561690140213677,7.3420137553484395,0.5354355937776392,0.0011009174311926607
2725,111.08781295104787,0,-1,300,8.054627433741125,10.005196999662019,0.43536912626174984,0.0011005135730007337
2726,838.5206953303585,0,-1,300,5.0037876643941805,4.90229623731019,0.3926878625927436,0.0011001100110011
2727,467.7846177645018,0,-1,300,8.212423806261839,11.27806537698187,0.5245128859784512,0.0010997067448680353
2728,843.6096949106087,0,-1,300,6.48147885498412,8.217904926304533,0.4774419500866857,0.0010993037742762918
2729,806.2051619722106,0,-1,300,6.713417320876028,7.816300785094477,0.4731674269015305,0.001098901098901099
2730,1381.6923158192785,0,-1,300,5.852251879560694,9.231869710462227,0.6601201156034955,0.0010984987184181618
2731,662.0088143124478,0,-1,300,7.088753958975088,8.381862650800326,0.4527155125162225,0.0010980966325036604
2732,1340.8460552754993,0,-1,300,6.007721138591424,9.496517286109064,0.633122135011351,0.0010976948408342481
2733,1146.716632273569,0,-1,300,5.9351655689401515,8.351742189766112,0.5741833069200847,0.0010972933430870519
2734,608.9423506625028,0,-1,300,6.77862425441153,8.009096317395947,0.4360826196757035,0.0010968921389396709
2735,1848.1552804680264,0,-1,300,5.99443373443437,11.274224026923367,0.8150229532032679,0.0010964912280701754
2736,1357.4452582755328,0,-1,300,5.102805472026373,7.463755350168865,0.6038732319883368,0.0010960906101571063
2737,768.3998983893791,0,-1,300,6.357186567944534,7.056776945504845,0.4439729653835228,0.001095690284879474
2738,1936.6629929260812,0,-1,300,5.911255129500462,11.44689940938185,0.8512773271904532,0.001095290251916758
2739,1359.930516382738,0,-1,300,5.922153312833237,9.721016159803003,0.6679447414035634,0.0010948905109489052
2740,1798.271875811459,0,-1,300,5.711757697040824,10.57240353004209,0.7921181309825805,0.0010944910616563297
2741,2151.49171614379,0,-1,300,5.2582886738707835,10.435710794322723,0.9358920467806108,0.0010940919037199124
2742,348.1722998356377,0,-1,300,6.5397319595756445,7.035666900881719,0.30152108670245564,0.001093693036820999
2743,1311.208633333312,0,-1,300,5.948049499183402,8.977200760428815,0.6179105845723606,0.0010932944606413995
2744,505.0708125715826,0,-1,300,7.661456644932036,7.619640824693444,0.3725293191986057,0.001092896174863388
2745,535.0509787112333,0,-1,300,7.86846803330108,9.164360674386375,0.4354989825148017,0.0010924981791697013
2746,1070.9962604789807,0,-1,300,4.597059672560696,5.38644421924923,0.4807263894104469,0.0010921004732435385
2747,1505.5324852260067,0,-1,300,4.837431267810279,7.815685394807797,0.6635859366860799,0.001091703056768559
2748,1110.9795633613903,0,-1,300,5.254431257559109,6.763829613327021,0.525375622460537,0.0010913059294288831
2749,952.6320711673236,0,-1,300,6.0371448522614655,8.245665458854695,0.5083632214957472,0.001090909090909091
2750,669.8404980071538,0,-1,300,5.9932070882705375,5.861779297333472,0.3773154761406336,0.0010905125408942203
2751,1079.007401462385,0,-1,300,5.959287567977234,8.202679461584488,0.5400415954045396,0.0010901162790697674
2752,1203.2471003202559,0,-1,300,6.9446173210336415,11.48039860837911,0.6603536462202391,0.0010897203051216855
2753,1363.5953032867276,0,-1,300,6.098023991528214,9.816935435964266,0.6593114366243825,0.0010893246187363835
2754,563.2678159335321,0,-1,300,7.234470612363388,8.382409253024083,0.42344926609384204,0.001088929219600726
2755,1781.5676888362175,0,-1,300,5.452540432479603,10.07761379951919,0.7832139235920207,0.0010885341074020319
2756,1950.8580967735015,0,-1,300,6.095287264019934,11.702968981080573,0.8585721948024418,0.001088139281828074
2757,1505.2159313069437,1,1,1,2.810109109375667,5.329855901296181,0.6730672316882803,0.0014503263234227702
2758,1266.2795504057074,0,-1,300,3.9927671278154633,5.660555478429977,0.557562232794327,0.0014498006524102935
2759,646.1945382677037,0,-1,300,6.797503226526898,6.945562747775851,0.39108261164236463,0.0014492753623188406
2760,817.190566920832,0,-1,300,6.279635626905766,7.509893846994888,0.45379606130787004,0.0014487504527345165
2761,1055.120870253848,0,-1,300,6.537398043699374,9.947946869712426,0.5899200865629038,0.001448225923244026
2762,474.03378641621583,0,-1,300,8.241276585269652,9.975881285708594,0.45071699189884656,0.0014477017734346724
2763,992.839448422833,0,-1,300,6.145265294050903,8.34498081380807,0.5240150992882889,0.001447178002894356
2764,1894.2205148246208,0,-1,300,6.068415230420971,11.624198492302414,0.8347716620717481,0.0014466546112115732
2765,720.3343754540862,0,-1,300,7.235184636530421,8.989405218910145,0.4744620980441145,0.0014461315979754157
2766,2035.5585161112872,0,-1,300,5.660614449447253,11.15270122429218,0.8906039900838908,0.0014456089627755693
2767,889.278173951431,0,-1,300,6.568553316860212,8.449869863789537,0.5007934718760816,0.001445086705202312
2768,583.8525243629379,0,-1,300,6.942559624372058,6.474899572331081,0.3655167918865411,0.001444564824846515
2769,957.7397388627872,0,-1,300,5.929691200903649,7.512124503482113,0.49552446254655974,0.001444043321299639
2770,1436.6284176588888,0,-1,300,5.33449406161662,8.258875952153687,0.6386038794866622,0.001443522194153735
2771,1038.4727619093308,0,-1,300,6.00020781180928,8.176377434204902,0.5285622965950839,0.001443001443001443
2772,696.1822786315929,0,-1,300,6.6593669069232835,7.383644242783649,0.4280960870926281,0.00144248106743599
2773,1097.4102048452467,0,-1,300,5.531374982882772,7.011906550667075,0.5155253206606634,0.0014419610670511895
2774,1010.1896466256542,0,-1,300,5.063887605437523,5.640288549103088,0.4826910304849141,0.0014414414414414415
2775,1020.6334295476277,0,-1,300,4.895901465279906,6.0314654056431865,0.46816581293926335,0.001440922190201729
2776,474.81636821150533,0,-1,300,7.31197476177525,7.053781984323396,0.36301861607949004,0.0014404033129276198
2777,1219.5814973988088,0,-1,300,5.2372179970301325,7.282454169216015,0.5588408181727438,0.0014398848092152627
2778,64.10789167319527,0,-1,300,8.014867855944063,8.151858787024466,0.3484731099000928,0.0014393666786613889
2779,1075.7714500639756,0,-1,300,5.013869301180303,6.064042942319698,0.5144845529262669,0.0014388489208633094
2780,1036.0668525081817,0,-1,300,7.242932244501784,11.466899604592857,0.6278667432768088,0.001438331535418914
2781,645.5033552472415,0,-1,300,6.848602036773486,7.102966479344518,0.391772218186663,0.0014378145219266715
2782,436.6006773931586,0,-1,300,8.0323794846757,8.512203556566675,0.39671927392873757,0.001437297879985627
2783,154.30152372481413,0,-1,300,8.316434611265086,7.811809953248648,0.3231905165787802,0.0014367816091954023
2784,1399.0825608381638,0,-1,300,5.032411569415354,7.566218083462437,0.6206941537865162,0.001436265709156194
2785,668.216233934722,0,-1,300,7.150917924826149,8.329875651307175,0.4414359258106349,0.0014357501794687725
2786,733.937516504585,0,-1,300,6.729095339566516,7.798815884797445,0.45067965507244073,0.0014352350197344816
2787,556.251239031649,0,-1,300,6.836322954494917,7.404808216812317,0.4040620996371581,0.0014347202295552368
2788,565.8358987724961,0,-1,300,7.942735310215641,9.927323074029006,0.4663439983558219,0.0014342058085335247
2789,355.7767395173801,0,-1,300,7.598593937542264,6.695069791398214,0.3179568084300327,0.0014336917562724014
2790,1251.5255434503213,0,-1,300,6.774544460561709,11.030294448895718,0.6543885671773563,0.0014331780723754925
2791,1308.1018038688094,0,-1,300,6.324510437511081,10.329717170158327,0.6630360325980943,0.0014326647564469914
2792,1303.5302212952893,0,-1,300,5.164807730850568,7.438633898353948,0.5916784158712255,0.0014321518080916578
2793,916.177326163002,0,-1,300,6.9530983081945,9.647183719595818,0.535102846590074,0.0014316392269148174
2794,881.5172993257809,0,-1,300,7.220328008929952,9.972760899788556,0.5254672823957695,0.0014311270125223613
2795,913.0732677076666,0,-1,300,5.938134478904319,7.065265360652626,0.4672187989989178,0.001430615164520744
2796,1098.9010546996315,0,-1,300,6.57846288912603,9.804425905416416,0.5873802774799217,0.0014301036825169824
2797,1219.1238953462794,0,-1,300,5.305013236653612,7.4863882303000615,0.5585573227815462,0.0014295925661186562
2798,1232.259014221005,0,-1,300,4.95751874139722,6.678334637226539,0.5533048727651764,0.0014290818149339049
2799,1176.4234250426314,0,-1,300,5.869818877072803,8.353833077993862,0.5828874849949987,0.0014285714285714286
2800,887.8680850546953,0,-1,300,6.033843525751985,7.503942994023093,0.4735713316991443,0.0014280614066404856
2801,939.70041306089,0,-1,300,5.568396629776009,6.734065683932341,0.4728843278946786,0.0014275517487508922
2802,765.8169176250226,0,-1,300,7.158793683203526,9.320679946867438,0.4999796506524341,0.0014270424545130217
2803,1068.8378564535565,0,-1,300,4.9481979419395055,6.038772062769196,0.49296842196221186,0.0014265335235378032
2804,882.086785761089,0,-1,300,6.741673061347692,8.827359608250925,0.5105053488619209,0.00142602495543672
2805,602.4704049020168,0,-1,300,7.585763680010884,9.123742935345994,0.4550291655886134,0.0014255167498218105
2806,729.5307102295563,0,-1,300,6.521906131706054,8.279902476298808,0.46885825179728025,0.0014250089063056644
2807,1559.7070031440755,0,-1,300,5.913628210923957,10.036144336081973,0.694230129558628,0.0014245014245014246
2808,912.7937816963521,0,-1,300,7.301053369875869,10.642518956500773,0.5706428821030091,0.001423994304022784
2809,1438.2799273416106,0,-1,300,4.526258392505634,7.020708801193972,0.6332302410027958,0.0014234875444839859
2810,512.8243025933702,0,-1,300,6.301894487648249,4.846662864999176,0.2999222590635978,0.001422981145499822
2811,735.4121257517538,0,-1,300,5.918798587026149,6.328999985474524,0.4152152836529649,0.001422475106685633
2812,1003.8778441862188,0,-1,300,5.8948781271813235,7.710922790007779,0.5266182206242895,0.0014219694276573053
2813,1040.0592181609118,0,-1,300,5.834886688168007,7.4471914754794595,0.5251901162592845,0.0014214641080312722
2814,798.8959218115949,0,-1,300,6.946421012761719,8.785821384480553,0.47471767451330343,0.0014209591474245115
2815,36.179543694473345,0,-1,300,7.480900377103351,7.075878703152633,0.20472891324262535,0.0014204545454545455
2816,1239.5167813627556,0,-1,300,5.2677376475207565,7.705465317924137,0.5920671576868056,0.0014199503017394391
2817,883.1063011779646,0,-1,300,5.913931355286792,7.527491175017837,0.4855251177958785,0.0014194464158978
2818,793.4866245614215,0,-1,300,6.715715227147925,7.708094983198043,0.45647867775484663,0.001418942887548776
2819,844.6888391000042,0,-1,300,6.228882380300041,7.30184145700853,0.45539880728613413,0.0014184397163120568
2820,550.4157858307426,0,-1,300,6.8726016091211495,6.565308338341024,0.37179973275887607,0.0014179369018078695
2821,1349.9305588793611,0,-1,300,5.206727496357771,7.737701525888559,0.6175473009606075,0.001417434443656981
2822,1311.5802937109245,0,-1,300,5.120287273741076,7.647936398601846,0.5848939435992765,0.0014169323414806943
2823,1574.3690711941408,1,19,19,3.823656912466985,6.534244197246831,0.5179476320681132,0.0017705382436260624
2824,1543.104738467157,0,-1,300,4.949398061687917,7.948542579917622,0.6800807931573084,0.0017699115044247787
2825,366.95017756687594,0,-1,300,8.377683943460227,8.670909151804317,0.38197396429047115,0.0017692852087756545
2826,565.1099206620729,0,-1,300,7.6599310817725454,8.45616056025058,0.41616784441967475,0.0017686593562079944
2827,687.6846453362896,0,-1,300,6.9500612780308515,7.73839016275729,0.43006775874390096,0.001768033946251768
2828,704.255175539545,0,-1,300,6.694817491349128,7.436523859342763,0.4275156025476817,0.0017674089784376105
2829,1609.951853986564,0,-1,300,5.7405807937885,9.951921584415977,0.7264696068098367,0.0017667844522968198
2830,1896.9179590247759,0,-1,300,6.169353889122329,11.791614874412776,0.8366526370954063,0.0017661603673613563
2831,679.8927885514569,0,-1,300,5.8469801534400485,5.565428850549836,0.37224315590203505,0.0017655367231638418
2832,1013.7020302619509,0,-1,300,6.218904772643748,8.28263962870462,0.5152920298273194,0.0017649135192375574
2833,1050.469167249698,0,-1,300,5.922782305890889,7.660794164181929,0.5301006540978759,0.0017642907551164433
2834,139.0259363890664,0,-1,300,7.4307558103881854,8.34500073432849,0.3763384093374738,0.001763668430335097
2835,1390.9763947033323,0,-1,300,5.788797956387414,9.369632425766376,0.6427400064857423,0.001763046544428773
2836,1324.9743543090603,0,-1,300,5.700648205939491,8.812599424279762,0.60260740260244,0.0017624250969333803
2837,396.4063706635674,0,-1,300,7.745983733310848,7.073615920218216,0.3245978050799653,0.0017618040873854828
2838,615.3068991515014,0,-1,300,7.436458934006646,8.851914756230578,0.4404466267835114,0.0017611835153222965
2839,1190.6372496195422,0,-1,300,6.447142103394042,10.290922247996683,0.6340774327999216,0.0017605633802816902
2840,434.0648382266977,0,-1,300,7.936313519301792,9.180519761356447,0.41228090583103993,0.0017599436818021823
2841,1323.4845644707498,0,-1,300,4.419221474565493,6.226720441727275,0.5845960629220532,0.0017593244194229415
2842,720.2108615101089,0,-1,300,7.562100311248137,10.460832286041429,0.5269824259353213,0.0017587055926837848
2843,425.1112921430018,0,-1,300,7.5470780663475825,6.724452232283213,0.3340269407439825,0.0017580872011251757
2844,695.8104052342161,0,-1,300,7.7342971615580325,11.184043319961996,0.5520755194105423,0.0017574692442882249
2845,624.2312696843983,0,-1,300,6.691305649504068,6.711690962683063,0.38757684822939775,0.0017568517217146872
2846,650.3770082872147,0,-1,300,7.243188847606137,8.515566389484407,0.44877858359594036,0.0017562346329469617
2847,726.2789103201684,0,-1,300,6.785920508058466,7.655725040408453,0.43532348264895326,0.0017556179775280898
2848,856.6570618094163,0,-1,300,6.02057154481706,6.659055513452706,0.4503124644850285,0.001755001755001755
2849,1713.0377303909318,0,-1,300,4.757360982427483,8.463165707589553,0.7494459283644279,0.0017543859649122807
2850,1136.4470535912747,0,-1,300,6.240461857382866,9.284611556485814,0.5916015834897461,0.00175377060680463
2851,1079.3677505708888,0,-1,300,5.62750693407215,7.388904738507352,0.526747236413364,0.0017531556802244039
2852,1107.9537505976175,0,-1,300,5.781162282322304,8.074132501810208,0.5501370641655793,0.0017525411847178409
2853,570.0292195904887,0,-1,300,7.412081452670997,8.404669249013,0.4490967061667183,0.001751927119831815
2854,698.6397147054065,0,-1,300,7.6302507255166745,10.008198537317512,0.5091106269237524,0.0017513134851138354
2855,885.5599561747114,0,-1,300,6.422449861701221,8.218719201845945,0.49482262851846476,0.0017507002801120449
2856,301.2729158606442,0,-1,300,6.628510483746908,6.555907475277129,0.2918041945831307,0.0017500875043752187
2857,330.72809077134787,0,-1,300,7.721610626463124,5.894423821615067,0.2821993511392588,0.0017494751574527643
2858,513.9279508001532,0,-1,300,7.276088981206269,7.558551685028536,0.38650064493827174,0.0017488632388947185
2859,803.4295751223004,0,-1,300,6.661582681551883,9.225147282983063,0.5220033720815,0.0017482517482517483
2860,1413.1798425363722,0,-1,300,4.927391475305262,7.055435945137771,0.6257803704549442,0.0017476406850751485
2861,886.5420980829128,0,-1,300,5.907874067039296,7.014913393313796,0.48162187927970523,0.0017470300489168414
2862,1558.8675710198497,0,-1,300,4.637696785453316,7.643503635770773,0.6843108804825037,0.0017464198393293748
2863,1637.0025436123208,0,-1,300,5.4318082006546025,9.383417419126951,0.7228229546767103,0.0017458100558659217
2864,864.4350928164453,0,-1,300,7.088689509168359,9.88583111525965,0.5391820710635254,0.0017452006980802793
2865,1433.9170800610732,0,-1,300,6.145905184931614,10.289293982097028,0.6769475459576603,0.0017445917655268667
2866,1793.9389272278372,0,-1,300,4.602246859612636,8.332953761568557,0.7819914044586934,0.0017439832577607255
2867,552.6105109337207,0,-1,300,7.516215776356539,9.13508318187367,0.45951492265160976,0.0017433751743375174
2868,876.8797537869788,0,-1,300,7.05599856655067,9.773862654885558,0.5477353168159605,0.001742767514813524
2869,906.527826342898,0,-1,300,6.828338121167728,9.64852826425717,0.5535469911664147,0.0017421602787456446
2870,1125.4449276097819,0,-1,300,6.364172612707701,9.443485328352224,0.5754070370639603,0.0017415534656913968
2871,1261.3182885447573,0,-1,300,5.7191391110951875,8.645799087351763,0.623915509725729,0.0017409470752089136
2872,1796.4469687258327,0,-1,300,6.761895207559718,12.728339278933097,0.7992337843591281,0.001740341106856944
2873,1049.3255454541168,0,-1,300,5.358090889212141,6.529399789008904,0.49565486814213583,0.0017397355601948504
2874,662.349093566947,0,-1,300,7.237630345737188,8.702753536323046,0.45384424061262413,0.0017391304347826088
2875,1549.6354978361571,0,-1,300,4.3725187757771655,6.999289480334748,0.6784753482500615,0.0017385257301808068
2876,1273.491332665455,0,-1,300,5.679471059413957,8.387516601416277,0.601494278461052,0.001737921445950643
2877,1074.7693109079864,0,-1,300,4.688879026554898,5.445053848657165,0.4829871389108228,0.0017373175816539264
2878,1022.505495592152,0,-1,300,5.961224748131488,7.811877916797975,0.5113536368007999,0.0017367141368530739
2879,2182.795446377896,0,-1,300,5.43526489090723,10.825982127998572,0.9502625893392621,0.001736111111111111
2880,1083.799580459306,0,-1,300,6.941543694204841,11.1656219557713,0.626143251071879,0.0017355085039916696
2881,539.2638790195548,0,-1,300,8.1636120200403,10.453480219010642,0.47530538384693166,0.0017349063150589867
2882,585.5226745557077,0,-1,300,7.570742048044137,8.979974781104163,0.44231724128245986,0.001734304543877905
2883,487.9980912822889,0,-1,300,6.555399265666449,5.336368050116833,0.3095074856361437,0.0017337031900138697
2884,817.9307442329723,0,-1,300,6.720862250686011,8.493875661593053,0.4902147781083753,0.0017331022530329288
2885,374.9931646449239,0,-1,300,7.339794150351745,8.136373116236184,0.39173543379053566,0.0017325017325017325
2886,1319.3586441745786,0,-1,300,5.860686094230773,9.063202397248633,0.6398662549332317,0.0017319016279875303
2887,259.6331277477234,0,-1,300,8.138820946900648,8.18222041527589,0.34726686180017147,0.0017313019390581717
2888,534.5203940692675,0,-1,300,7.731263994210019,8.52913809507559,0.4180485540695646,0.0017307026652821046
2889,1944.2327155453775,0,-1,300,4.369619604126208,8.307268047637432,0.8428691118415212,0.0017301038062283738
2890,1345.5898595643823,0,-1,300,5.237673521564441,7.74368254865016,0.6144974505084845,0.0017295053614666206
2891,1021.7892356985584,0,-1,300,5.363425897575858,6.664274186950307,0.4895864090466,0.0017289073305670815
2892,2084.392673119626,0,-1,300,3.524497483912969,6.85998954098461,0.894930678262524,0.0017283097131005876
2893,841.939391518515,0,-1,300,6.369608176666074,8.437014290937244,0.49787180820672733,0.0017277125086385626
2894,1149.967432524144,0,-1,300,6.521949852616489,9.825109984582129,0.5886044830342684,0.0017271157167530224
2895,1425.3171474297349,0,-1,300,6.26895875776026,10.259912436044836,0.6625402010301812,0.0017265193370165745
2896,1010.8663956424544,0,-1,300,4.863121124240259,5.47625419153529,0.46045015073374507,0.0017259233690024164
2897,339.1089775244184,0,-1,300,6.370866800497514,4.380672875305291,0.2459274876301114,0.001725327812284334
2898,986.498354176044,0,-1,300,5.432275380955323,6.5249254470855735,0.4797791290585847,0.0017247326664367024
2899,837.6132536567424,0,-1,300,6.368892503664231,7.480624666906827,0.48897562486736224,0.0017241379310344827
2900,1330.5980535537665,0,-1,300,5.430001055992893,7.967212946647837,0.607014590204601,0.001723543605653223
2901,993.9550753379385,0,-1,300,5.826670498192868,7.772691384243414,0.49576700996781786,0.0017229496898690559
2902,1470.7486794312379,0,-1,300,5.010391078517524,8.0285783559584,0.6503898828518974,0.001722356183258698
2903,1463.5589603644949,0,-1,300,5.46540995796921,8.770890424669076,0.6712476468910475,0.001721763085399449
2904,843.8257293958529,0,-1,300,7.135349677499472,9.796706270209322,0.530697478111114,0.0017211703958691911
2905,506.3082563417354,0,-1,300,6.266731058484638,4.857352712890669,0.3042103912982654,0.0017205781142463868
2906,566.8738665985718,0,-1,300,7.248594902053754,7.132474007176059,0.3787224702680083,0.0017199862401100791
2907,927.1297406643766,0,-1,300,5.043662776089724,5.281527792047265,0.4403328302283927,0.0017193947730398899
2908,1111.682742354334,0,-1,300,6.04880815012521,9.126316707212016,0.6063250261952303,0.0017188037126160192
2909,308.3063141996453,0,-1,300,8.169685376963184,7.957047630386505,0.3538019318556663,0.001718213058419244
2910,900.5204487717062,0,-1,300,7.265184310274806,10.840809884453252,0.5719454623378981,0.0017176228100309172
2911,710.2099540809714,0,-1,300,7.135704368194119,8.713807824055799,0.4625085675341547,0.001717032967032967
2912,670.2232527387387,0,-1,300,6.797148952188938,7.269498853386342,0.4100171550816642,0.0017164435290078957
2913,698.0994482102111,0,-1,300,7.0525422350620754,8.236594333298001,0.4449491983952542,0.0017158544955387784
2914,1460.5452216005065,0,-1,300,5.58792240076069,9.126978539785828,0.6504699270059157,0.0017152658662092624
2915,1327.9367111485549,0,-1,300,5.64183434722838,8.693182594145659,0.627762601218235,0.0017146776406035665
2916,2102.6051922706642,0,-1,300,4.503928403615327,8.91401064502258,0.9098649598065583,0.0017140898183064792
2917,1281.0133896047223,0,-1,300,4.961609072158755,6.833854011132393,0.5709676470431594,0.0017135023989033585
2918,877.0542350199223,0,-1,300,7.15403716145604,10.160672925496788,0.5565715691058315,0.0017129153819801302
2919,972.1586318359758,0,-1,300,5.230454328721034,6.475657549838686,0.47856424144148124,0.0017123287671232876
2920,957.0250016322699,0,-1,300,5.983965099809521,7.706413154562535,0.47979592038963764,0.0017117425539198905
2921,978.8967930842131,0,-1,300,5.533378848944646,6.717027839261072,0.4794441766809438,0.0017111567419575632
2922,1103.5782338620998,0,-1,300,6.210131297201864,8.58245010378272,0.559659764702463,0.0017105713308244953
2923,714.5123640585866,0,-1,300,6.845413175056277,7.669769544841956,0.4317510600597289,0.001709986320109439
2924,730.6805378276517,0,-1,300,6.922058109915122,8.35500564154138,0.46202660289951875,0.0017094017094017094
2925,724.6951359837918,0,-1,300,7.037658538818466,8.3133317619023,0.45793410798180134,0.0017088174982911825
2926,953.1881512132752,0,-1,300,6.07529025229563,7.483632103268974,0.48107271733294493,0.0017082336863682953
2927,582.7694411098599,0,-1,300,6.322891551493904,5.778389213053814,0.3660546320729783,0.0017076502732240437
2928,865.8063564709769,0,-1,300,6.121891066136694,6.8158832474032724,0.4641978818645426,0.001707067258449983
2929,325.7274699738572,0,-1,300,8.204245508134823,10.46233251914662,0.46809669964644174,0.0017064846416382253
2930,1599.4413992132202,0,-1,300,6.1718294346676625,10.822256175615802,0.7303357587762728,0.0017059024223814397
2931,672.410255097417,0,-1,300,6.673670814918741,7.034351362239828,0.4142441686295066,0.0017053206002728514
2932,1046.389747635895,0,-1,300,5.087603409525986,6.048398414628916,0.48714542159276825,0.0017047391749062393
2933,210.91010489177222,0,-1,300,8.264230066022611,6.480035896870064,0.28021874510965716,0.0017041581458759373
2934,1252.8814405665944,0,-1,300,7.231557189054444,12.353404670264268,0.6961757063107129,0.0017035775127768314
2935,373.39930586646136,0,-1,300,6.808253644223527,5.682362242257329,0.2987266275330867,0.0017029972752043597
2936,1732.1069767280862,0,-1,300,4.23780301630493,7.622404772257982,0.7534947629256571,0.0017024174327545114
2937,870.3842671872119,0,-1,300,6.751622806171014,8.560165184445225,0.4882639248664924,0.0017018379850238256
2938,922.2322588373971,0,-1,300,6.906448756408914,9.719478771969142,0.5582967843721578,0.001701258931609391
2939,649.5373678626631,0,-1,300,7.210107751477396,9.07164697160139,0.4772013463220959,0.0017006802721088435
2940,1499.7323399001853,1,1,1,4.4610016635788705,7.854343377020328,0.2391702494757568,0.002040122407344441
2941,435.3959307465278,0,-1,300,7.406202755710813,7.367363152063079,0.3636700043824744,0.0020394289598912306
2942,1107.3950341883265,0,-1,300,6.525172902227864,9.966390341931543,0.6110116154493358,0.0020387359836901123
2943,1029.9832892317772,0,-1,300,7.175613719688922,11.061484725933733,0.6072538989399507,0.0020380434782608695
2944,1363.4209253876047,0,-1,300,4.061164370262545,5.709935417068915,0.5985507850218041,0.0020373514431239388
2945,553.1318290996385,0,-1,300,7.230749858523023,7.302123123066875,0.3810456357747558,0.002036659877800407
2946,1545.7303323553551,0,-1,300,4.331510322029276,7.01280389201962,0.6765406325632838,0.0020359687818120122
2947,774.6098616519895,0,-1,300,7.5310992817220574,10.584162207423402,0.5481899030744493,0.0020352781546811396
2948,649.5977866714138,0,-1,300,6.743441227240172,7.2086694856907965,0.40018682029197444,0.002034587995930824
2949,1607.7436447144248,0,-1,300,5.777544511169576,9.89087732158732,0.7175388020883535,0.002033898305084746
2950,1937.6388495747876,0,-1,300,3.904094967694713,7.170851240950178,0.8366302329138722,0.0020332090816672314
2951,1174.2216935872516,0,-1,300,5.872053223456669,8.515415135345428,0.5728922440211435,0.0020325203252032522
2952,638.6097061274593,0,-1,300,6.879307873235687,7.222023234370012,0.40301258441354476,0.002031832035218422
2953,1755.8552007340943,0,-1,300,4.207353095381748,7.472618455525525,0.7631614818545689,0.002031144211238998
2954,363.13916736872875,0,-1,300,7.2383773786155645,5.43991761023659,0.2803299189244668,0.0020304568527918783
2955,959.514497697428,0,-1,300,6.9680501713953085,9.691712017025417,0.5531151680634345,0.0020297699594046007
2956,622.9496147265602,0,-1,300,7.393991009861924,8.695669557885147,0.43989911121166925,0.002029083530605343
2957,1384.8014031959901,0,-1,300,5.46927885307639,8.452164051205921,0.6278744898132724,0.002028397565922921
2958,1408.7060067652633,0,-1,300,5.332719819512049,8.282000698165954,0.6269562347985334,0.002027712064886786
2959,1382.6860165455203,0,-1,300,4.465999870523604,6.6109284354855,0.6096141725895605,0.002027027027027027
2960,193.79258895701295,0,-1,300,7.358833216829088,7.453586622778087,0.3127218671024363,0.002026342451874367
2961,854.0380414030017,0,-1,300,7.241681456706013,9.900408177042731,0.5227180706250727,0.002025658338960162
2962,1701.2967324460315,0,-1,300,4.5133619981304625,8.06084139749339,0.7427238535051579,0.0020249746878164025
2963,1507.0006169176515,1,1,1,3.1559390022154576,6.289687270589265,0.8987466572230575,0.0023616734143049934
2964,2080.1389992693576,0,-1,300,4.020350502203666,7.8895409155242335,0.8968772117954268,0.002360876897133221
2965,2090.766465613755,0,-1,300,5.217336085961623,10.28312411056329,0.9102827146504436,0.0023600809170600135
2966,1411.4742750349967,0,-1,300,4.34267874043119,6.132893958258255,0.6206843718178161,0.0023592854735422987
2967,1221.9114090439361,0,-1,300,6.491233637855572,10.129599008681447,0.6459326913195131,0.0023584905660377358
2968,863.8389479154165,0,-1,300,6.733458761040892,8.62612623164228,0.499151390099265,0.0023576961940047153
2969,477.6620545789491,0,-1,300,7.092330485002869,6.4101488812253935,0.3292454931173414,0.0023569023569023568
2970,1841.269176733705,0,-1,300,4.925999678797718,9.076589826287778,0.8041404878966935,0.0023561090541905083
2971,1763.8816121112195,0,-1,300,5.579728948365945,10.118041344844006,0.776798638825753,0.0023553162853297443
2972,148.91031572649723,0,-1,300,7.601308478038465,6.405491864958193,0.27601000385571123,0.0023545240497813654
2973,770.8631673693342,0,-1,300,6.771803255784662,7.591059603321055,0.443823854109377,0.0023537323470073975
2974,431.19619807917394,0,-1,300,7.598074322217457,8.0316132628543,0.3858291618771075,0.002352941176470588
2975,550.954851917246,0,-1,300,6.201009694812541,5.030866864873081,0.3244980130608153,0.0023521505376344087
2976,2212.6585964072665,0,-1,300,3.9205948375849706,7.814671849414953,0.9513455431182478,0.0023513604299630502
2977,321.3827150046374,0,-1,300,7.616645922876125,6.3391700598752685,0.29573319467404846,0.0023505708529214238
2978,492.60572395238404,0,-1,300,7.370842075960756,7.235088661809639,0.3709755724134168,0.0023497818059751594
2979,1498.0217682968516,0,-1,300,4.018218178556993,6.343552521311595,0.6543123731295324,0.002348993288590604
2980,643.5543288531676,0,-1,300,7.139867561206999,7.79061640245096,0.41703610484028075,0.0023482053002348204
2981,972.8131468317282,0,-1,300,6.615730160705873,9.109034344464929,0.5541471168054558,0.002347417840375587
2982,1401.0398271068045,0,-1,300,6.955519287863622,12.1531226852315,0.7102987992104608,0.0023466309084813944
2983,803.9303798953566,0,-1,300,6.923568280671338,9.891291076063293,0.535921795383539,0.0023458445040214475
2984,1273.8236302286489,0,-1,300,4.720362172414919,6.292994220418121,0.5661625622217152,0.0023450586264656616
2985,1313.5249512471328,0,-1,300,5.7381499907521825,8.606434700794512,0.5903381879502807,0.002344273275284662
2986,749.9077351401064,0,-1,300,5.605614376707308,5.268305143124699,0.39569359510560864,0.002343488449949782
2987,513.493058686117,0,-1,300,7.471020172345825,7.647294023046682,0.39550902634351603,0.0023427041499330657
2988,923.8018877431224,0,-1,300,6.916802431815493,9.853102991738735,0.5544734251305701,0.00234192037470726
2989,987.5318089338879,0,-1,300,5.882846156900962,7.650586993684069,0.5115990159773639,0.0023411371237458192
2990,1602.3777429287281,0,-1,300,4.982060891861659,8.339259617863265,0.7050228495759324,0.002340354396522902
2991,1499.8536420152668,0,-1,300,5.989030891426687,10.29893410493201,0.6877612033127872,0.002339572192513369
2992,2051.6481171967075,0,-1,300,5.789291075328105,11.355735516253485,0.8982730652302559,0.0023387905111927833
2993,819.852864718154,0,-1,300,7.564230381844057,11.257792359888583,0.5852232656220625,0.002338009352037408
2994,583.6671646588276,0,-1,300,6.469207698997933,6.107048565533873,0.3591669620928953,0.002337228714524207
2995,904.8258898081458,0,-1,300,7.2575756810299845,10.226850498144453,0.5508225806741097,0.002336448598130841
2996,1714.3129350544766,0,-1,300,6.714029407030447,12.393501422619243,0.7903036267892173,0.002335669002335669
2997,674.6190131196934,0,-1,300,6.383129865789414,6.795231720582915,0.39080590649845187,0.0023348899266177454
2998,1311.4835718385034,0,-1,300,4.915710271451631,6.98645423049285,0.5833193153019306,0.002334111370456819
2999,1578.8246899549401,0,-1,300,5.27565846444675,8.969673985547445,0.6974110592979089,0.0023333333333333335
3000,1915.6711964044505,0,-1,300,5.058981257843501,9.523540842751155,0.8361386912690131,0.0023325558147284237
3001,1499.9333103832632,0,-1,300,4.721443245559886,7.510130474816996,0.6603830370013917,0.002331778814123917
3002,1351.1876535609777,0,-1,300,4.4329686775668895,6.2380542767934495,0.596242120732159,0.002331002331002331
3003,492.3157613062341,0,-1,300,7.411524162155216,6.999890938352878,0.34895458310536603,0.002330226364846871
3004,1115.8769092104244,0,-1,300,6.49883107798109,9.51842596570268,0.5815818120411398,0.002329450915141431
3005,951.7927775486177,0,-1,300,6.786742756587694,9.226559699078463,0.5480552223110763,0.002328675981370592
3006,1695.249185306253,0,-1,300,3.6612671667438934,6.312819692353507,0.7338133309615178,0.002327901563019621
3007,308.6969035814263,0,-1,300,7.783671877618223,8.404930695593984,0.38906158802408436,0.002327127659574468
3008,1234.7527054066868,0,-1,300,6.9135142320863165,11.879475987979108,0.7065687497968373,0.002326354270521768
3009,451.8762785710214,0,-1,300,7.974895544837403,8.43075741890893,0.3860824553212431,0.002325581395348837
3010,674.9670345892864,0,-1,300,6.431436170678242,6.578006683846158,0.40114570271718036,0.002324809033543673
3011,1352.5146455333477,0,-1,300,5.479588014097391,8.529472362088915,0.6085359386579883,0.0023240371845949536
3012,1180.5462588264602,0,-1,300,4.630788077100721,6.344356772241542,0.52662518508928,0.0023232658479920344
3013,1358.6877283654867,0,-1,300,5.431387982272401,8.305213560225907,0.6305449535122837,0.00232249502322495
3014,1163.0529266412532,0,-1,300,4.922928142153601,6.309477974903335,0.5245209716733442,0.002321724709784411
3015,647.1101440098024,0,-1,300,7.125759852526119,8.079617117404121,0.42215005185521276,0.0023209549071618036
3016,1328.6099161873694,0,-1,300,4.874595071481324,7.480573010062148,0.5901469281141805,0.002320185614849188
3017,827.2191456156372,0,-1,300,6.985464095851137,8.884007478234173,0.48986265111147304,0.0023194168323392977
3018,1751.8976434168826,0,-1,300,4.377551233614819,7.778127610936542,0.7627889856758132,0.0023186485591255384
3019,687.8837387092077,0,-1,300,8.054079242941592,10.891952960930126,0.5173576684344982,0.002317880794701987
3020,926.8106359694631,0,-1,300,6.116579167168687,7.590051953925663,0.49874312447472324,0.0023171135385633896
3021,1142.429593813829,0,-1,300,5.09161364130036,6.496684930540558,0.5141994330655143,0.002316346790205162
3022,798.4614988494681,0,-1,300,7.726879064501477,11.121398707899692,0.5518311627768029,0.002315580549123387
3023,838.8963553437229,0,-1,300,7.311826828260002,10.559449194976347,0.5629714176021519,0.0023148148148148147
3024,960.843950488062,0,-1,300,6.258917698796978,8.012975745289472,0.5076870199368093,0.0023140495867768596
3025,1303.7454076718343,0,-1,300,6.331923715537877,10.123111209900046,0.6369619558952687,0.002313284864507601
3026,1187.2255022179697,0,-1,300,6.022284975072887,9.13488192175873,0.6149123555404418,0.0023125206475057814
3027,1349.4416827563755,0,-1,300,4.9687491784095705,7.177834491964483,0.5995329866532281,0.002311756935270806
3028,1071.3606180155614,0,-1,300,6.247968130207304,8.758096950623989,0.5554855745115794,0.00231099372730274
3029,798.1493701454957,0,-1,300,5.407115918545432,5.470149037556755,0.41252907130353167,0.0023102310231023103
3030,1400.0755162727592,0,-1,300,5.338777862549191,8.432213674059188,0.6234056324161014,0.0023094688221709007
3031,1782.176311194823,0,-1,300,5.404037626019284,9.776031458604475,0.7831037451929871,0.002308707124010554
3032,593.2736419302529,0,-1,300,6.709857321697193,6.299878058976722,0.36656964436890715,0.0023079459281239697
3033,1196.3398099246708,0,-1,300,6.800478498857965,10.704608654829663,0.6289820445110615,0.0023071852340145024
3034,1214.3499043989034,0,-1,300,3.9195569361045624,4.702771380129438,0.5385089169798379,0.0023064250411861617
3035,749.2325038862906,0,-1,300,6.799258696055253,7.869331420650801,0.44301244309636073,0.00230566534914361
3036,1293.599636532403,0,-1,300,5.784522407633184,8.741348662517161,0.606245495252895,0.0023049061573921633
3037,487.46856812513136,0,-1,300,6.844836600790936,8.642015210192865,0.4587476427081099,0.002304147465437788
3038,877.7507035663691,0,-1,300,6.978481498156322,9.893926548852418,0.5485610205251219,0.002303389272787101
3039,1433.5289151718289,0,-1,300,4.875024763032895,7.457811903557867,0.6338664003776752,0.002302631578947368
3040,630.3970254738163,0,-1,300,6.548208537935006,6.661311775630046,0.36398904084810774,0.0023018743834265043
3041,1578.3203058860722,0,-1,300,3.8450837669540525,5.985713449658597,0.6864715890380186,0.0023011176857330702
3042,715.3237665888953,0,-1,300,6.983004569915576,8.154104248816395,0.4533102531855142,0.0023003614853762734
3043,337.00534276280126,0,-1,300,7.395773064040031,5.294802249752513,0.27130351652045576,0.0022996057818659658
3044,1388.4852574075687,0,-1,300,4.927435987602389,7.420180827155856,0.615491293826838,0.0022988505747126436
3045,653.8772887533972,0,-1,300,7.157856578276699,8.386322278995289,0.45029736018821076,0.002298095863427446
3046,1310.4856358698419,0,-1,300,6.149035654764922,9.995494901255137,0.6630995350284252,0.002297341647522153
3047,1007.4200047512867,0,-1,300,4.226845080999239,4.386298298913707,0.4514596734205302,0.0022965879265091863
3048,804.5222713603289,0,-1,300,8.228480654898162,14.321900195805934,0.6920462720097007,0.0022958346999016072
3049,1859.0571925349852,0,-1,300,5.6512834302648605,10.62658564533782,0.8169917892832304,0.0022950819672131148
3050,698.839907406871,0,-1,300,6.332658337983563,6.84644018507478,0.42478277317098795,0.0022943297279580466
3051,1451.0417278101613,0,-1,300,6.529327059375027,11.820218029798976,0.766184335048603,0.0022935779816513763
3052,1426.776320218845,0,-1,300,5.195962450212236,8.546071183642757,0.633459851801111,0.0022928267278087126
3053,1445.2617689760762,0,-1,300,4.596144756350714,7.175092899415014,0.6366634894126615,0.0022920759659463
3054,594.3481723752021,0,-1,300,7.011457724966834,7.373765727861681,0.3997638373844978,0.0022913256955810145
3055,931.9669143713145,0,-1,300,7.293117442790229,10.775389870153258,0.5853711503851271,0.0022905759162303663
3056,1360.305477395112,0,-1,300,4.602051561764807,6.880283245826742,0.6013093356278651,0.002289826627412496
3057,947.4469566164397,0,-1,300,7.418623655733534,11.56379696257184,0.610578791830124,0.002289077828646174
3058,960.5259741317878,0,-1,300,6.2535550951264325,8.002087123052501,0.48145076795569375,0.002288329519450801
3059,892.3398882470705,0,-1,300,6.7489258206391805,9.232478038550491,0.5262992780037089,0.0022875816993464053
3060,397.2130255839584,0,-1,300,7.688863322793964,7.594783490103949,0.3598520188564901,0.0022868343678536427
3061,1238.1286928030238,0,-1,300,5.492262709201898,7.778105023122673,0.5697719089241663,0.0022860875244937948
3062,1175.079207312735,0,-1,300,4.715264371016073,5.975836422717456,0.5428552101819073,0.002285341168788769
3063,-134.78847506159065,0,-1,300,7.488248614532818,10.669873064875611,0.5250347600121676,0.0022845953002610967
3064,1018.8082160712586,0,-1,300,5.787984279129143,7.454044619803548,0.5353725962696628,0.0022838499184339315
3065,904.584243133383,0,-1,300,6.480935458567268,8.89696398685521,0.519389513632306,0.00228310502283105
3066,1342.5592652689443,0,-1,300,4.690475654380602,6.94403589387536,0.5945782612699145,0.0022823606129768505
3067,823.9468122502254,0,-1,300,5.849422072554031,6.586601780676394,0.4414011900596576,0.0022816166883963492
3068,899.985367539363,0,-1,300,6.909960912770029,9.481966887447292,0.5385739464943046,0.002280873248615184
3069,833.2607330291613,0,-1,300,6.742107291785403,8.68583748766583,0.49488870967924736,0.002280130293159609
3070,1200.0692275823594,0,-1,300,5.649977084913377,8.24369281210308,0.5873505310584518,0.0022793878215564964
3071,756.4059101067494,0,-1,300,5.8631430636484625,6.2010189681284595,0.40671956546515325,0.0022786458333333335
3072,489.31243415472966,0,-1,300,7.035794766044977,6.099105534237507,0.3355812219666902,0.002277904328018223
3073,353.4828586034742,0,-1,300,8.077937775618622,7.294489964984917,0.33476930064428584,0.002277163305139883
3074,886.1747990880114,0,-1,300,7.411060533726165,11.020479055318345,0.5781614610725492,0.0022764227642276423
3075,843.0580722060189,0,-1,300,6.947728795512817,9.42213687916256,0.5187149379666692,0.0022756827048114434
3076,879.2276647796145,0,-1,300,6.3337426427030525,7.882910926369726,0.48678200360973195,0.0022749431264218393
3077,596.6732454169872,0,-1,300,7.436962878281273,8.802462814143896,0.4377459350728235,0.0022742040285899934
3078,1566.0677030884708,0,-1,300,4.900711424742853,8.242055277609175,0.6892835453057666,0.0022734654108476776
3079,1555.4974434895298,0,-1,300,4.19462111380607,6.822156300071132,0.6795835931408498,0.0022727272727272726
3080,1723.534057109914,0,-1,300,5.852560486225916,10.67503904709336,0.7620333941091586,0.0022719896137617657
3081,878.7711602351787,0,-1,300,7.415023546959433,10.411971029462267,0.5532558850463624,0.0022712524334847503
3082,2179.9876636709246,0,-1,300,2.8765504469241336,5.709633792104489,0.9299023215481492,0.0022705157314304248
3083,886.1982464540044,0,-1,300,6.436276786775946,7.9795344091050495,0.473102328492218,0.002269779507133593
3084,978.7631396726397,0,-1,300,6.375231818147096,9.078153086568133,0.5591273629089331,0.00226904376012966
3085,810.0955773436901,0,-1,300,6.331086268098842,7.513318518863955,0.4614210860339238,0.002268308489954634
3086,889.6453223340208,0,-1,300,6.834003003655929,9.355567702367626,0.5199666046528169,0.0022675736961451248
3087,986.3926582781895,0,-1,300,7.190587111120931,10.616321908766555,0.6054706482841605,0.0022668393782383418
3088,509.2625445555394,0,-1,300,7.528321970207346,7.893693915441426,0.39175277329109015,0.0022661055357720947
3089,1279.6189625266913,0,-1,300,6.521987092836654,10.576345500886497,0.6419836521360531,0.0022653721682847896
3090,408.1560828861783,0,-1,300,8.026023322779787,9.067989564519616,0.4169662005188639,0.002264639275315432
3091,761.2743966606957,0,-1,300,6.244726573640074,7.176527849469062,0.4382828630856778,0.002263906856403622
3092,1254.8427470556549,0,-1,300,5.927320463632893,8.840949810370269,0.5992548837888401,0.0022631749110895573
3093,1270.4845880510925,0,-1,300,5.846925790120563,9.02875995207054,0.6098992487874846,0.0022624434389140274
3094,1362.2114024725645,0,-1,300,5.883242288094949,9.180167002887499,0.6142343781395075,0.002261712439418417
3095,1148.3901855289048,0,-1,300,5.74708491526168,8.150601406940588,0.5671031381730888,0.0022609819121447027
3096,188.97487829703744,0,-1,300,7.556412353140396,7.479225315818591,0.3279715467587006,0.0022602518566354536
3097,1244.4336031062808,0,-1,300,5.036013324755074,7.099980042334162,0.5712392437835961,0.0022595222724338285
3098,1279.4747937940883,0,-1,300,6.204865173087189,9.779101340843686,0.6496553361710318,0.002258793159083575
3099,413.66734743520226,0,-1,300,7.6653343742350355,7.473545437964175,0.35559707360852144,0.0022580645161290325
3100,1285.033006004347,0,-1,300,5.319516436832409,7.859163290811614,0.5923670610450131,0.002257336343115124
3101,1504.8803552282054,1,1,1,3.6500811966076716,7.024938521704975,0.6374200125002437,0.0025789813023855577
3102,2187.7494441887698,0,-1,300,5.641402903511265,11.237536198802616,0.9538727901883224,0.002578150177247825
3103,604.5187153716804,0,-1,300,7.013505598471268,8.330553522644635,0.45423156707877976,0.002577319587628866
3104,591.6893297293941,0,-1,300,7.0310816329458365,6.977224125751053,0.3787732003546186,0.0025764895330112722
3105,1199.7937896060985,0,-1,300,6.10046655370142,9.300950906376988,0.6124842277769487,0.0025756600128783
3106,903.8043094811256,0,-1,300,6.109009964996815,7.656161442245702,0.47161734876001976,0.002574831026713872
3107,1725.9152419006066,0,-1,300,5.171607283777016,9.478582977848768,0.7579184054202477,0.002574002574002574
3108,1204.3944647530896,0,-1,300,5.966091338057194,8.634237050311924,0.5848681809305329,0.002573174654229656
3109,1717.385792772336,0,-1,300,5.031193460234097,8.869701881561971,0.7533113646068955,0.002572347266881029
3110,697.6358446740305,0,-1,300,6.353938391140478,6.743010282896305,0.4059551138497547,0.0025715204114432656
3111,1116.62148036021,0,-1,300,5.8492520287209055,8.220253079424817,0.5461938396637226,0.002570694087403599
3112,1138.5052688283229,0,-1,300,5.103799438860299,6.610256085805812,0.537395176611569,0.00256986829424992
3113,986.4062242441812,0,-1,300,6.4643937478479305,9.198254975465018,0.5455248359309759,0.002569043031470777
3114,1686.792990370015,0,-1,300,5.269846946828359,9.277160058035882,0.7423542647553858,0.002568218298555377
3115,1589.7279836745809,0,-1,300,3.771078251451129,6.001269946656632,0.6906697467502934,0.0025673940949935813
3116,1051.4245537081235,0,-1,300,4.658813704571396,5.733989730066906,0.4730346668293361,0.0025665704202759063
3117,809.8347114574818,0,-1,300,6.148893565222326,6.669084822523685,0.42888343440500987,0.0025657472738935213
3118,750.1541003310725,0,-1,300,7.181850038771779,9.583960457753124,0.5150778974243995,0.0025649246553382495
3119,750.5004492993447,0,-1,300,7.24426304982591,9.092706012732904,0.4925651393988381,0.002564102564102564
3120,1596.9966212825038,0,-1,300,5.593040079904511,9.633627119780353,0.7073630594669935,0.00256328099967959
3121,1825.5437517099467,0,-1,300,4.935578358530401,8.968325022999712,0.7976600675681229,0.0025624599615631004
3122,1255.211779719985,0,-1,300,6.370128236514258,10.179561390597334,0.6439069027704575,0.002561639449247518
3123,593.3955972414966,0,-1,300,6.610263618700799,6.226398727521126,0.3670634015740429,0.002560819462227913
3124,1255.8116334531296,0,-1,300,6.119855220279814,9.622271997599913,0.6293699523390993,0.00256
3125,310.9159768552103,0,-1,300,7.872137675110879,5.304979101799304,0.2603823252456471,0.0025591810620601407
3126,978.3734193035082,0,-1,300,6.671432243713794,9.617567017846783,0.5506993300636589,0.0025583626479053407
3127,110.71530268523273,0,-1,300,8.080783849020275,8.032834208683127,0.31305307264115856,0.0025575447570332483
3128,1548.6919978841995,0,-1,300,6.277882419793212,10.97017377628349,0.7293096265834975,0.002556727388942154
3129,574.8012790700858,0,-1,300,6.232486168973497,5.873516811721649,0.3503320194358808,0.0025559105431309905
3130,675.0892910765089,0,-1,300,7.447423716764165,9.941562190648188,0.5126004419998066,0.0025550942190993293
3131,2154.41386228631,0,-1,300,3.7869544347184947,7.508049828853288,0.9260746008796842,0.002554278416347382
3132,832.4215520110713,0,-1,300,6.6350846517135835,8.248577515740468,0.47286981537390865,0.0025534631343759975
3133,938.3677614942943,0,-1,300,6.753340936058347,10.237463050729879,0.5881805208317136,0.0025526483726866626
3134,1021.3270914885468,0,-1,300,6.41533457969988,9.197616982943503,0.573100409115349,0.002551834130781499
3135,2089.9354156528666,0,-1,300,5.0032981349634955,9.857584461274682,0.9083311592009204,0.002551020408163265
3136,1260.5111057647616,0,-1,300,6.084302869524953,9.31894356009165,0.6180939193159224,0.002550207204335352
3137,760.8275560241922,0,-1,300,6.168097432606613,6.9807612971056745,0.4317811260161423,0.0025493945188017845
3138,1606.4014730057181,0,-1,300,4.9318479641399575,8.2330365769231,0.706322806816765,0.002548582351067219
3139,843.4607834996772,0,-1,300,7.378573654883834,10.897424827882606,0.5765631135991742,0.0025477707006369425
3140,1014.2274027053624,0,-1,300,5.741288236869932,7.397511280346585,0.5129372072353593,0.0025469595670168737
3141,713.4884287000618,0,-1,300,5.871009409842125,5.809349782876945,0.38076340011715826,0.002546148949713558
3142,1277.7176113386618,0,-1,300,5.772583225938098,8.583718785520883,0.6003509366184223,0.002545338848234171
3143,1305.8770883484608,0,-1,300,5.839086837847577,9.10176074915406,0.59587019644615,0.002544529262086514
3144,726.4530102790413,0,-1,300,6.363739127847221,6.81435141258481,0.39837736731131734,0.0025437201907790143
3145,813.8328287554077,0,-1,300,6.120306307802916,6.583506984504442,0.4339035785137803,0.0025429116338207248
3146,585.6574420641757,0,-1,300,7.833368616615689,10.36572885098712,0.5037779945041417,0.002542103590721322
3147,1580.5122974636233,0,-1,300,4.627865503861312,7.4595232444928135,0.6932557818888024,0.0025412960609911056
3148,1399.4184334273043,0,-1,300,4.483926833815854,6.559868481424066,0.6167204651816619,0.0025404890441409972
3149,527.8572372311829,0,-1,300,8.039399626955706,9.725339694405655,0.4458072155833881,0.0025396825396825397
3150,1436.78957293847,0,-1,300,4.932551768996465,7.458914249444854,0.6356564603251692,0.0025388765471278957
3151,477.31146850547026,0,-1,300,7.818996916881101,8.444109614144896,0.40019047968493277,0.0025380710659898475
3152,591.3310127128814,0,-1,300,7.834175878123733,9.694367131399478,0.46986265612673966,0.002537266095781795
3153,1586.066821860813,0,-1,300,5.064729930543896,8.835835345622334,0.6988466502544178,0.0025364616360177552
3154,475.34079565061444,0,-1,300,8.148645092289906,9.109932505184343,0.4169459085765367,0.0025356576862123614
3155,2152.624362794536,0,-1,300,5.287290102564864,10.47240959771809,0.936581493600293,0.0025348542458808617
3156,660.2008375306245,0,-1,300,6.194338785025873,6.249356832619282,0.38646563854794824,0.0025340513145391194
3157,924.7070917403053,0,-1,300,6.422710741038716,8.445993987958282,0.5090589226554108,0.00253324889170361
3158,1619.8983553370126,0,-1,300,4.536861032356084,7.847850098764535,0.7089841057997593,0.0025324469768914213
3159,912.0373821428371,0,-1,300,7.406095156872539,11.431034633591223,0.5939967612998834,0.002531645569620253
3160,1383.3309820051256,0,-1,300,4.649658320441933,6.992483372339992,0.6112603465721167,0.002530844669408415
3161,579.6386203312079,0,-1,300,7.384878942973331,8.284056005286118,0.4168428847306705,0.002530044275774826
3162,1723.6158150085087,0,-1,300,4.1986036493276595,7.275023788706756,0.7496627836235026,0.002529244388239014
3163,850.2793111760539,0,-1,300,6.144418771099003,7.228108412209681,0.4594095316804327,0.0025284450063211127
3164,493.92409902353756,0,-1,300,7.272601582778311,6.840102384399894,0.3506043836464334,0.002527646129541864
3165,528.3424747383239,0,-1,300,6.972576012979087,6.702867248828782,0.3518991776543454,0.002526847757422615
3166,558.285449998153,0,-1,300,6.949686606801857,7.286952209742487,0.39555473964848503,0.0025260498894853173
3167,550.7250173262782,0,-1,300,7.200590163264584,8.290754520703697,0.4252344057161809,0.0025252525252525255
3168,654.1103096525414,0,-1,300,6.856381519479937,7.2519290808549535,0.3932947297167878,0.0025244556642473968
3169,447.96934171020376,0,-1,300,7.449002785011867,6.6874766680469895,0.33758463633553276,0.002523659305993691
3170,1095.1044732558098,0,-1,300,5.698502410223257,7.473879426667159,0.5206873635378308,0.002522863450015768
3171,369.9869625024785,0,-1,300,7.992293765680282,6.838312631446826,0.3196005356484796,0.0025220680958385876
3172,1506.0905874485634,1,1,1,3.988201241529598,7.875056626404695,0.7912349403819049,0.0028364323983611725
3173,594.8330869542979,0,-1,300,7.556857692040917,8.795630211737087,0.4384906397026306,0.002835538752362949
3174,1886.3877063016275,0,-1,300,3.5213559334014257,6.58992148195104,0.8124050471261881,0.0028346456692913387
3175,980.600937225748,0,-1,300,6.369930127251455,8.793525769985552,0.5233988845045675,0.0028337531486146094
3176,579.8613101138823,0,-1,300,6.897503708246456,6.9250555693875,0.37401231262898654,0.0028328611898017
3177,1925.005402780114,0,-1,300,4.529430268620174,8.512553685296357,0.8360563115063652,0.0028319697923222154
3178,1322.6027663234036,0,-1,300,6.121737997334817,9.828942029052467,0.6443773975511667,0.0028310789556464295
3179,529.4323895754173,0,-1,300,7.868852868990839,9.636783370846661,0.4538375310432329,0.002830188679245283
3180,698.4347055474706,0,-1,300,7.027396140137342,8.101964866340792,0.4354864010155608,0.0028292989625903803
3181,282.9424355193093,0,-1,300,8.066735975078837,7.032861463643465,0.31473337776155175,0.0028284098051539913
3182,1079.180299314481,0,-1,300,5.831233586711241,8.279579896613921,0.5459089851398535,0.002827521206409048
3183,-55.6896256496243,0,-1,300,9.303048417763707,5.937625367418961,0.21078185068878721,0.002826633165829146
3184,1377.98301431529,0,-1,300,5.526882574075543,8.55871273144063,0.6217399098038399,0.00282574568288854
3185,625.1756543119002,0,-1,300,7.646164365990167,8.960045460783961,0.45295359884093994,0.002824858757062147
3186,969.6180763209492,0,-1,300,6.7403475852502766,9.7659000314454,0.5618575479881319,0.0028239723878255413
3187,353.6455002589642,0,-1,300,8.491538819816064,8.907927254351055,0.38595056447656373,0.0028230865746549563
3188,1692.402633788681,0,-1,300,4.088557854818653,7.276362151735058,0.735831947989756,0.0028222013170272815
3189,898.560387626039,0,-1,300,6.758964068748008,8.983231301043173,0.5225986872306115,0.0028213166144200625
3190,549.4416591891788,0,-1,300,7.435181810894392,8.017103744090058,0.40950044896448,0.002820432466311501
3191,1222.9616644337805,0,-1,300,5.15095404581697,7.284326376371323,0.5481995155243691,0.002819548872180451
3192,1574.6817471004176,0,-1,300,5.610873159602135,9.427482156117701,0.6981989433221905,0.0028186658315064203
3193,646.7595022436077,0,-1,300,8.06704747699661,10.87783855617734,0.5119490718111311,0.002817783343769568
3194,1082.1667900160135,0,-1,300,5.687865329066859,7.464157215894872,0.5384067085544048,0.0028169014084507044
3195,1062.0326965554568,0,-1,300,6.654449602689807,9.982255139959124,0.5976847423930889,0.002816020025031289
3196,1224.7296171497233,0,-1,300,6.167772901237966,9.306023305793076,0.620181119546845,0.0028151391929934315
3197,414.8213771540883,0,-1,300,8.35196654007893,9.412369138041294,0.40673914416463536,0.0028142589118198874
3198,1669.7019252201462,0,-1,300,5.507301276565511,10.029785231673513,0.7370138950826354,0.002813379180994061
3199,959.1068411702082,0,-1,300,6.981138195030844,9.916073096807162,0.5629390422057814,0.0028125
3200,388.4934859508346,0,-1,300,7.837001310472927,6.836377725337866,0.3337527502578018,0.0028116213683223993
3201,2173.6336060206986,0,-1,300,5.310924800208268,10.557921894288633,0.9455126051768525,0.0028107432854465957
3202,1010.7258862759519,0,-1,300,5.302512044430687,6.312927989662301,0.46595374827205166,0.00280986575085857
3203,575.6488769585576,0,-1,300,7.523177557655561,8.443917821667485,0.42055371226520205,0.0028089887640449437
3204,601.6610524770225,0,-1,300,6.516433103869934,6.510235050051126,0.3732646665327221,0.0028081123244929796
3205,966.5839349407977,0,-1,300,6.714817333211915,9.265921716100125,0.5382268575145404,0.0028072364316905803
3206,1186.2661096203212,0,-1,300,5.772546031546446,8.29385304125804,0.5776720545321239,0.002806361085126286
3207,1098.479695958861,0,-1,300,6.77008437621198,10.431912867577058,0.5925643002707671,0.002805486284289277
3208,739.2160203164564,0,-1,300,6.647187635763352,7.861205561800615,0.4512192697930193,0.0028046120286693674
3209,1313.7030938527964,0,-1,300,5.506754903603212,8.136078993995385,0.6048915294212105,0.002803738317757009
3210,398.2658148452011,0,-1,300,7.4581496823191875,6.397983143332252,0.31551031620889874,0.002802865151043289
3211,1033.0294016803214,0,-1,300,5.840077283125799,8.04621676267152,0.5366033299729616,0.002801992528019925
3212,576.5354713153877,0,-1,300,7.003966469594536,7.573424580279714,0.3938333340335359,0.0028011204481792717
3213,617.1515212975393,0,-1,300,6.3745612250419885,7.020588834223619,0.3978925027439562,0.0028002489110143126
3214,1280.221569611927,0,-1,300,6.176857829893938,9.628610718279349,0.628138847996032,0.0027993779160186624
3215,927.7239885818179,0,-1,300,6.535112692787673,8.601494051643712,0.5126373038888925,0.002798507462686567
3216,1376.4823176188704,0,-1,300,4.059567892071259,5.381970397918813,0.6039810581983976,0.0027976375505129004
3217,741.5785521974848,0,-1,300,7.200879963821341,9.207522386541086,0.504090343070635,0.0027967681789931634
3218,1925.517961396587,0,-1,300,6.154612726320111,11.814633489840045,0.848458746029312,0.0027958993476234857
3219,1336.6291301960337,0,-1,300,6.572262112801042,10.809860145206775,0.6607946903455009,0.0027950310559006213
3220,472.2931772628372,0,-1,300,6.797643707759094,6.937771547405907,0.37505607504663846,0.0027941633033219497
3221,1324.053749019294,0,-1,300,4.914860491624311,7.333166347479629,0.5885505157785546,0.002793296089385475
3222,486.52579879562927,0,-1,300,8.325805326715878,10.20794091926011,0.4598956655786888,0.0027924294135898233
3223,796.0849801488907,0,-1,300,7.146199036391955,9.678198967246814,0.5164710028081584,0.002791563275434243
3224,1924.7816740669227,0,-1,300,4.345636924734977,8.3809785565351,0.8345846411300634,0.0027906976744186047
3225,425.7764320509626,0,-1,300,8.204156445497926,8.68303768306742,0.3878336778221297,0.002789832610043397
3226,1325.567686851573,0,-1,300,5.845355225488321,9.046975671284105,0.6057178708209343,0.0027889680818097306
3227,1334.642163261002,0,-1,300,6.081053785120025,9.871833112562575,0.6581684078179656,0.0027881040892193307
3228,1236.8255113276355,0,-1,300,5.457524082551569,7.916173466676114,0.5691690419808406,0.002787240631774543
3229,936.7782595105398,0,-1,300,6.030304278731592,7.631246291728709,0.5039704491650169,0.0027863777089783283
3230,253.65553989369047,0,-1,300,7.722499674784146,7.061552026368068,0.3229778616552413,0.002785515320334262
3231,835.375504289906,0,-1,300,5.399957521219947,5.5909169973958175,0.4250336055268462,0.0027846534653465345
3232,404.9123194263805,0,-1,300,7.705666245312876,6.598326402395935,0.31788856800539034,0.0027837921435199505
3233,917.8842793503264,0,-1,300,5.310725644864777,5.893608137639945,0.4401153016907808,0.0027829313543599257
3234,604.8791457675165,0,-1,300,6.635536590611797,6.413862700132323,0.38585190136308084,0.0027820710973724882
3235,1449.158164570829,0,-1,300,5.27363260209746,8.351231721894596,0.6433681464202433,0.002781211372064277
3236,692.8306024475551,0,-1,300,6.917495876703289,8.177889184809477,0.44151618953448823,0.0027803521779425394
3237,1948.0157389680244,0,-1,300,5.4771878211236515,10.452982850053967,0.8527521332284368,0.002779493514515133
3238,1544.3657443514367,0,-1,300,4.9428802750985295,8.32128371018673,0.6805573288763387,0.002778635381290522
3239,1145.1690706666275,0,-1,300,5.0621635655510655,6.866026085590276,0.531285859656594,0.002777777777777778
3240,879.6304649607283,0,-1,300,6.023571459642946,7.3118744742015105,0.4887945173201668,0.002776920703486578
3241,681.5650194019258,0,-1,300,5.3416490041603035,4.617733783923282,0.35064605229856843,0.0027760641579272056
3242,1172.0723320353404,0,-1,300,5.626667596510993,7.575925314537958,0.5663825702055518,0.0027752081406105457
3243,782.9712618876545,0,-1,300,6.501622092929898,8.131682744150831,0.4764357526906746,0.0027743526510480886
3244,2004.5020544153965,0,-1,300,5.220167618253891,10.231518618187861,0.8743604464766526,0.002773497688751926
3245,475.2490681243335,0,-1,300,8.163052689042724,8.851933111923051,0.4084909006832553,0.0027726432532347504
3246,1740.8406821285712,0,-1,300,4.466166886307807,7.868307158436725,0.7588465358675471,0.002771789344009855
3247,1557.5843288812346,0,-1,300,5.162887965596928,8.468907957463841,0.6877151301091582,0.002770935960591133
3248,716.1382174340466,0,-1,300,6.515067330042098,6.830547700540167,0.40545054756239274,0.002770083102493075
3249,939.5761253651748,0,-1,300,6.79072073701527,9.72089371209806,0.5398303027433695,0.002769230769230769
3250,1047.398269299602,0,-1,300,5.431059514788892,6.763037790744195,0.5031066760083605,0.0027683789603199014
3251,542.2965931003088,0,-1,300,7.293379172415257,6.846498695200213,0.3634053775317645,0.0027675276752767526
3252,827.1732586056052,0,-1,300,6.486426861522666,7.90022695805016,0.47469890770631373,0.0027666769136181985
3253,1456.0970708758414,0,-1,300,5.992758085623794,9.772746494507425,0.6583960268240958,0.0027658266748617085
3254,944.6949848812116,0,-1,300,5.7517035504459555,7.039309454931031,0.44871030044224447,0.0027649769585253456
3255,477.80938223808215,0,-1,300,7.210405775370783,7.213580901250331,0.3719754663209,0.002764127764127764
3256,400.28324589503853,0,-1,300,7.333629122635745,6.314411970721115,0.31699986505150257,0.00276327909118821
3257,759.537872784397,0,-1,300,6.7894630853423585,8.129573143705132,0.45828477463889766,0.0027624309392265192
3258,1424.739894789492,0,-1,300,6.20908124019789,10.044992260032878,0.6620623592286293,0.0027615833077631177
3259,754.9471457135231,0,-1,300,7.258629079175536,9.623079862786149,0.5024854333406092,0.0027607361963190185
3260,950.9913216543664,0,-1,300,5.135748319715774,5.856176175912336,0.43560287891443095,0.0027598896044158236
3261,731.6540360283913,0,-1,300,5.80856298859982,5.036398354729156,0.385577451260241,0.0027590435315757206
3262,257.73956334300544,0,-1,300,7.649892122004239,9.887380655136853,0.4831111610724673,0.0027581979773214833
3263,605.6806982460383,0,-1,300,7.648605009115212,9.131670330701215,0.44036179481953325,0.0027573529411764708
3264,1528.005992119467,0,-1,300,6.541294470245805,11.417267513735823,0.7197628664444063,0.0027565084226646246
3265,871.2267534984762,0,-1,300,6.9627920067038165,9.704759029946613,0.5350006869904685,0.0027556644213104714
3266,1884.5575319278653,0,-1,300,5.737532166034281,10.95120033441387,0.8282637962152009,0.0027548209366391185
3267,861.0571985244526,0,-1,300,5.999811782710638,6.93427112288502,0.4635138695119092,0.0027539779681762548
3268,1459.3886852966389,0,-1,300,5.665479847085079,9.132829081162532,0.6619363650099361,0.0027531355154481493
3269,1368.932714336567,0,-1,300,4.615297272347134,6.65176540920866,0.6050033605161727,0.0027522935779816515
3270,1172.3877680179512,0,-1,300,5.900758124115993,8.402905019323496,0.5623623453205795,0.0027514521553041885
3271,2137.123026935165,0,-1,300,4.92911051745196,9.791360605934821,0.9274362567705419,0.0027506112469437654
3272,1055.6748688280688,0,-1,300,5.484339623596767,6.958727018811138,0.49759470088948576,0.002749770852428964
3273,1242.1146565282843,0,-1,300,4.7493464960406735,6.726600443738875,0.5531678722737569,0.002748930971288943
3274,425.30190076372674,0,-1,300,6.286473995299185,4.567352037324395,0.27920020374440463,0.002748091603053435
3275,1130.3326341051995,0,-1,300,4.7959035004760056,6.1031324761108845,0.5069412071307373,0.0027472527472527475
3276,849.8942144980923,0,-1,300,5.818117705095202,6.650419605838024,0.46411325958821237,0.00274641440341776
3277,1040.6841551923442,0,-1,300,5.9879073355328165,8.099736942150912,0.5255816306305588,0.002745576571079927
3278,1461.2937133013127,0,-1,300,5.671271469110958,9.193925110464482,0.6737144943839147,0.0027447392497712718
3279,668.5621680703695,0,-1,300,6.645796906185682,7.441254118662767,0.42518048304985406,0.00274390243902439
3280,1559.804398357294,0,-1,300,5.964923505186722,10.008838607725046,0.6974562935930887,0.0027430661383724473
3281,916.4756071525281,0,-1,300,7.708659703252618,12.41783026940118,0.6328990860432879,0.002742230347349177
3282,431.7480502663743,0,-1,300,7.345508982710068,6.320312223738935,0.32800276942734613,0.0027413950654888823
3283,1588.874061825062,0,-1,300,6.399603579752793,11.549914041107085,0.7665824902687434,0.0027405602923264312
3284,1043.683805123512,0,-1,300,5.732785785542404,7.7011770570660385,0.5277881585184904,0.0027397260273972603
3285,1380.6105364696555,0,-1,300,5.625120872862598,8.761355677297482,0.6274564363358844,0.002738892270237371
3286,1236.3608652122257,0,-1,300,6.0616895081983095,9.099048896041603,0.5952051465347556,0.0027380590203833284
3287,1504.6253056709954,1,1,1,4.2929484539795935,8.179730793891327,0.6103603222792705,0.0030413625304136255
3288,921.1021630870165,0,-1,300,6.6466755862758164,8.481614515555208,0.5136427026574917,0.0030404378230465185
3289,928.5580469820562,0,-1,300,6.008296864450536,7.590684905005317,0.49138449766870734,0.00303951367781155
3290,1895.0297656779717,0,-1,300,4.959357050429353,9.508387651251429,0.8267909135773746,0.003038590094196293
3291,1372.1354025655853,0,-1,300,6.1854390157050645,10.15014572249521,0.6622045708076643,0.003037667071688943
3292,1814.1786426870037,0,-1,300,3.9040984771682177,7.275140978868496,0.7851885063650129,0.0030367446097783178
3293,1580.1999308697343,0,-1,300,5.623208313872677,9.466616147528379,0.7005907002164342,0.0030358227079538553
3294,1532.1576987167575,0,-1,300,5.731310565236824,9.654091516315185,0.681383870371258,0.0030349013657056147
3295,1438.139795545375,0,-1,300,6.024040969210346,10.104859311058412,0.6444052220796496,0.003033980582524272
3296,817.5242791015394,0,-1,300,5.954898510994644,6.534204974324519,0.4307081567219123,0.003033060357901122
3297,1512.720690215881,0,-1,300,4.817647159317424,7.602751631133862,0.6664326412848314,0.0030321406913280777
3298,1388.818691163152,0,-1,300,5.6520312172874725,8.789131529217476,0.627259104257192,0.003031221582297666
3299,1040.219339404114,0,-1,300,7.109221230955569,11.174169558632611,0.6233138571409861,0.0030303030303030303
3300,215.27805025283567,0,-1,300,7.9313047991522385,5.517480805136654,0.24199735928871158,0.003029385034837928
3301,1362.18688629626,0,-1,300,6.287563019102103,10.581668338911637,0.6836572554691077,0.0030284675953967293
3302,453.8862057853009,0,-1,300,7.304429150623646,6.886109128882472,0.3437597837089844,0.003027550711474417
3303,1644.5028025990298,0,-1,300,4.988685179637392,8.454453463379076,0.7226246399302093,0.003026634382566586
3304,697.048131045741,0,-1,300,6.9038676713412315,8.582680188150213,0.46333580237067756,0.0030257186081694403
3305,899.7773953502026,0,-1,300,6.048321698464207,7.3475975035938985,0.4688452396773136,0.0030248033877797943
3306,1154.960883916408,0,-1,300,5.931886155129596,8.866386045642514,0.5888802069028132,0.0030238887208950713
3307,1448.0337977507497,0,-1,300,5.1235022396215015,8.011836761593402,0.6417736825266399,0.003022974607013301
3308,2087.7536615642725,0,-1,300,5.2403744403050245,10.309629190315166,0.9092001672873997,0.0030220610456331218
3309,1776.4469431096106,0,-1,300,4.0075695743637345,7.277643236009252,0.7702429981033988,0.0030211480362537764
3310,1811.4882496812143,0,-1,300,5.133161805547081,9.364134833749285,0.7932854842421082,0.0030202355783751134
3311,877.2148152780609,0,-1,300,6.429577859685079,8.263685614874609,0.4932383580895656,0.0030193236714975845
3312,835.6287307813224,0,-1,300,5.261596488739424,5.31988759524414,0.40043526616548114,0.003018412315122246
3313,430.53572104589455,0,-1,300,7.862645082045717,10.785194411594127,0.5143981543691771,0.0030175015087507543
3314,513.2767260103997,0,-1,300,7.367007425032102,7.179881038487955,0.36776317934809666,0.0030165912518853697
3315,1391.047874564107,0,-1,300,5.086145103993887,7.739734438517998,0.6177493693483319,0.0030156815440289505
3316,636.752115097564,0,-1,300,6.081930347905639,5.862805870388398,0.3729674831441575,0.0030147723846849564
3317,820.5266237943047,0,-1,300,6.753270073396865,8.80955734211401,0.4994016029281383,0.0030138637733574444
3318,1702.8750956337985,0,-1,300,5.550222675162844,10.050723978584204,0.7511579599111375,0.0030129557095510697
3319,392.65916816945395,0,-1,300,8.579448346201106,10.222490425534914,0.43779367785837014,0.0030120481927710845
3320,481.5563458249847,0,-1,300,7.006468728765046,8.106477269971728,0.41429369121091264,0.0030111412225233363
3321,1012.1781618981481,0,-1,300,5.746778077857431,7.452978337438431,0.517430606799528,0.0030102347983142685
3322,1442.7443400557165,0,-1,300,4.667263597387604,6.990116849887673,0.6361479520036221,0.003009328919650918
3323,739.2651331351589,0,-1,300,7.216758316279208,9.494464678600822,0.4950704529430227,0.0030084235860409147
3324,1299.9082309054058,0,-1,300,5.7208791379559845,8.698832008618131,0.6104735686437702,0.0030075187969924814
3325,822.752973062067,0,-1,300,6.968959172567435,9.405717796051533,0.5141214166161606,0.003006614552014432
3326,905.9833332147604,0,-1,300,6.4010834858626895,7.844690929893509,0.4767111425588639,0.003005710850616171
3327,1210.921515513287,0,-1,300,5.74664808818828,8.539281021011895,0.5920899674919745,0.0030048076923076925
3328,294.448091272252,0,-1,300,7.8305566041173655,5.7463838298358265,0.26576987010415387,0.0030039050765995794
3329,1546.6468286739769,0,-1,300,5.070469832586424,8.374417334623109,0.682464702358555,0.003003003003003003
3330,802.569234380537,0,-1,300,6.671034135932166,8.81982890930663,0.502152477189578,0.003002101471029721
3331,1393.4008078454565,0,-1,300,5.151901253145688,7.614148841349537,0.6230639915915921,0.003001200480192077
3332,841.3187945585119,0,-1,300,6.958675241477085,9.204872741998372,0.5217891762143815,0.003000300030003
3333,1244.005441417012,0,-1,300,5.798818001383242,8.720635831585525,0.6079015604790026,0.002999400119976005
3334,712.4075701297286,0,-1,300,7.499677591476598,10.087761341880173,0.5243888262225205,0.0029985007496251873
3335,499.0901195303468,0,-1,300,7.4633726383816805,7.193045070836506,0.36800889728334185,0.002997601918465228
3336,1560.2775759173123,0,-1,300,5.36962579338156,8.738993967738322,0.7022062106338111,0.0029967036260113876
3337,1212.663845929314,0,-1,300,5.840787866967358,8.511730609562905,0.5842610711258666,0.0029958058717795086
3338,1717.6339411743904,0,-1,300,5.327609356750167,9.212203059044146,0.7556378789982894,0.002994908655286014
3339,700.306549239291,0,-1,300,6.922064865532007,8.069686064341415,0.43755796028763255,0.0029940119760479044
3340,1855.7547825406643,0,-1,300,4.452260340842787,8.388065689857601,0.8066231119482655,0.00299311583358276
3341,1455.7611421772638,0,-1,300,5.35188399052647,8.472043591874844,0.6467062725028079,0.002992220227408737
3342,901.4939149149398,0,-1,300,6.212437972403741,7.562976404658525,0.4794218927162271,0.002991325157044571
3343,774.1587226952004,0,-1,300,8.135782176157292,12.34147893927277,0.6008111472175438,0.0029904306220095694
3344,1180.1861756999397,0,-1,300,5.787534080229777,8.426493000557768,0.579285319721085,0.0029895366218236174
3345,1142.886212467971,0,-1,300,5.24872177203954,7.128611668024784,0.5345801359608195,0.002988643156007173
3346,1208.6826294401483,0,-1,300,4.7903384079719284,6.276218262010664,0.5395453003265168,0.002987750224081267
3347,910.1865322181521,0,-1,300,5.880960115352218,7.0902424274324405,0.47791672048582245,0.002986857825567503
3348,904.2037294086491,0,-1,300,6.159779707248552,7.371865835457191,0.4708921126242425,0.002985965959988056
3349,628.7648019118144,0,-1,300,6.8875656435459165,6.903338855847869,0.37957683613137994,0.0029850746268656717
3350,393.8432191251698,0,-1,300,7.531706248211491,7.009265231776379,0.3337940700174032,0.0029841838257236644
3351,1087.405509534043,0,-1,300,6.311665034612909,9.186637595421368,0.5566088701362988,0.0029832935560859188
3352,628.0365413192446,0,-1,300,7.469805880907255,9.221690100931859,0.45610162479249994,0.0029824038174768863
3353,1078.0715541375405,0,-1,300,6.464909546775993,9.486137199248398,0.5802744958444195,0.0029815146094215863
3354,613.1224802537739,0,-1,300,7.260428745030631,8.461291471903714,0.42750571143917415,0.0029806259314456036
3355,941.6093024899686,0,-1,300,6.363262496305535,8.419790537091451,0.5089638316749746,0.0029797377830750892
3356,554.7229573092534,0,-1,300,8.577671698775255,11.636589422576073,0.5048954105592357,0.002978850163836759
3357,1905.3073173663054,0,-1,300,4.3893631914939135,8.192078558900802,0.8267982728388314,0.0029779630732578916
3358,409.31067112439314,0,-1,300,7.862820657048425,7.91648113165599,0.3650057179893694,0.002977076510866329
3359,1152.8486009000815,0,-1,300,5.718599908210861,8.061738492852138,0.5545435581159888,0.002976190476190476
3360,1316.2957864634043,0,-1,300,5.633400126945504,8.37602868317561,0.6015261412188517,0.002975304968759298
3361,1745.8800974251255,0,-1,300,5.428313100711785,9.90517526086279,0.7681623888491407,0.00297441998810232
3362,1492.210482168429,0,-1,300,6.663674257878723,11.737336407375537,0.7230726067857521,0.0029735355337496285
3363,777.0316029144082,0,-1,300,7.28272189268169,9.382849636068189,0.500167561737543,0.002972651605231867
3364,1260.6170688415853,0,-1,300,5.845143958554287,8.551795711316652,0.5870045992449807,0.0029717682020802376
3365,727.9291934020981,0,-1,300,5.938737453706182,5.995568559678743,0.38929457846651905,0.0029708853238265003
3366,1164.13920789081,0,-1,300,5.700683472188252,8.320423352334695,0.5846165152109827,0.00297000297000297
3367,879.6245895282815,0,-1,300,5.8524367759440254,6.911084685656939,0.4550144722030844,0.0029691211401425177
3368,1622.1983558479817,0,-1,300,5.163000850860173,8.707714844351703,0.7146384879847765,0.0029682398337785693
3369,2079.671212312251,0,-1,300,4.240794319828015,8.293114414466027,0.8983356291954812,0.002967359050445104
3370,1430.5138037969095,0,-1,300,5.737539089945806,9.338803375698376,0.6492065892546233,0.0029664787896766538
3371,424.91022829748925,0,-1,300,7.867237015048877,7.823628293714046,0.3650565613541055,0.0029655990510083037
3372,698.958208041453,0,-1,300,6.039865910936649,5.9985781947869645,0.3997923971260366,0.0029647198339756895
3373,1041.8023342748763,0,-1,300,6.367369393114549,9.181885759990571,0.5693141320193049,0.002963841138114997
3374,228.99618163552813,0,-1,300,7.568340437614035,6.978031243818133,0.3087922038304872,0.002962962962962963
3375,1873.489864975815,0,-1,300,5.17636562915487,9.793421961395703,0.8194435192919169,0.002962085308056872
3376,650.486261448833,0,-1,300,5.907542257786321,4.96589028245196,0.3468888128984766,0.002961208172934557
3377,1987.6820563300796,0,-1,300,4.837793667329165,9.20775424816678,0.8644843093091684,0.002960331557134399
3378,301.8878212036494,0,-1,300,9.08709763362764,10.956361464979759,0.4368624037832703,0.002959455460195324
3379,1013.4624121827262,0,-1,300,5.092643380216717,5.966993342231244,0.4787484179505262,0.0029585798816568047
3380,402.1071578921026,0,-1,300,7.391276903753527,6.781582625447974,0.33776320661383574,0.0029577048210588583
3381,173.5797701247863,0,-1,300,7.745387870395851,4.025729214130136,0.19186779430405337,0.0029568302779420462
3382,1627.6035369147799,0,-1,300,4.278299802520359,7.055882912072455,0.7102553889000608,0.0029559562518474726
3383,547.4718857022469,0,-1,300,7.996156464551714,9.67478940011214,0.4517133862844716,0.002955082742316785
3384,554.7235012891944,0,-1,300,7.310990635018871,7.801160245443348,0.3904547244261296,0.0029542097488921715
3385,869.5790312294203,0,-1,300,7.239583439004085,10.048494461106868,0.5337470397488495,0.0029533372711163615
3386,390.56459665429196,0,-1,300,8.324179625752667,8.227988595101955,0.3658560082884171,0.002952465308532625
3387,1379.5784909641989,0,-1,300,6.034829516455109,9.574465052460418,0.63951888009205,0.0029515938606847697
3388,944.6973071685338,0,-1,300,6.967092364597737,9.991524980335141,0.5514118890414953,0.0029507229271171437
3389,166.14253637612848,0,-1,300,8.599194017721404,8.196434310049542,0.3345025844819816,0.0029498525073746312
3390,1193.65466866068,0,-1,300,5.526417469614667,7.64027073674193,0.5416978614671897,0.002948982601002654
3391,1052.3851542435202,0,-1,300,7.019764539303901,10.45653228788842,0.5852152138380362,0.00294811320754717
3392,1048.7311613711333,0,-1,300,5.9571632902527005,8.400622623609221,0.5400017589745497,0.0029472443265546712
3393,1055.2596004367465,0,-1,300,6.541204465137766,9.483639354414107,0.5628871839507741,0.0029463759575721863
3394,1837.4765254088024,0,-1,300,3.883797354541208,7.286254161925934,0.7947436990793944,0.0029455081001472753
3395,854.6964122129716,0,-1,300,5.288413582420722,5.509023153130214,0.41186605243851404,0.002944640753828033
3396,621.6189337164385,0,-1,300,7.735062198948281,9.878095111227365,0.4722999999879558,0.0029437739181630853
3397,1288.719693159199,0,-1,300,5.601258953962212,8.197141267884174,0.602810458455956,0.002942907592701589
3398,916.953532332231,0,-1,300,5.1834422042209845,5.497632327751447,0.43176479606061235,0.0029420417769932335
3399,506.62580081170483,0,-1,300,7.201867176193763,8.468828921253417,0.41821764553210944,0.0029411764705882353
3400,822.6032945303435,0,-1,300,7.587865885529868,11.868041319177745,0.6129952437520655,0.002940311673037342
3401,-180.40097023068375,0,-1,300,10.022276123926892,10.538944911660785,0.3220321221300035,0.0029394473838918285
3402,1822.008365659148,0,-1,300,4.8896983604278885,8.967373046783406,0.7958428900611872,0.0029385836027034967
3403,1178.8026962245087,0,-1,300,5.607980123262457,7.554432927548886,0.5515827552229208,0.002937720329024677
3404,845.1485855036445,0,-1,300,4.874751968484601,4.652598597893346,0.40837426481944417,0.002936857562408223
3405,1147.9655068131026,0,-1,300,5.990385761713658,8.914582518975015,0.5857212688077309,0.002935995302407516
3406,1183.2149809577982,0,-1,300,5.291639699168079,6.774862522053734,0.5400294288845408,0.0029351335485764602
3407,226.50603007663187,0,-1,300,8.587914176203364,9.505627610356592,0.3925063344204055,0.0029342723004694834
3408,557.9499770868352,0,-1,300,6.893388851468823,6.840836341435512,0.3730886016525122,0.002933411557641537
3409,771.005201717248,0,-1,300,7.1062189636147135,9.033355719022655,0.49819344836185364,0.002932551319648094
3410,801.8612244154875,0,-1,300,6.6797995236634184,8.458437841201379,0.49070148034997857,0.002931691586045148
3411,547.5645428872913,0,-1,300,8.130434958708712,10.465086265683691,0.48465164762057944,0.0029308323563892145
3412,555.7077279008406,0,-1,300,6.09875580711984,5.087362148023312,0.3132004039136964,0.002929973630237328
3413,599.6745781436861,0,-1,300,6.043513669205205,5.693628862051899,0.3511299726344767,0.0029291154071470417
3414,481.6756825629858,0,-1,300,8.563098474480402,11.631340171573013,0.5080947816886128,0.0029282576866764276
3415,684.3795871415725,0,-1,300,7.211870895478325,7.984142728195209,0.42577171803174224,0.002927400468384075
3416,913.6474901872836,0,-1,300,7.567543983649727,11.639414949817825,0.6060124082046179,0.0029265437518290896
3417,659.6393673068968,0,-1,300,7.24741071438055,9.059499218560918,0.47612307970007645,0.002925687536571094
3418,1451.8406530040263,0,-1,300,4.853309238737754,7.5194428962464,0.6413334247088778,0.0029248318221702253
3419,22.349197355528332,0,-1,300,8.196605137797823,7.6145877022790724,0.2430832815188904,0.0029239766081871343
3420,1248.4483240720936,0,-1,300,4.6803043408210305,6.573966586404613,0.5552890842528633,0.0029231218941829875
3421,561.8618228398417,0,-1,300,6.433990054028953,5.91278467651902,0.3577615087056247,0.0029222676797194622
3422,812.1666794668189,0,-1,300,6.599714555344569,7.899699449716604,0.4629721385367953,0.00292141396435875
3423,710.9952379386557,0,-1,300,7.016712627037614,8.59036688069452,0.461221490791315,0.0029205607476635513
3424,1262.0821431053755,0,-1,300,6.2057872196279735,10.049136601110254,0.6410621940896636,0.00291970802919708
3425,1921.5761671193586,0,-1,300,4.901772808394616,9.36974759187332,0.8374200323626934,0.002918855808523059
3426,1146.8907914669453,0,-1,300,7.110184876997134,11.528376773259792,0.6489711662682596,0.0029180040852057193
3427,1441.7570628362366,0,-1,300,5.3152838534320574,8.361084708585148,0.6531281691732467,0.0029171528588098016
3428,1506.391636098419,0,-1,300,5.117490680251811,8.425370850044814,0.6660443618095632,0.0029163021289005542
3429,760.7222416469526,0,-1,300,6.067596898277668,6.45566602006895,0.4159099790011841,0.0029154518950437317
3430,1191.2304974366675,0,-1,300,5.903836315940702,8.686928181133037,0.5806590907989663,0.002914602156805596
3431,1106.5742390368555,0,-1,300,6.210458094563204,8.794225625525929,0.555522055116855,0.002913752913752914
3432,857.1217167314417,0,-1,300,6.183706026581133,8.262901147329213,0.5166557639121524,0.0029129041654529565
3433,1512.4142259704815,0,-1,300,5.008071815829647,8.244206729585734,0.6677331327730899,0.0029120559114735
3434,1419.8411256881086,0,-1,300,6.459020454899895,11.11821596827399,0.7013609572094051,0.002911208151382824
3435,1689.5621386509015,0,-1,300,5.267840333525646,9.185810498860477,0.7434930269393175,0.002910360884749709
3436,786.4896732782512,0,-1,300,7.192063889370598,9.031390925253229,0.5021071210912637,0.002909514111143439
3437,1045.9566552603699,0,-1,300,5.9880181367164536,7.969005467126777,0.5131513974204266,0.0029086678301337987
3438,1052.3529596023752,0,-1,300,6.676810873410869,9.73192228000965,0.5880422574106351,0.002907822041291073
3439,743.8133108243206,0,-1,300,6.5086760962103005,7.424986083487758,0.4399693645188675,0.0029069767441860465
3440,2087.155817283536,0,-1,300,5.213494259201463,10.308738158963497,0.9087494641454843,0.002906131938390003
3441,808.1576549239559,0,-1,300,6.512468040868651,8.047701792075017,0.4632122117295841,0.002905287623474724
3442,-88.61404393208348,0,-1,300,8.338020120686545,5.766721665160427,0.08712460843267433,0.002904443799012489
3443,1424.7222970639182,0,-1,300,5.886047426034292,9.423010757419267,0.64579467332124,0.0029036004645760743
3444,1318.8909452787102,0,-1,300,5.65033684684076,8.512814995359888,0.5995969036468017,0.002902757619738752
3445,834.234013382339,0,-1,300,6.819191145838918,8.896284033703685,0.4908910688277413,0.002901915264074289
3446,508.8627219266604,0,-1,300,7.042149180732883,6.40377845985501,0.35038567998261283,0.002901073397156948
3447,1296.6930333958217,0,-1,300,6.316670707172867,9.899450943718694,0.6376974846701389,0.002900232018561485
3448,1441.7518213484796,0,-1,300,6.598177472385294,11.487784460808319,0.7214561559671231,0.0028993911278631487
3449,844.309658452451,0,-1,300,7.3076792148498955,9.856534361243735,0.5230154158081901,0.002898550724637681
3450,423.40361039651765,0,-1,300,6.585144187140732,4.65898528375212,0.28178796288873786,0.0028977108084613156
3451,717.5709471612164,0,-1,300,6.280339354882261,6.3666032666415155,0.41008761164434127,0.0028968713789107765
3452,1232.27960983599,0,-1,300,5.827801549877826,8.638661569506523,0.5969141549142546,0.0028960324355632784
3453,1360.3368161138806,0,-1,300,5.135341214915353,7.642878387123524,0.6053220658259819,0.0028951939779965257
3454,1900.1144032336185,0,-1,300,4.1403647212267956,7.931635540797882,0.8227670700898755,0.002894356005788712
3455,530.8735742075957,0,-1,300,8.095418001665655,10.048162021646625,0.4589398971272013,0.0028935185185185184
3456,580.5235998082384,0,-1,300,7.1884439313590764,7.111834784204702,0.3694977212467128,0.0028926815157651145
3457,1122.536433835151,0,-1,300,5.443633915155502,6.89515660336782,0.52892951718487,0.002891844997108155
3458,506.1765789574134,0,-1,300,7.708506750932753,8.546969630038403,0.4181034825475307,0.0028910089621277824
3459,489.66057144684123,0,-1,300,6.93166925751489,6.111244409286751,0.33141405599190144,0.002890173410404624
3460,755.2404016037233,0,-1,300,7.10440504007905,8.918193702878181,0.4824014546972296,0.002889338341519792
3461,665.2223645736499,0,-1,300,6.369993737433806,6.5276456138422345,0.3927284325705925,0.0028885037550548816
3462,997.2769997478241,0,-1,300,5.888242097882889,7.923810960545921,0.5179459099628044,0.0028876696505919725
3463,268.28988278175484,0,-1,300,7.301933870692735,7.869161907039895,0.36200237955317394,0.002886836027713626
3464,1871.5585608927602,0,-1,300,4.528290268100386,8.209764691142489,0.813778244049403,0.002886002886002886
3465,1277.0000813231288,0,-1,300,6.00893198155734,9.179110376165308,0.6197185614017519,0.0028851702250432777
3466,1192.4959168972925,0,-1,300,5.796441539652311,8.425503973025563,0.5671080801961617,0.002884338044418806
3467,508.1060396899776,0,-1,300,7.656820043338665,7.851021941930001,0.3881603264957542,0.0028835063437139563
3468,500.0058004388177,0,-1,300,7.055993035988158,7.161397605589332,0.3686029981150318,0.0028826751225136927
3469,1646.4380632369616,0,-1,300,5.507743224013229,9.599961640218394,0.7273239338621673,0.002881844380403458
3470,1387.4766665576474,0,-1,300,4.879012936544957,7.695559212312981,0.6147078747564404,0.002881014116969173
3471,1676.7459618296011,0,-1,300,4.868440148462674,8.365555271559888,0.7351574518758037,0.002880184331797235
3472,1229.73282108336,0,-1,300,5.468583202242587,7.793578244746064,0.5604838297651137,0.0028793550244745176
3473,1266.0980783617165,0,-1,300,4.199834956822307,5.718620195882514,0.5590396281602156,0.0028785261945883708
3474,1758.0002512242006,0,-1,300,4.99912343802763,8.99331778295088,0.7699935304619571,0.0028776978417266188
3475,747.4494910800655,0,-1,300,5.431567908067212,5.841323922470116,0.3941795250364381,0.0028768699654775605
3476,435.8563769358354,0,-1,300,7.524638247364613,7.78837292535216,0.3798993514546255,0.0028760425654299686
3477,1282.5621557801826,0,-1,300,5.830624139959204,8.728621074953914,0.6010201107749439,0.002875215641173088
3478,1782.0243705543664,0,-1,300,6.6485882370629685,12.514412765981389,0.817295617064523,0.002874389192296637
3479,1804.1059495899503,0,-1,300,5.021701345838077,9.239953270257786,0.7893735724229314,0.0028735632183908046
3480,1656.338980168785,0,-1,300,5.840396431533668,10.290746041749497,0.7339442149734958,0.002872737719046251
3481,1147.0803677730162,0,-1,300,6.42871235538033,9.614209448744269,0.5851735194842791,0.002871912693854107
3482,1616.5807836246458,0,-1,300,4.805883394074687,8.159437570610816,0.7096194519658294,0.002871088142405972
3483,1321.4693843092048,0,-1,300,5.130914885880677,7.194520921231094,0.5958296717183529,0.0028702640642939152
3484,823.4487375454862,0,-1,300,6.817021622218809,9.08371065226117,0.5172147290098875,0.0028694404591104736
3485,1417.779360142061,0,-1,300,5.081780319248853,7.880101508221004,0.6288547524535582,0.002868617326448652
3486,1039.9197241983982,0,-1,300,5.7973283829967945,7.554624801218708,0.5226200294104097,0.0028677946659019216
3487,1047.2075334428675,0,-1,300,5.328992185832386,6.5582218961517516,0.4866785520286946,0.0028669724770642203
3488,1151.9573568520925,0,-1,300,5.712549211434079,7.913180268217526,0.5384664511376576,0.002866150759529951
3489,1179.06251179943,0,-1,300,4.870050406006294,6.716576023372532,0.5278014246281436,0.0028653295128939827
3490,200.03817565482706,0,-1,300,8.689915455573157,6.280401757765809,0.2619965262000005,0.002864508736751647
3491,749.6936186895514,0,-1,300,6.587923300630311,7.99035876615321,0.4659936418363096,0.0028636884306987398
3492,900.3119378620468,0,-1,300,5.894264232691819,6.933344010732058,0.4733667986999502,0.0028628685943315204
3493,1266.2843607200589,0,-1,300,4.5621818704213,6.1902385625620235,0.5646258130543649,0.0028620492272467086
3494,1395.7947038235561,0,-1,300,5.296295682527652,8.014239523011563,0.6258975024440826,0.002861230329041488
3495,877.6202880806981,0,-1,300,6.413045290281796,7.855153600685489,0.4849187558333688,0.002860411899313501
3496,1503.2784008976398,0,-1,300,4.833708946616516,7.911956613018798,0.6626188174736392,0.0028595939376608523
3497,1962.502390206739,0,-1,300,5.209960267270614,10.128011723804791,0.8567840312573376,0.002858776443682104
3498,735.0918700878077,0,-1,300,7.050767715383987,8.53566577253219,0.449120638358097,0.002857959416976279
3499,1180.4561971379837,0,-1,300,5.9088533990283905,8.302088085145483,0.5790171960588241,0.002857142857142857
3500,1789.2863826324626,0,-1,300,5.376104321992408,9.700015659325963,0.7858567751784696,0.0028563267637817767
3501,816.8236727208402,0,-1,300,5.571264876156871,6.204436324945267,0.42338551849718614,0.0028555111364934323
3502,667.3725619815318,0,-1,300,7.642472289450655,10.291365847594497,0.5120231361183707,0.0028546959748786756
3503,1040.1548816899842,0,-1,300,6.728141931717457,9.941285182130468,0.5825668605374578,0.0028538812785388126
3504,646.2753498128554,0,-1,300,7.556024820795779,9.825024920057011,0.4770184225352123,0.0028530670470756064
3505,1397.082970742198,0,-1,300,5.985412815139851,9.642025142842375,0.6530273134233048,0.002852253280091272
3506,1461.2184543608462,0,-1,300,5.253701203423265,8.032345149183561,0.6482437816760269,0.00285143997718848
3507,680.0950568985859,0,-1,300,6.471795047446224,7.837181370003043,0.45278551059138494,0.0028506271379703536
3508,1154.0438464498131,0,-1,300,6.725531919393463,10.6850565111185,0.6427226468506175,0.002849814762040467
3509,1048.8029329870099,0,-1,300,5.90707095768924,8.258871171705758,0.5584234700716303,0.002849002849002849
3510,1965.3108790665297,0,-1,300,5.556772399184864,10.793565848298813,0.8605553259382744,0.0028481913984619764
3511,1142.2154579128935,0,-1,300,6.008228922712886,8.42990559055867,0.571309387756215,0.0028473804100227792
3512,1073.0924151565762,0,-1,300,6.982404564100433,11.186488245885727,0.6523989930610106,0.002846569883290635
3513,543.9078309072108,0,-1,300,7.298131459527246,7.349950001399589,0.3736061902438084,0.0028457598178713715
3514,650.6379429907679,0,-1,300,6.715917815985126,6.9712014028476705,0.39764719413802124,0.002844950213371266
3515,501.5748738676255,0,-1,300,8.25025684376122,10.757534686475356,0.49012141702518536,0.002844141069397042
3516,1148.8988363914264,0,-1,300,5.953479972606158,8.725177313003577,0.5684425121490332,0.0028433323855558716
3517,391.70477175093026,0,-1,300,7.4554163606908865,6.00297206888094,0.3039945592900561,0.0028425241614553724
3518,931.6457308593585,0,-1,300,6.0523574682678385,7.67267995909065,0.493373740508335,0.002841716396703609
3519,743.6882610067144,0,-1,300,7.063675129681331,8.160227843837028,0.45793395545277604,0.002840909090909091
3520,382.64748126132986,0,-1,300,8.726436827366133,11.366164184495528,0.48491812069237766,0.0028401022436807723
3521,797.2614294743264,0,-1,300,6.775821773234103,8.393760231040847,0.47756700516298795,0.0028392958546280523
3522,324.78791715940196,0,-1,300,8.240476741372207,8.522988939753828,0.3790098239332524,0.002838489923360772
3523,1369.1543779405938,0,-1,300,4.762961207262221,6.8948916336803,0.6082406835240116,0.0028376844494892167
3524,877.0954716338977,0,-1,300,6.616942086278065,8.633380797462278,0.5043187464674844,0.0028368794326241137
3525,815.3141304023223,0,-1,300,6.486021067947567,8.114243158185129,0.47814134116869145,0.0028360748723766306
3526,406.59840173633853,0,-1,300,7.9742239876592125,7.7979267271176465,0.3544161083855515,0.002835270768358378
3527,1768.2505419419751,0,-1,300,5.781055815549954,10.634346563127679,0.7801289777591137,0.002834467120181406
3528,546.2852588417105,0,-1,300,7.429774161177613,8.23447928954163,0.4144688430761266,0.0028336639274582033
3529,1350.7571545022608,0,-1,300,5.283101262302339,7.84266566519039,0.6134105958998823,0.0028328611898017
3530,1391.7439976250644,0,-1,300,5.943891745414714,9.425158838118099,0.6382997175095743,0.002832058906825262
3531,1345.5194526730447,0,-1,300,5.55092873659113,8.659762526909665,0.6175663158736775,0.0028312570781426952
3532,1344.603144773695,0,-1,300,5.858849383925265,9.232926144349634,0.6339422540641074,0.002830455703368242
3533,590.1058032448839,0,-1,300,7.735906357135281,8.947620258679974,0.43999924769377213,0.0028296547821165816
3534,1068.6062758303804,0,-1,300,5.620577978187413,7.234217663596561,0.5155028770877915,0.002828854314002829
3535,1813.0000570515347,0,-1,300,5.6280512345328155,10.25396306780944,0.7976270746971359,0.002828054298642534
3536,1377.3786717020628,0,-1,300,5.042862070140061,7.586961086217111,0.6117292454019109,0.0028272547356516823
3537,898.8443283835396,0,-1,300,5.825896239823346,7.530294569665915,0.5066585511414224,0.002826455624646693
3538,1197.125541367245,0,-1,300,6.201253192487501,9.194555958483507,0.5838368014531157,0.0028256569652444193
3539,1537.8405549635215,0,-1,300,4.1262976545559304,7.0701876691797,0.6717141303106364,0.002824858757062147
3540,743.3485125376194,0,-1,300,7.088944052026051,8.92899421488754,0.47917630117982557,0.002824060999717594
3541,697.208619031725,0,-1,300,7.0512510602415315,8.36118827805991,0.44149042018023277,0.00282326369282891
3542,843.0105637853363,0,-1,300,5.541796912129699,6.167441931081329,0.43744204926544017,0.002822466836014677
3543,885.6101125588308,0,-1,300,5.50495429387265,6.216293239355004,0.4437606363476098,0.0028216704288939053
3544,1048.5614639953083,0,-1,300,6.583521954709379,9.581193254343141,0.5662704654937122,0.0028208744710860366
3545,1100.0290739163795,0,-1,300,6.201072058801959,8.787620044494066,0.5645901195028551,0.0028200789622109417
3546,1745.519008431674,0,-1,300,4.254561790321278,7.418351063056209,0.7592088002739403,0.00281928390188892
3547,1864.9544402444658,0,-1,300,4.2828032536307035,7.7520530504134575,0.8091853745040914,0.002818489289740699
3548,923.3014286982173,0,-1,300,5.94977763205029,7.127700285261832,0.47855305996722564,0.002817695125387433
3549,669.0487087241448,0,-1,300,6.645903137871983,7.371249367564901,0.4136372241364698,0.0028169014084507044
3550,646.9046302667286,0,-1,300,7.350718072732757,8.536666068154531,0.4341371457411842,0.0028161081385525205
3551,1502.1285614462429,0,-1,300,6.046874108825716,10.15621636327796,0.6872273400077972,0.002815315315315315
3552,1107.7405719264432,0,-1,300,5.723037570825322,7.7677862346565405,0.5472317175418382,0.0028145229383619475
3553,669.0733513877467,0,-1,300,6.199040648418343,6.1094412150503805,0.38396282812011334,0.0028137310073157004
3554,1108.2122327230447,0,-1,300,5.363274880871394,6.982476365932042,0.5245609453487884,0.0028129395218002813
3555,1446.6655326969192,0,-1,300,5.7242075285775105,9.150120344342957,0.6608277958049894,0.00281214848143982
3556,307.99498336757415,0,-1,300,7.951113682995607,7.143511483513208,0.3235456617975929,0.0028113578858588698
3557,1650.5561053198428,0,-1,300,5.538614015999398,9.71128543495978,0.72927131566993,0.002810567734682406
3558,2072.8474002406992,0,-1,300,4.431410426134561,8.672396130711244,0.8969219949629672,0.0028097780275358245
3559,965.9787018174608,0,-1,300,6.120002284692438,8.162344695973662,0.5103327225176814,0.0028089887640449437
3560,713.9385167267209,0,-1,300,7.0156512012835766,8.15583618533144,0.4517336935473758,0.002808199943836001
3561,784.6112670721388,0,-1,300,6.300700502361704,7.64463678647982,0.462061996395079,0.002807411566535654
3562,645.9427637234343,0,-1,300,6.198807453997302,5.6033620116015666,0.3589957945398783,0.0028066236317709796
3563,1646.4848410369448,0,-1,300,6.507203620157994,11.921444299918786,0.794230586670816,0.0028058361391694723
3564,300.8710575582385,0,-1,300,9.072859666415155,9.712455154323855,0.38880863296838974,0.002805049088359046
3565,1024.8155557325188,0,-1,300,6.686655000011028,9.241390517945932,0.5348166224276024,0.0028042624789680315
3566,678.9994429387992,0,-1,300,7.492045629864339,9.18413223585545,0.45350389305645755,0.0028034763106251754
3567,726.1514185001226,0,-1,300,5.87771470022195,5.657348554078619,0.39778387575376645,0.002802690582959641
3568,913.5762265179397,0,-1,300,6.497888360857614,8.427004289279555,0.5048314924641071,0.002801905295601009
3569,460.00024691863695,0,-1,300,7.215820208175531,7.431151447171161,0.36993295168466706,0.0028011204481792717
3570,709.1120939852584,0,-1,300,6.690258608052078,7.561940408768565,0.4331461321235108,0.002800336040324839
3571,698.7067263642833,0,-1,300,7.278001796155324,9.234830258072943,0.4782764515513412,0.002799552071668533
3572,954.6795583584297,0,-1,300,5.764073986683827,7.369378805972491,0.49151751120401493,0.00279876854184159
3573,1170.1701863687756,0,-1,300,6.275507888628848,9.7844599464645,0.6172963429306587,0.0027979854504756574
3574,1191.4167554633113,0,-1,300,5.092519433705861,7.067668814008492,0.5346175438625068,0.002797202797202797
3575,2013.0082887456008,0,-1,300,5.190916228205212,10.015544612184604,0.8776853253555394,0.002796420581655481
3576,775.7050804325347,0,-1,300,7.108667256282885,8.746163769053583,0.4706007504975714,0.0027956388034665923
3577,374.8902689781451,0,-1,300,7.928101592854867,10.016300274311163,0.4564647522640544,0.002794857462269424
3578,603.429341652312,0,-1,300,6.673030561483911,6.599569652835791,0.376305170495066,0.002794076557697681
3579,903.0090049480542,0,-1,300,5.713467225227594,7.081874363398192,0.4812631860756854,0.002793296089385475
3580,175.6454634871314,0,-1,300,7.5683853995082,9.281886509113813,0.4378094540378896,0.0027925160569673277
3581,1400.3041028291111,0,-1,300,4.9012460154356345,7.460297947652229,0.6202193879612299,0.0027917364600781687
3582,1654.8740286856703,0,-1,300,5.830075909767586,10.198985415545383,0.7332564146089529,0.0027909572983533353
3583,689.6479054761219,0,-1,300,6.9638406123158045,8.140365553624825,0.4420423093963415,0.0027901785714285715
3584,866.5528415092274,0,-1,300,7.23022614926605,10.443152013192641,0.5452360817582155,0.002789400278940028
3585,713.9405202694428,0,-1,300,6.236324963524194,6.215138794733061,0.3886292783098322,0.002788622420524261
3586,201.50658826984062,0,-1,300,8.38974983638552,7.522159149136628,0.31337981754740407,0.0027878449958182324
3587,789.2335094914091,0,-1,300,6.321389228339953,7.237669327944076,0.43856188252591094,0.002787068004459309
3588,-167.58170641708415,0,-1,300,9.310094800949116,8.080577610424806,0.2761324683510113,0.0027862914460852605
3589,1221.6839471583041,0,-1,300,5.490905488758282,7.591918109458488,0.5620495947106801,0.002785515320334262
3590,1904.7331907812916,0,-1,300,5.287408399528968,10.054149180498163,0.8332943924886723,0.00278473962684489
3591,419.47585167508737,0,-1,300,7.757476750491992,7.020515314012399,0.3358103345109015,0.0027839643652561247
3592,1550.9343058472984,0,-1,300,5.7784491139152,9.539017441015169,0.693781962508741,0.0027831895352073478
3593,1589.7069270237932,0,-1,300,5.686126779856318,9.672768427830913,0.7050238371088372,0.0027824151363383415
3594,1175.8464326327605,0,-1,300,5.636272290090136,7.874025056508996,0.5630156482430064,0.0027816411682892906
3595,941.7544145963891,0,-1,300,6.359975038001616,8.795827766703788,0.5512276977124877,0.0027808676307007787
3596,1456.178487030471,0,-1,300,6.168446181949846,10.496803241813636,0.6852506039316253,0.0027800945232137894
3597,1883.2844460794634,0,-1,300,4.806325073771265,8.908375796278944,0.8207492905863937,0.0027793218454697055
3598,389.73002938784686,0,-1,300,7.026638036047331,8.467174269343971,0.4200885073068732,0.0027785495971103086
3599,902.0518632497486,0,-1,300,5.480781558488238,6.031967016573758,0.4491919847962937,0.002777777777777778
3600,1661.8064563013747,0,-1,300,5.0539262345954565,9.10726405763857,0.7303238035517057,0.0027770063871146904
3601,531.1556390696659,0,-1,300,7.308696713470589,7.575288784008961,0.38510098441278334,0.00277623542476402
3602,759.1962556725698,0,-1,300,6.95017022270975,8.562771651971921,0.47032012985668276,0.002775464890369137
3603,876.0216389226568,0,-1,300,6.10579006968073,7.269057462584813,0.4679004207884694,0.002774694783573807
3604,709.9650548834042,0,-1,300,6.593291287717126,7.0321770992520385,0.4206102910579978,0.0027739251040221915
3605,736.8639115364249,0,-1,300,7.02763189012738,8.581054441572773,0.4774102235973752,0.0027731558513588465
3606,1358.035545332601,0,-1,300,5.050410603819602,7.534507546111822,0.6037262234172305,0.0027723870252287217
3607,2083.651243410439,0,-1,300,5.119771124977009,10.131400836301804,0.9065863015250105,0.002771618625277162
3608,287.4613234013749,0,-1,300,6.675691375840825,3.901562216921405,0.2053467441903166,0.002770850651149903
3609,1387.594055353738,0,-1,300,5.895469593758815,9.34150387011099,0.6464617548922765,0.002770083102493075
3610,770.5552287866274,0,-1,300,5.555088299936139,5.472599844128378,0.38031209852149633,0.0027693159789531985
3611,889.8882320377413,0,-1,300,5.770834275501203,6.68099015202651,0.44665163217092074,0.0027685492801771874
3612,1649.8331726854426,0,-1,300,3.9603918456790725,6.475565275450548,0.7171334274615281,0.0027677830058123443
3613,759.9115971436229,0,-1,300,7.496369463815724,10.416263080630438,0.5248874485729236,0.002767017155506364
3614,1682.0705976011209,0,-1,300,3.706439437430688,6.199954768923078,0.7286610447811975,0.0027662517289073307
3615,1089.7313849262086,0,-1,300,6.89901698466281,10.508073780083253,0.5967663936125107,0.0027654867256637168
3616,498.10941973434984,0,-1,300,8.338825975179851,10.777934959204158,0.48564462179950996,0.002764722145424385
3617,490.11341589988217,0,-1,300,6.647607969402091,5.634769611733692,0.3180310264395652,0.002763957987838585
3618,1106.7568785533376,0,-1,300,6.142171307811475,9.038767405540765,0.5645116105620166,0.0027631942525559545
3619,1092.972027438811,0,-1,300,6.578105794319855,9.548068936541755,0.5894406181720508,0.0027624309392265192
3620,282.84415412477466,0,-1,300,8.435639366483342,6.7119875549583545,0.29815678631970904,0.0027616680475006906
3621,608.7592943369496,0,-1,300,7.594609898619232,8.580450809844463,0.429514830831446,0.0027609055770292656
3622,266.81864079090377,0,-1,300,6.782402138699772,7.4256612339568395,0.34503524004792596,0.002760143527463428
3623,639.1770444581247,0,-1,300,7.365789840085315,7.721651445197587,0.4095279581233159,0.0027593818984547464
3624,740.5067485484201,0,-1,300,7.291626060798421,8.94774013935845,0.47682546245421975,0.002758620689655172
3625,747.0846201361298,0,-1,300,5.952934498990803,6.2750074189920975,0.4081187992507569,0.0027578599007170436
3626,1230.9270458030037,0,-1,300,5.318214303915292,7.306105644272431,0.5782906771395743,0.0027570995312930797
3627,714.7375401751358,0,-1,300,6.48501202658074,6.989646625014242,0.423915080547201,0.0027563395810363835
3628,513.6619944665409,0,-1,300,7.961298452073647,8.861848808665009,0.4153273237189535,0.002755580049600441
3629,844.9130688259146,0,-1,300,5.498578608874712,5.774006087306664,0.4239362405019721,0.0027548209366391185
3630,782.2378990189995,0,-1,300,6.781489482675122,8.254166016882847,0.4626167925570747,0.002754062241806665
3631,1198.7904862426003,0,-1,300,5.579735459718467,8.178670904121464,0.5987212370818992,0.0027533039647577094
3632,605.0606250482923,0,-1,300,7.432648700875058,8.534679381489841,0.4350144717177429,0.0027525461051472614
3633,815.6579176868814,0,-1,300,6.596676590595443,8.045180492989505,0.4729935817349148,0.00275178866263071
3634,1036.879050279914,0,-1,300,5.974522229234061,7.852595105005134,0.5266581732202914,0.002751031636863824
3635,1254.438105958733,0,-1,300,6.489105022344752,10.405912957480368,0.6558332915993492,0.0027502750275027505
3636,884.2458371982456,0,-1,300,6.300485031720447,7.45891836117905,0.4754127182564804,0.0027495188342040143
3637,1052.4212295181183,0,-1,300,6.892698689522902,10.28469493818237,0.5935071195482987,0.002748763056624519
3638,1001.9899339401702,0,-1,300,6.7448873600766115,10.0031887946313,0.5760756547055446,0.0027480076944215444
3639,1728.0874472542134,0,-1,300,3.7565050151036954,6.4914949723768895,0.7482102239692001,0.0027472527472527475
3640,837.5568690744135,0,-1,300,7.03503553509204,9.569010972991434,0.5143778599376356,0.0027464982147761604
3641,1774.4340704860022,0,-1,300,4.875383793778267,8.888694153085071,0.7759129078225034,0.0027457440966501922
3642,323.1901526807267,0,-1,300,7.217772545809251,5.327088996442053,0.26840886210004766,0.002744990392533626
3643,697.043988285187,0,-1,300,6.7352924284058,7.93934683932006,0.4544796740901785,0.0027442371020856204
3644,1249.7523762982523,0,-1,300,5.438942789500683,7.6126008848444915,0.5755345835745372,0.0027434842249657062
3645,715.8479350819442,0,-1,300,7.889713083883915,10.935132008841714,0.5369031422107972,0.0027427317608337905
3646,884.0517816819662,0,-1,300,5.3997588225207025,5.749869249979895,0.4294487331717693,0.002741979709350151
3647,1365.4395374722521,0,-1,300,6.510846421072872,10.817211965855336,0.671117626264509,0.0027412280701754384
3648,1240.827827362975,0,-1,300,3.7273723608608726,4.59111078588141,0.5449668874410295,0.0027404768429706767
3649,947.4561965724671,0,-1,300,6.078784368533286,7.5856593884871595,0.47102214336228465,0.0027397260273972603
3650,2161.843377938803,0,-1,300,5.614891017899446,11.156558343198656,0.9428797567754149,0.002738975623116954
3651,1011.3321886762802,0,-1,300,6.560352472968526,9.265013798632042,0.5760975478991489,0.002738225629791895
3652,851.3599373078195,0,-1,300,7.273214956403546,10.302085618572752,0.5528662572790545,0.002737476047084588
3653,956.9124211225488,0,-1,300,6.429742375030336,8.2363688198696,0.4978643180304059,0.002736726874657909
3654,1013.0342749995424,0,-1,300,6.488144489855753,9.31379672942649,0.5677025965183065,0.0027359781121751026
3655,935.0180676059507,0,-1,300,6.034214081892155,7.455344664769962,0.499441896637732,0.002735229759299781
3656,516.5374723691795,0,-1,300,7.4482678693842175,8.222375376035572,0.4166268811630058,0.0027344818156959257
3657,617.3535019861836,0,-1,300,5.99550313772356,5.360869890363023,0.358218614093521,0.002733734281027884
3658,1032.501023723185,0,-1,300,6.579986981829342,9.36893677399263,0.5630556674283019,0.002732987154960372
3659,966.1970159875086,0,-1,300,5.8536294012436505,7.151028973577243,0.49911629453208606,0.00273224043715847
3660,1391.1121560475046,0,-1,300,5.944221091673269,9.636691675033461,0.6679252297363362,0.0027314941272876263
3661,1083.7116276838458,0,-1,300,5.62072332441327,7.282942725730878,0.5373135103622179,0.002730748225013654
3662,517.8642493451767,0,-1,300,7.2365921040456325,7.2198584312291025,0.37363789267331543,0.00273000273000273
3663,1778.432334897576,0,-1,300,4.706790763548526,8.646618570903343,0.776314403600605,0.0027292576419213972
3664,1086.3920969656533,0,-1,300,5.910642909618432,7.577096338540231,0.5283963834090231,0.002728512960436562
3665,924.3252509186997,0,-1,300,7.066254055533362,10.485608097379174,0.5722312803707428,0.002727768685215494
3666,2072.201400317259,0,-1,300,4.881118423708287,9.60651828343822,0.9000256383100039,0.002727024815925825
3667,1823.6422739442744,0,-1,300,5.738616350014036,10.785374516155727,0.8028905701018868,0.0027262813522355507
3668,581.7052771377631,0,-1,300,6.740004102742672,6.673739822845965,0.37367671924792384,0.002725538293813028
3669,1299.6356721719171,0,-1,300,5.463533385453204,8.040967255510632,0.5929515919874921,0.0027247956403269754
3670,637.7699734339623,0,-1,300,7.337106934465493,8.555581369100125,0.43815350729444713,0.002724053391446472
3671,1643.3439664118032,0,-1,300,4.822440931257507,8.510885482390668,0.7208949596560161,0.0027233115468409588
3672,1373.265126035802,0,-1,300,4.750016387955745,6.8755379852819365,0.6078189254245854,0.002722570106180234
3673,401.3914846968754,0,-1,300,6.8345962880095295,8.94847569073736,0.46168153056835676,0.0027218290691344584
3674,937.9245169626262,0,-1,300,5.721331486270986,7.085616724303245,0.48791941569997355,0.0027210884353741495
3675,746.9104497787091,0,-1,300,6.780050226100061,8.588491670907162,0.5007707436626915,0.002720348204570185
3676,1413.4152430136437,0,-1,300,6.075654306569575,9.72795551577571,0.6397632449943411,0.0027196083763937995
3677,455.44235146031804,0,-1,300,7.394201278794112,6.280013983473774,0.3254669907465969,0.0027188689505165853
3678,1397.314124709693,0,-1,300,6.560016495072483,10.885841539377218,0.631414342342082,0.002718129926610492
3679,1274.5365603094679,0,-1,300,6.069166176136807,9.655222799542255,0.6361989576739947,0.002717391304347826
3680,196.0587225988531,0,-1,300,8.306932059193027,8.951392517556648,0.3829248871482156,0.0027166530834012497
3681,1758.2748615143914,0,-1,300,3.793440861558695,6.695173780133486,0.7610653320926868,0.0027159152634437804
3682,1399.1343305983032,0,-1,300,5.6633999892444455,8.90133039818807,0.6254481376686268,0.0027151778441487917
3683,1006.229813437513,0,-1,300,6.009845030474575,7.847024052190685,0.5018170099692085,0.0027144408251900108
3684,763.9948928516618,0,-1,300,5.935075837364231,6.425559510803491,0.41246213598669274,0.0027137042062415195
3685,2245.884048174867,0,-1,300,4.919434789448904,9.827116059173674,0.9726807809937272,0.0027129679869777536
3686,1149.0380149822101,0,-1,300,6.032282840952131,9.011622490613027,0.5870444436611995,0.0027122321670735015
3687,297.27880545034947,0,-1,300,8.660631257786171,8.70771231797161,0.365492321087151,0.0027114967462039045
3688,941.0904640821803,0,-1,300,6.552987069575676,9.200556865625257,0.5549363690078957,0.0027107617240444567
3689,830.4085468581221,0,-1,300,5.371826292086512,5.742841971139711,0.4362438600451537,0.0027100271002710027
3690,923.6137735904354,0,-1,300,6.147585730211256,7.790971580377864,0.48971197903814356,0.00270929287455974
3691,1433.9192792148046,0,-1,300,5.633825817270441,9.115332167785763,0.6397200599690303,0.0027085590465872156
3692,1707.0133931746225,0,-1,300,4.97855969086817,8.672983385842842,0.7485947781709378,0.0027078256160303275
3693,853.505323786037,0,-1,300,6.573809126469923,8.360142006014252,0.49688453030965357,0.0027070925825663237
3694,842.6510064973961,0,-1,300,6.870768973646923,9.17320496156859,0.5017770059892805,0.0027063599458728013
3695,732.8419663586309,0,-1,300,6.492335066981954,7.47508634931894,0.4428330262716468,0.0027056277056277055
3696,745.799387633832,0,-1,300,7.003040212275962,8.570115269726372,0.4717728792355346,0.002704895861509332
3697,579.0289371180725,0,-1,300,7.4243500062044205,9.066942837173379,0.44712438306443353,0.0027041644131963224
3698,578.3884807832239,0,-1,300,6.548714922095454,6.634868225664352,0.3917467382051675,0.002703433360367667
3699,1728.1969625251838,0,-1,300,5.856639084054357,10.50337730469049,0.7640068608492346,0.002702702702702703
3700,1138.5690234572023,0,-1,300,5.620208686520884,7.593123078542847,0.5425099069853397,0.0027019724398811133
3701,996.7129687308843,0,-1,300,5.4220161539501355,6.6174658767681045,0.48231816869536315,0.002701242571582928
3702,811.9800854631535,0,-1,300,7.261258114733018,10.391173473929225,0.5505162193216359,0.0027005130974885228
3703,208.85343274905748,0,-1,300,8.911323999764017,7.942303214514045,0.3216034239834873,0.0026997840172786176
3704,1714.224601294123,0,-1,300,5.171807307107995,9.291540284376145,0.7530488053425279,0.002699055330634278
3705,1089.3020820771742,0,-1,300,5.535609365537024,7.709362416566384,0.5530606806000126,0.002698327037236913
3706,783.1666127950342,0,-1,300,7.094367673102009,9.36925465275314,0.5135972769570858,0.002697599136768276
3707,1205.227476606254,0,-1,300,6.41181635635116,9.685995612158807,0.6115915187819778,0.002696871628910464
3708,577.7307180391145,0,-1,300,7.115957425599206,7.699310277744993,0.405358073236007,0.0026961445133459154
3709,1301.4319336308845,0,-1,300,5.626006030793412,8.575729029015056,0.6163391721412407,0.0026954177897574125
3710,644.1882345319635,0,-1,300,7.700509339872469,10.52940249475185,0.5240882223219869,0.0026946914578280788
3711,1117.6356684701193,0,-1,300,6.757660523941116,10.859447443610652,0.6506559415144849,0.0026939655172413795
3712,829.4956195635784,0,-1,300,6.5462372160504945,8.164143080078981,0.4628463303817293,0.00269323996768112
3713,1647.5370982680206,0,-1,300,4.365578166228479,7.2305475038585065,0.7192156271917225,0.0026925148088314485
3714,658.8553198442332,0,-1,300,6.480787832563289,6.896745482138701,0.401814366201034,0.0026917900403768506
3715,798.3437163161841,0,-1,300,7.160209795864547,9.105981090083226,0.49165296947519493,0.002691065662002153
3716,603.8915364699197,0,-1,300,6.488032607895075,7.665877809495984,0.4248317761768714,0.0026903416733925207
3717,537.5870229498179,0,-1,300,7.548434446661295,8.572361083147046,0.4156705353848416,0.0026896180742334587
3718,582.919591571568,0,-1,300,7.440144014158586,9.281253856149032,0.4615746077064774,0.0026888948642108095
3719,706.817476832276,0,-1,300,6.794515934095731,7.522631000778467,0.4184711813796112,0.002688172043010753
3720,1235.9854998595072,0,-1,300,5.479477249234126,7.5067484785140115,0.5796499605023334,0.0026874496103198066
3721,1694.6716662146662,0,-1,300,5.740093691398085,10.248628255490262,0.7491638969415964,0.0026867275658248252
3722,1287.6358883366433,0,-1,300,6.277493620892525,10.055990232106383,0.6420724441691582,0.0026860059092130005
3723,1403.044541336695,0,-1,300,6.70544867601616,11.520784446193334,0.7102829161982691,0.0026852846401718583
3724,1309.063041052554,0,-1,300,5.901162227996423,9.071968601920931,0.6106436260279409,0.0026845637583892616
3725,978.2077594316651,0,-1,300,6.86480564743394,9.93823057321309,0.5499861802061216,0.0026838432635534087
3726,813.4012145803857,0,-1,300,6.6551780078089635,7.610593966837564,0.4562373539425478,0.002683123155352831
3727,863.2860016843765,0,-1,300,5.37635306714632,5.670827821855867,0.4340789481463248,0.002682403433476395
3728,1243.5682475309277,0,-1,300,5.369526018749134,7.284531073787524,0.5730286563353663,0.0026816840976133013
3729,1503.4453845922778,1,1,1,3.911516034783987,7.36940898456961,0.4600094442956189,0.0029490616621983914
3730,1162.0534596080915,0,-1,300,6.489939941587413,9.781957956708862,0.6077207893657147,0.0029482712409541678
3731,1813.4085700162161,0,-1,300,5.3445357295656315,9.703107425043997,0.7956709221451654,0.002947481243301179
3732,452.31121833056034,0,-1,300,7.373598873220969,6.916409856103866,0.34120526748078006,0.0029466916688990086
3733,646.1792295747409,0,-1,300,6.467769508581815,6.18474967586837,0.3832664992015094,0.0029459025174076057
3734,881.6245582864905,0,-1,300,7.31601372269437,10.90152378584499,0.5913438432220639,0.0029451137884872825
3735,1095.8089411388025,0,-1,300,6.727678040901065,10.428481729492727,0.6202387715866263,0.0029443254817987153
3736,1104.2350129779516,0,-1,300,6.060971192702477,8.38345310356302,0.5544018632533391,0.0029435375970029436
3737,526.3350485926284,0,-1,300,6.732872827344065,5.81962886968067,0.3346634854635298,0.0029427501337613697
3738,1187.9079492618607,0,-1,300,5.7052947192912775,8.362390138164526,0.5813864880830575,0.002941963091735758
3739,1258.5680992232676,0,-1,300,6.3842039548179494,9.77607908940931,0.6030667124092209,0.0029411764705882353
3740,1051.0092210167243,0,-1,300,6.538562260445589,9.410292858026336,0.5856952788482058,0.0029403902699812884
3741,1929.0965645232125,0,-1,300,6.112577606217989,11.661219500408704,0.8496345672646399,0.002939604489577766
3742,1593.6148126710648,0,-1,300,4.108765039831183,6.654507989141266,0.6948219097450091,0.002938819129040876
3743,701.9540722041991,0,-1,300,6.604464224638743,7.168676110280431,0.4159645883739157,0.002938034188034188
3744,1099.771208613316,0,-1,300,6.26013281484415,9.042843794389587,0.579145087252076,0.002937249666221629
3745,948.332288358071,0,-1,300,6.836021760169649,9.702513906146445,0.5423219650471566,0.0029364655632674853
3746,1015.6475851141704,0,-1,300,4.755613821730692,5.486640875231954,0.458853597460551,0.0029356818788364024
3747,1060.6394693072084,0,-1,300,6.2028174282328825,8.624054665666517,0.5422119610737813,0.002934898612593383
3748,1705.0191073660121,0,-1,300,4.7370564713997005,8.321480530981127,0.7459525516046697,0.0029341157642037877
3749,647.0696446164793,0,-1,300,7.209733565424855,7.73262570695711,0.42395587054406253,0.0029333333333333334
3750,1027.2252120225965,0,-1,300,6.715662311638438,9.879345043338052,0.5777819259305405,0.002932551319648094
3751,832.3633203167234,0,-1,300,6.416886782927915,7.56242872894133,0.46343194254551606,0.002931769722814499
3752,1741.0015064737827,0,-1,300,5.099294801007015,9.49149799606398,0.7636620053716279,0.002930988542499334
3753,331.53811178481715,0,-1,300,7.990822645137153,7.644385724637017,0.34304726616742104,0.002930207778369739
3754,579.5715421316673,0,-1,300,7.098873324508701,7.5580212597220395,0.4027604925402482,0.002929427430093209
3755,780.7792624916553,0,-1,300,7.173133007891523,9.429381351560318,0.5059752505251225,0.0029286474973375934
3756,889.2334474969423,0,-1,300,6.724243764093438,8.501919526651164,0.48963956068142095,0.002927867979771094
3757,935.5619639853924,0,-1,300,5.493904651864254,6.231239346098606,0.45129482145172944,0.002927088877062267
3758,1021.5651965848177,0,-1,300,5.752120928213454,7.243293674263059,0.5191686920348384,0.002926310188880021
3759,1449.784603540861,0,-1,300,6.099445604207973,10.127196867959743,0.6875065846933354,0.002925531914893617
3760,433.486619791824,0,-1,300,7.325882689017326,5.944920707345912,0.31043397739881645,0.0029247540547726668
3761,1154.1057211206785,0,-1,300,6.275304373652933,9.777915774197135,0.6216427612729677,0.0029239766081871343
3762,1466.8940349101313,0,-1,300,4.868200199750954,7.686845087069746,0.6477173493773543,0.0029231995748073346
3763,1226.4243150550078,0,-1,300,5.623645834334999,8.132248384945973,0.588423864542217,0.002922422954303932
3764,1073.1278394665774,0,-1,300,5.405606941110759,7.119362698278995,0.5197109794646263,0.0029216467463479417
3765,1646.1066127257545,0,-1,300,4.57143489925875,7.862625050242315,0.7201635170468373,0.0029208709506107276
3766,1577.4709784583981,0,-1,300,4.13431485802715,7.088713998482584,0.6882869357928695,0.002920095566764003
3767,501.41778245431675,0,-1,300,7.751119683445892,7.646346395517839,0.3828974601642498,0.00291932059447983
3768,1662.5187047724737,0,-1,300,5.178655849629306,8.922427229973371,0.7315560458607503,0.0029185460334306182
3769,1001.0594289188,0,-1,300,6.209429507536334,8.412301460169203,0.5225730913052121,0.0029177718832891246
3770,732.4628519666823,0,-1,300,6.1430378496213,6.165580465688046,0.3988977608402343,0.002916998143728454
3771,1161.1006548539126,0,-1,300,5.249935637685933,6.885773000594794,0.5383425261399487,0.0029162248144220574
3772,798.7932861947191,0,-1,300,6.148959897558272,6.650404427369218,0.4375780937641279,0.0029154518950437317
3773,1020.5265778475322,0,-1,300,6.238356422155638,8.524869938984901,0.527623131580796,0.0029146793852676206
3774,1037.417978059978,0,-1,300,6.564619082614501,9.19477068001393,0.5685916262416828,0.002913907284768212
3775,1179.769314780585,0,-1,300,5.956655363668432,8.735957793809137,0.5826268510397054,0.002913135593220339
3776,1208.4877559104532,0,-1,300,4.477556863379329,5.894687535124843,0.5417025078789056,0.0029123643102991793
3777,1498.2056837906325,0,-1,300,5.135800445028562,8.046917376086151,0.6627708715838115,0.002911593435680254
3778,48.48205014638759,0,-1,300,7.740188716573663,6.919544008450131,0.2630180816352098,0.0029108229690394285
3779,1183.4317297344637,0,-1,300,6.102913522994485,8.843790909220507,0.5940698939838979,0.00291005291005291
3780,758.615048035088,0,-1,300,7.270930405651149,9.437670416598372,0.488319202702372,0.0029092832583972493
3781,1013.6080690800985,0,-1,300,6.043863323369013,8.114768333460285,0.5201297549564834,0.002908514013749339
3782,754.242472269176,0,-1,300,6.0905592519505625,6.209532516750572,0.4075355782763664,0.002907745175786413
3783,814.4512468457623,0,-1,300,6.73832643026483,8.643199583000804,0.495085066933618,0.0029069767441860465
3784,978.7376244802931,0,-1,300,7.119710352530551,10.805532577809336,0.5920047379872573,0.002906208718626156
3785,714.3426195220102,0,-1,300,7.1431857256899685,8.392715632537682,0.4466644703688945,0.0029054410987849975
3786,998.192892483233,0,-1,300,4.433920539564335,5.037598098410065,0.4546104157112194,0.002904673884341167
3787,885.2770313054724,0,-1,300,6.353867429406686,7.919254964576206,0.4710201418696176,0.002903907074973601
3788,1013.6870075148556,0,-1,300,5.176487610606002,6.151736414391864,0.488042993636977,0.002903140670361573
3789,1566.106371429635,0,-1,300,5.278695423201358,9.019499891831009,0.6921345371030255,0.0029023746701846965
3790,251.71800165706105,0,-1,300,8.473020235652738,8.78003519087358,0.3694466473366371,0.0029016090741229225
3791,420.0644904875728,0,-1,300,7.5496107197146145,7.541120920238174,0.36840438660990665,0.0029008438818565402
3792,684.9572954040068,0,-1,300,6.8296293409906665,7.804181031066567,0.42983362849460044,0.0029000790930661744
3793,1105.9811665045984,0,-1,300,4.977583268286265,6.244198908597819,0.49815736055572973,0.0028993147074327886
3794,1296.223338730797,0,-1,300,5.968475549398694,9.303330992704566,0.5944226234986749,0.002898550724637681
3795,1056.765706856388,0,-1,300,6.717396867057214,10.04038702418325,0.5859388325240984,0.002897787144362487
3796,290.2304433650734,0,-1,300,8.78382637055588,8.63042191308413,0.3590694759162096,0.0028970239662891757
3797,1251.4921547266563,0,-1,300,6.744533303495698,10.799738790702477,0.6447481750060695,0.0028962611901000527
3798,1025.1803215434668,0,-1,300,6.439274654236561,9.305076295842538,0.5604924700790865,0.002895498815477757
3799,595.8211794616585,0,-1,300,6.849360277698961,6.707659614756316,0.37896733379072906,0.0028947368421052633
3800,728.298857285956,0,-1,300,7.374327017134816,9.499819356327835,0.4860069582927795,0.0028939752696658773
3801,844.5860959638538,0,-1,300,6.885274889252067,9.055829133004398,0.5095266015567016,0.0028932140978432403
3802,483.554084866918,0,-1,300,7.5463289173391015,7.767037015980369,0.37781828672458073,0.002892453326321325
3803,1317.8105218324658,0,-1,300,4.670901110872224,6.567400228792262,0.5841194757617365,0.0028916929547844372
3804,1132.4201421397065,0,-1,300,6.162584564523671,8.489404667111154,0.5653661547513831,0.0028909329829172143
3805,598.0269565324026,0,-1,300,7.048605540294145,8.284941527422763,0.4353828525706361,0.002890173410404624
3806,1528.2520773296408,0,-1,300,5.605008670867183,9.347423521505757,0.6788092639188542,0.0028894142369319674
3807,1970.274937817036,0,-1,300,3.8388189825918935,7.222699991508654,0.8497390331265378,0.002888655462184874
3808,758.0269272339893,0,-1,300,6.635789101525337,7.327405050242989,0.43891262686181953,0.002887897085849304
3809,548.6136664824437,0,-1,300,7.532997939736708,7.885695169704195,0.3795059588297668,0.0028871391076115485
3810,126.8947861442072,0,-1,300,8.680868520190828,11.398464929251915,0.47808745443505984,0.0028863815271582263
3811,689.0104922830859,0,-1,300,6.678628086120887,7.444221629926874,0.4247284636565907,0.0028856243441762854
3812,660.0471772447156,0,-1,300,8.157993069482695,11.724064448778211,0.5565969954837635,0.002884867558353003
3813,956.6234838157937,0,-1,300,7.2606867834797,11.332389911770054,0.6159170427035194,0.0028841111693759833
3814,892.8196072689883,0,-1,300,5.954599037664731,6.9660541004204815,0.46560211612351055,0.0028833551769331584
3815,1159.1786851542947,0,-1,300,6.4954209709615895,9.562160958444334,0.5904945787446416,0.002882599580712788
3816,1781.382037233853,0,-1,300,5.915141530542105,11.058020737970788,0.7866060769931708,0.002881844380403458
3817,826.7457737647593,0,-1,300,6.52458704767219,7.751759192401716,0.47338516652241763,0.002881089575694081
3818,727.3973870228745,0,-1,300,7.616102272489907,11.12351759623761,0.561755826181741,0.002880335166273894
3819,1366.2457124244393,0,-1,300,4.393972866657613,6.378236150316038,0.6022238433434488,0.0028795811518324606
3820,871.1482449787068,0,-1,300,7.049698502022625,9.752508723737629,0.5309620810610284,0.0028788275320596702
3821,1718.0075821063874,0,-1,300,5.120996441779302,9.077221443210549,0.7542439658576731,0.0028780743066457353
3822,294.67405114210555,0,-1,300,7.684330679505989,5.749600068862602,0.27303672511115873,0.002877321475281193
3823,1850.8499241294887,0,-1,300,5.196805428798006,9.627468610575523,0.8101635091032721,0.002876569037656904
3824,729.7543786429726,0,-1,300,6.719281003005002,7.5997629101257065,0.42726944045177334,0.002875816993464052
3825,1483.5142393838012,0,-1,300,4.707802635472774,7.363758780505689,0.653439452842629,0.002875065342394145
3826,566.2603559798399,0,-1,300,7.366092611621322,8.123175180133103,0.40699503656522174,0.0028743140841390124
3827,1440.215802617935,0,-1,300,5.117126630126829,8.169802534702217,0.638468367483424,0.0028735632183908046
3828,924.9902989088043,0,-1,300,6.612223247224899,8.698897771788682,0.5115461418397995,0.002872812744841995
3829,1328.3178474783074,0,-1,300,5.7244104371478635,8.844897744022127,0.622232683371006,0.0028720626631853785
3830,1026.034969035781,0,-1,300,5.662635690544476,7.046175415766896,0.5023109242981604,0.0028713129731140694
3831,798.6133577651165,0,-1,300,6.113878318438814,6.737778014477253,0.4448483392306908,0.002870563674321503
3832,622.6997010874251,0,-1,300,7.042617455620508,8.825796956966734,0.45952168544840494,0.002869814766501435
3833,800.3679298436608,0,-1,300,6.472092685082858,7.469879683552846,0.4524537462581518,0.0028690662493479394
3834,805.734645864363,0,-1,300,5.7424701742786635,6.013638211940879,0.4262728883260797,0.0028683181225554106
3835,1479.05605537601,0,-1,300,5.016982496385428,7.820112125018606,0.653900725129562,0.002867570385818561
3836,927.5266456439493,0,-1,300,7.23527661790186,10.694786924267193,0.572155458675801,0.0028668230388324213
3837,871.9968591102563,0,-1,300,6.116532891643694,7.414464613668454,0.46948101419582117,0.0028660760812923396
3838,1031.0968644964087,0,-1,300,5.987772870889473,7.824447571506893,0.49243632971319024,0.0028653295128939827
3839,523.452480948304,0,-1,300,6.590332353691273,5.227728053168107,0.29935467539852423,0.002864583333333333
3840,833.2984644954286,0,-1,300,6.795446004632339,8.747170676128393,0.48594461134236144,0.002863837542306691
3841,201.51678288475247,0,-1,300,8.987554991318238,7.915592710580378,0.3112102672445757,0.0028630921395106715
3842,1101.6518521501982,0,-1,300,6.049078044538678,8.477469145754494,0.5547426091643489,0.0028623471246422066
3843,1099.6049190875449,0,-1,300,6.108164539686033,8.954880239770931,0.5764191559632763,0.0028616024973985433
3844,324.26280320135436,0,-1,300,8.522208738706235,8.87577519717068,0.3726941365410397,0.002860858257477243
3845,1241.4864629932947,0,-1,300,5.637950840859804,8.319349322886202,0.5974227518638402,0.002860114404576183
3846,821.4411668317917,0,-1,300,7.008607586220993,12.295371189511544,0.7236574148438152,0.0028593709383935534
3847,692.4313600228364,0,-1,300,6.081137366843543,6.200409003997376,0.3889940768739964,0.002858627858627859
3848,878.5681568766781,0,-1,300,5.769088037396254,6.7038692649707805,0.4487604828793053,0.0028578851649779164
3849,973.6838845630699,0,-1,300,5.539762779870999,7.189464276368263,0.49376782174792916,0.002857142857142857
3850,401.93622553117973,0,-1,300,6.327273333802672,5.101075097712993,0.27217472828820943,0.002856400934822124
3851,1727.7880684018014,0,-1,300,5.54918494833728,10.041727480552405,0.761530582279947,0.0028556593977154725
3852,859.0473753165564,0,-1,300,6.8962085790737335,9.433861643942112,0.5346992770351687,0.0028549182455229693
3853,843.7856442012106,0,-1,300,5.337337685263736,5.894788732675753,0.4308809679218766,0.002854177477944992
3854,809.023208905467,0,-1,300,7.284313678142653,9.560779579474572,0.5036407928403634,0.0028534370946822307
3855,671.2093597800732,0,-1,300,6.32617373998275,6.303374181461478,0.3870090771044936,0.0028526970954356845
3856,629.4160788358377,0,-1,300,7.337234648225348,8.167904040247182,0.4240528435170019,0.002851957479906663
3857,818.4960585454519,0,-1,300,6.522201261481731,7.770931123662828,0.4696751040515897,0.002851218247796786
3858,747.5721365176374,0,-1,300,6.215500463585749,6.493110392333489,0.41582692577654207,0.0028504793988079814
3859,914.8216154575583,0,-1,300,5.236325177856189,6.106768475272829,0.45510967430001237,0.002849740932642487
3860,854.6029175081746,0,-1,300,5.909339086053118,6.978236488871574,0.46211621849402207,0.002849002849002849
3861,1991.4911082949495,0,-1,300,7.113990001572506,13.98590734286001,0.8856267296475113,0.0028482651475919213
3862,650.8271037984766,0,-1,300,7.70202031960951,10.94216428662498,0.5370338599599908,0.0028475278281128655
3863,635.4373445654815,0,-1,300,6.668316057941027,6.75079409842039,0.39611409016469584,0.002846790890269151
3864,352.62531865705387,0,-1,300,7.068214593175565,6.166638248386248,0.3099440521538956,0.0028460543337645535
3865,646.1238392714133,0,-1,300,7.102203671406969,8.522620980390476,0.44979938612855563,0.0028453181583031556
3866,423.1727198965905,0,-1,300,8.5943252081746,9.062676461952941,0.39907780224870343,0.0028445823635893457
3867,964.8801082234452,0,-1,300,6.53389625418382,8.944153266385944,0.5363499832559278,0.002843846949327818
3868,648.1663979528176,0,-1,300,6.792252896992,7.227892094736462,0.4123531971204083,0.002843111915223572
3869,638.7815474848717,0,-1,300,7.165069406061504,8.347094789793289,0.43803403840551747,0.002842377260981912
3870,555.1445012996171,0,-1,300,7.63507244638149,8.324137078796447,0.41006228998559197,0.0028416429863084474
3871,691.8039354703122,0,-1,300,6.884987699471955,7.53595143528689,0.42261746986726717,0.002840909090909091
3872,571.5873544317765,0,-1,300,6.957674704574489,7.153911379649771,0.39483116777235683,0.0028401755744900596
3873,1188.6706970129735,0,-1,300,5.1866409553258075,7.029765842537627,0.5526140637051934,0.002839442436757873
3874,1456.7817465703142,0,-1,300,5.582418679722424,8.956376989555586,0.6488605345022155,0.002838709677419355
3875,244.39632584811312,0,-1,300,9.333918266632447,10.960626628490292,0.4238820341021399,0.0028379772961816306
3876,1259.5968757023325,0,-1,300,5.706471057175229,8.169004009399751,0.5800881543909397,0.002837245292752128
3877,321.1791908283554,0,-1,300,7.707429129070033,6.023491680181967,0.27986049602730695,0.0028365136668385767
3878,835.8555991607645,0,-1,300,7.123708132346745,9.91956863710838,0.5271439110745528,0.0028357824181490074
3879,1605.2839204825598,0,-1,300,4.241494387408868,7.401438661925497,0.7006795081066329,0.0028350515463917525
3880,686.0810345265122,0,-1,300,7.164593439161053,9.171112883264856,0.47265526649847467,0.0028343210512754443
3881,515.1996509534864,0,-1,300,7.2728359762151955,6.936014870180215,0.35819370074592444,0.002833590932509016
3882,703.3440223480842,0,-1,300,6.660863575828446,7.5220580267215365,0.44181298695261867,0.0028328611898017
3883,1913.89231014068,0,-1,300,4.885264064023093,9.196543083184467,0.834094609705456,0.0028321318228630276
3884,798.1615983709513,0,-1,300,7.671504882927554,10.85555821173898,0.5407114677695565,0.0028314028314028314
3885,522.8995306349549,0,-1,300,5.952558735353487,4.640510435031755,0.29428417664704376,0.0028306742151312406
3886,742.7284194790718,0,-1,300,6.409243336186297,7.0600158280744045,0.41404499273896556,0.002829945973758683
3887,191.71072344485233,0,-1,300,8.401829713271193,12.295098819348798,0.5674789417429216,0.002829218106995885
3888,1177.489919914701,0,-1,300,5.193012706712591,6.870610859443793,0.5415069570692216,0.00282849061455387
3889,893.4267633820839,0,-1,300,6.934563260637037,10.22778616472537,0.5658364918799729,0.002827763496143959
3890,399.73360306362457,0,-1,300,7.005057615620502,6.82426355670435,0.34668926129587024,0.002827036751477769
3891,134.54733054666423,0,-1,300,9.91398919837327,11.386858686133298,0.41717142750012354,0.0028263103802672147
3892,206.677175960096,0,-1,300,7.168247016984216,2.9372328981910707,0.17137340049911937,0.0028255843822245054
3893,1256.5778199107942,0,-1,300,6.344353579309549,9.58578893905513,0.6218117869698712,0.002824858757062147
3894,580.3681951934758,0,-1,300,8.034337846659419,10.530698990416841,0.49061964015398435,0.0028241335044929395
3895,775.9094690002026,0,-1,300,6.494206489904114,7.6041888472075865,0.44545243388119277,0.0028234086242299797
3896,1731.1913655216379,0,-1,300,5.410021464421689,9.610115362162425,0.7619048966171781,0.0028226841159866563
3897,512.6976394031512,0,-1,300,7.419569694981381,7.467723070602845,0.3738225954863056,0.0028219599794766545
3898,370.1322345480344,0,-1,300,8.09963449599334,9.20988683003541,0.4091700072827102,0.0028212362144139523
3899,802.5876068442896,0,-1,300,7.483842189376485,10.82618179894216,0.5554107237781231,0.0028205128205128207
3900,944.7878285213393,0,-1,300,5.961382586437624,7.744232944793921,0.5049122655402561,0.0028197897974878237
3901,1601.343664708205,0,-1,300,5.4250346071283,9.266610650109143,0.7079142865152144,0.0028190671450538185
3902,402.20219272624433,0,-1,300,8.377089473467981,8.921542859628914,0.39553759427660407,0.002818344862925954
3903,1261.4588925274736,0,-1,300,6.027515588025575,9.650018786262489,0.6623770525517562,0.0028176229508196722
3904,920.4995161924447,0,-1,300,5.525200358346097,6.2531931419259825,0.4515249043212209,0.0028169014084507044
3905,1501.7670572325871,0,-1,300,4.147697292254291,6.475455267140739,0.6568440035388182,0.0028161802355350742
3906,1213.5874500672644,0,-1,300,6.520569550797917,9.867975030544887,0.602469819662322,0.0028154594317890964
3907,332.4238306686993,0,-1,300,8.379591040066547,7.372027116281751,0.32858563746567965,0.0028147389969293756
3908,1633.8682097740934,0,-1,300,4.565221914866462,7.814644659228614,0.7150175851007037,0.0028140189306728063
3909,1033.5208855051164,0,-1,300,5.405336440729045,6.700899457414292,0.5006473753988369,0.002813299232736573
3910,1471.6442623347036,0,-1,300,4.970454247316571,8.423435849804232,0.6504635161610004,0.002812579902838149
3911,1451.1523095950013,0,-1,300,6.717776306939653,11.416202547501035,0.7006306185346304,0.0028118609406952966
3912,774.71403349226,0,-1,300,6.795661118012849,8.197669544799645,0.4713418629639485,0.002811142346026067
3913,925.4796748998539,0,-1,300,6.856240281335922,9.179791495418193,0.5053954689267025,0.002810424118548799
3914,933.5915620913041,0,-1,300,5.623108039892377,6.566832327965101,0.458196649070562,0.00280970625798212
3915,963.1947597047508,0,-1,300,6.2020948963217855,8.040767275593863,0.5279289050898782,0.0028089887640449437
3916,1099.4125187621535,0,-1,300,5.986381782488753,8.366582092973134,0.5518082719137057,0.002808271636456472
3917,1449.7412691734526,0,-1,300,4.646769136165897,7.104753406288643,0.6400145160967442,0.002807554874936192
3918,571.8949721636512,0,-1,300,5.885574517991496,5.450281491111792,0.33913797570908133,0.0028068384792038787
3919,999.5180695759766,0,-1,300,5.573438081449541,7.075539421240983,0.4940192526549177,0.0028061224489795917
3920,1561.9558152659229,0,-1,300,4.90177734014435,7.970504849957993,0.6875782530785501,0.0028054067839836778
3921,747.2966899804171,0,-1,300,6.8199972911118065,8.133515265613633,0.4619903572221391,0.0028046914839367667
3922,594.5403667852723,0,-1,300,7.012504440870824,7.202078019030555,0.3950582372688169,0.002803976548559776
3923,1545.1230429768655,0,-1,300,4.164952404896187,6.688473826174306,0.6750384109437495,0.0028032619775739042
3924,58.73879888043575,0,-1,300,7.716894188062476,7.893286512793625,0.31868722751867723,0.002802547770700637
3925,904.3160689144587,0,-1,300,6.950459711532782,9.880535725579158,0.5481951736972674,0.0028018339276617422
3926,1142.420694901694,0,-1,300,5.407573638403091,7.0969297161305,0.5511482929288383,0.0028011204481792717
3927,661.7813035608777,0,-1,300,7.446072563025637,9.070931520657762,0.45290803193444246,0.00280040733197556
3928,537.1379256818623,0,-1,300,7.730621905159399,8.806283211026125,0.41920375145305494,0.002799694578773225
3929,915.8013861235156,0,-1,300,6.547624383269671,8.782879003456047,0.5182490854268543,0.0027989821882951653
3930,1840.0413257537514,0,-1,300,5.90725701180051,11.247923355977106,0.8109883133192334,0.0027982701602645636
3931,762.5793288515268,0,-1,300,5.6734694372154175,5.598728511715935,0.40178504162364453,0.002797558494404883
3932,603.4704366559331,0,-1,300,7.878343080588546,10.23406883864946,0.49372481242187616,0.0027968471904398677
3933,1662.8893751166927,0,-1,300,5.265994624376225,9.12952839386332,0.7323655326481094,0.0027961362480935434
3934,436.99715546449784,0,-1,300,7.758955062286049,7.5473598130791535,0.3607425287275989,0.0027954256670902162
3935,354.406894937928,0,-1,300,7.788141362880857,5.8339766879951185,0.27988138718562666,0.0027947154471544716
3936,1090.7991623853443,0,-1,300,5.309865319498709,6.729931005218813,0.4951785505916454,0.0027940055880111762
3937,719.2329931340994,0,-1,300,7.457854753821933,9.689829163697986,0.49743054266036163,0.002793296089385475
3938,1479.828956881413,0,-1,300,4.39436834966947,7.294466618737415,0.6495531613231101,0.0027925869510027927
3939,1381.7217719359921,0,-1,300,5.672863897611258,8.870325726520838,0.6404542146387285,0.0027918781725888324
3940,840.9266663779075,0,-1,300,6.5611505124789575,8.4417920372571,0.4804519004117155,0.002791169753869576
3941,1112.7982537340433,0,-1,300,6.568255709907766,10.093536301351977,0.6106370813551201,0.0027904616945712835
3942,679.6287567080185,0,-1,300,7.835992077907647,10.014318167453734,0.4818175724859945,0.002789753994420492
3943,950.1846642683412,0,-1,300,6.738545286753208,9.431179518613494,0.549204289060048,0.002789046653144016
3944,1091.9580170079114,0,-1,300,5.036500723166535,6.140093238147638,0.4957666127658668,0.002788339670468948
3945,1864.592836180897,0,-1,300,4.59976234690426,8.680001541249801,0.8114118993438225,0.002787633046122656
3946,907.8465819304613,0,-1,300,6.964739403405528,9.856422725750791,0.5493457804852858,0.002786926779832784
3947,528.9981842323099,0,-1,300,5.830844529969612,4.831233312177462,0.3155437141637521,0.002786220871327254
3948,750.022630363292,0,-1,300,5.652222703442885,5.8342462702793245,0.4050833749258161,0.002785515320334262
3949,797.6065413431521,0,-1,300,6.283467367260416,7.2740542699504065,0.44938009372675813,0.0027848101265822785
3950,863.6866573705246,0,-1,300,7.112976202214665,9.87485293942776,0.533952824775236,0.0027841052898000505
3951,786.4303720638433,0,-1,300,7.672143505756038,10.746223671780342,0.5406591348050647,0.002783400809716599
3952,1697.374582645495,0,-1,300,5.212445704690201,9.14057104062621,0.7463327522208,0.0027826966860612194
3953,895.0291682133405,0,-1,300,6.482633858772997,7.956046572804012,0.48606665516290926,0.00278199291856348
3954,620.0780201379799,0,-1,300,7.440392406873657,8.949116347532776,0.45239338034097815,0.002781289506953224
3955,1224.9012445069848,0,-1,300,5.4455404832824135,7.962286708709736,0.568500719840557,0.002780586450960566
3956,846.679940063971,0,-1,300,6.090782122445631,6.981911817284296,0.44593412578997044,0.0027798837503158957
3957,1505.5643106136038,0,-1,300,5.081897220199293,8.256841439428523,0.6654326919071633,0.0027791814047498737
3958,1352.5004482582387,0,-1,300,5.824043035538376,8.855380784748775,0.6420319104623412,0.0027784794139934328
3959,771.5048190590292,0,-1,300,6.88157021252143,8.208533373947118,0.46462704506508584,0.002777777777777778
3960,1226.5566630770024,0,-1,300,5.505218238823364,7.774505910244164,0.5604363308897718,0.002777076495834385
3961,782.2860698113496,0,-1,300,6.724750949897225,7.792723789626378,0.454031103416307,0.0027763755678950025
3962,596.6377324283413,0,-1,300,7.09716615979133,8.059501157757804,0.4133509179984398,0.0027756749936916477
3963,1237.2192943117036,0,-1,300,5.326491667376445,7.305996433237865,0.5582326927132183,0.0027749747729566097
3964,771.0588206531218,0,-1,300,6.252825800655338,6.750713327989226,0.4321984424007883,0.0027742749054224464
3965,1595.2776961226439,0,-1,300,5.943684639252926,10.280079866171265,0.7156371609761542,0.002773575390821987
3966,450.48206690818773,0,-1,300,6.731424608885853,7.081622365391088,0.3756613533587034,0.0027728762288883285
3967,1618.4207887495202,0,-1,300,5.25270540906634,8.964152222658479,0.7137372858802975,0.002772177419354839
3968,700.948303841928,0,-1,300,6.931484907287175,8.403719658743153,0.46089109177636106,0.002771478961955152
3969,1179.2935720434361,0,-1,300,5.5446708798523465,7.8721128306636245,0.5881841938439187,0.0027707808564231737
3970,1211.8744424270235,0,-1,300,5.263491606825501,7.250325670742729,0.5744301227519324,0.002770083102493075
3971,804.6293258252113,0,-1,300,6.422765197777717,7.752640415946186,0.46992787361804916,0.0027693856998992953
3972,2082.3515085602535,0,-1,300,4.1275591193780805,8.106559989922046,0.8986031552954411,0.0027686886483765417
3973,1124.0451017582777,0,-1,300,5.036176972576134,6.3465638258798585,0.5256176279065353,0.0027679919476597888
3974,513.1571973789241,0,-1,300,6.330655779284163,5.001207838620302,0.32298880679862474,0.002767295597484277
3975,1441.7807211373756,0,-1,300,4.590720757170448,7.698458095075185,0.6351723728193521,0.002766599597585513
3976,763.4232695877362,0,-1,300,6.718797561307974,8.06895842380809,0.44686170758136096,0.0027659039476992707
3977,1062.9037086729174,0,-1,300,5.756791359257898,7.730399514253481,0.5355000754924186,0.002765208647561589
3978,1203.8638796925168,0,-1,300,4.359596085930258,5.674973382524192,0.534306920516359,0.002764513696908771
3979,875.8297053858213,0,-1,300,5.693567647868311,6.436025184893458,0.45155757081524117,0.002763819095477387
3980,983.6863382321004,0,-1,300,5.647494472702484,7.402969270000082,0.509817855696126,0.00276312484300427
3981,437.87790565802186,0,-1,300,7.723797330190264,7.276151784903863,0.3530946672020919,0.0027624309392265192
3982,714.7197887413396,0,-1,300,7.458702463974112,9.878861320784639,0.49679892154305816,0.0027617373838814963
3983,991.1873120242386,0,-1,300,7.0089848312009915,10.08945126604223,0.5752686628874077,0.0027610441767068274
3984,1212.0875626578472,0,-1,300,5.91895616022937,8.79862638131851,0.5990308166927285,0.0027603513174404015
3985,1136.140459092337,0,-1,300,5.367294246087978,7.145128054903809,0.5145076349727523,0.0027596588058203713
3986,920.4902266299215,0,-1,300,6.945358847717802,9.600640446096603,0.5443660457370986,0.0027589666415851516
3987,841.7659443396891,0,-1,300,7.158202352625945,9.89379227889391,0.5369878543622324,0.0027582748244734203
3988,1335.469930050246,0,-1,300,5.816588997665451,8.944953580861101,0.6211897730713952,0.0027575833542241163
3989,2057.1768772351156,0,-1,300,5.075464403330641,9.927167230668092,0.895223015206278,0.002756892230576441
3990,780.0794114454097,0,-1,300,6.359289499217009,7.10345946544731,0.4428044728981474,0.002756201453269857
3991,-176.96271377744708,0,-1,300,9.831261876524831,8.464858080197212,0.24860614107077794,0.0027555110220440883
3992,706.0892076006327,0,-1,300,5.961258851961384,6.213383711449172,0.3992826729287614,0.0027548209366391185
3993,917.1603564361432,0,-1,300,6.965865365709179,9.811510866245369,0.5597501143738725,0.002754131196795193
3994,1560.1203060447856,0,-1,300,4.617967259990288,7.448083719300304,0.6846848819685873,0.002753441802252816
3995,1020.336302563205,0,-1,300,5.594091354175103,7.04919456664002,0.4997456227831813,0.0027527527527527527
3996,1363.1985463589729,0,-1,300,5.5631838366424855,8.71216334352071,0.6262234430467725,0.0027520640480360272
3997,258.8304800675876,0,-1,300,8.440863138904986,7.268986699681443,0.30893233440131823,0.002751375687843922
3998,542.1516450123474,0,-1,300,7.459550769763663,8.258769391664773,0.4122702051963294,0.0027506876719179795
3999,810.3903244088151,0,-1,300,5.900952996820755,6.200483776937672,0.44102144055675097,0.00275
4000,757.2259057459837,0,-1,300,5.811516632147985,6.162574066541001,0.4207426931356573,0.002749312671832042
4001,1109.840982808979,0,-1,300,5.098675871800876,6.537118799808817,0.5163401526247082,0.002748625687156422
4002,724.2759518619403,0,-1,300,6.474687134295965,7.013102241549524,0.4283471325157035,0.0027479390457157134
4003,1181.6659178887599,0,-1,300,5.212794080202667,7.2706181608026315,0.5603213182969407,0.0027472527472527475
4004,2148.3673646898624,0,-1,300,5.858403950241575,11.661135443853306,0.9390910982475873,0.0027465667915106116
4005,486.2566067907998,0,-1,300,7.641481248924389,7.644251686724633,0.38335324289236,0.0027458811782326512
4006,1124.8634961825662,0,-1,300,5.595520808243776,7.711237869458767,0.5443797977632527,0.0027451959071624656
4007,622.7591438902418,0,-1,300,7.248881516218835,7.434884738210932,0.4020806233564365,0.0027445109780439123
4008,533.1518052990857,0,-1,300,5.679605022403152,4.530067905093194,0.28524791089896007,0.0027438263906211027
4009,1467.7862291101367,0,-1,300,5.911879829110732,9.670456888326356,0.6792190700504743,0.002743142144638404
4010,1023.6399555777465,0,-1,300,6.886877160832582,10.07783263268072,0.5543062299748914,0.002742458239840439
4011,611.0602959995299,0,-1,300,7.247701115389371,10.588463800551501,0.5635107055304187,0.0027417746759720836
4012,671.3528217248455,0,-1,300,6.846116123062067,7.689296002744418,0.43370930841558003,0.00274109145277847
4013,1000.116983442992,0,-1,300,6.725279169758345,9.535493035640297,0.564595095582925,0.0027404085700049826
4014,1494.842494748495,0,-1,300,5.435232387646973,8.725456798801533,0.663615282385892,0.0027397260273972603
4015,1807.9875056242518,0,-1,300,4.437435598265725,8.056172125035399,0.7866088943304312,0.0027390438247011954
4016,30.97351545380369,0,-1,300,7.5066843636292875,9.967149500487935,0.4941969363758947,0.0027383619616629324
4017,1149.0815944006106,0,-1,300,5.532141422177904,7.528353128330532,0.5592561500521241,0.0027376804380288703
4018,1219.1585273818341,0,-1,300,6.52354415121032,10.264034749932403,0.6336872588972119,0.002736999253545658
4019,1691.1313717490036,0,-1,300,5.157532869113319,9.295883578471168,0.7433195680804341,0.002736318407960199
4020,1047.2129675579365,0,-1,300,6.148642189432903,8.33617018075394,0.5328359664880148,0.002735637901019647
4021,1201.777334015526,0,-1,300,6.6798288989979335,10.651435961599457,0.6547083068861886,0.0027349577324714074
4022,740.889136001489,0,-1,300,7.199450726995342,9.227948139762036,0.48659837085470325,0.002734277902063137
4023,837.7037826435806,0,-1,300,7.358166244341906,10.779191199119253,0.5602899114806625,0.0027335984095427437
4024,1119.093656482258,0,-1,300,6.01042223683927,8.682580845576734,0.5938650089835366,0.002732919254658385
4025,844.9797219996987,0,-1,300,6.667942951875637,8.0765565857252,0.46505976277493477,0.00273224043715847
4026,1501.5634009533362,0,-1,300,5.282802184070137,8.43719676450603,0.6652724334444163,0.0027315619567916563
4027,1830.9712956172066,0,-1,300,4.05742381199829,7.325042380798318,0.7933353850971556,0.002730883813306852
4028,715.3075551900083,0,-1,300,6.354039547246994,6.46131137233446,0.3977013851772784,0.002730206006453214
4029,929.9026093855878,0,-1,300,5.795081092843429,6.9835634686582955,0.4650137548062194,0.002729528535980149
4030,289.73148545892377,0,-1,300,8.520431447081094,8.793350640481501,0.36346489393244164,0.0027288514016373107
4031,1183.3326324401623,0,-1,300,5.257982967267975,7.246490082350033,0.5352551771161151,0.002728174603174603
4032,1291.6765351336683,0,-1,300,5.121397422806986,7.605241866243205,0.5766090369767476,0.002727498140342177
4033,1073.1107269768243,0,-1,300,5.9115424871802675,8.26589947838253,0.5470945590127174,0.002726822012890431
4034,1172.0521017550582,0,-1,300,6.177796857502821,9.7256882678565,0.6175210732390356,0.0027261462205700124
4035,1365.4905570674166,0,-1,300,4.807398512086654,7.009914011235574,0.6050098876187384,0.0027254707631318136
4036,386.2676189771324,0,-1,300,7.64072949986865,6.708984650047863,0.3172614590813495,0.0027247956403269754
4037,445.72099438977693,0,-1,300,7.280473932093269,7.169333572556578,0.3586704120182258,0.0027241208519068845
4038,412.6328283200783,0,-1,300,8.26025456481836,9.083117743092224,0.4100382866455174,0.002723446397623174
4039,1620.4652304706046,0,-1,300,5.788290059429853,10.004144969531582,0.7186060214751422,0.0027227722772277226
4040,1130.0939412000496,0,-1,300,5.3435122258097545,7.0917466463931165,0.5379076809301059,0.002722098490472655
4041,899.9678771394332,0,-1,300,7.462948831369457,10.856047059035351,0.5668157394516311,0.0027214250371103412
4042,434.18855773080435,0,-1,300,7.963977159365001,7.819240233937888,0.36389875765087065,0.002720751916893396
4043,1095.0833947069013,0,-1,300,5.114676020008026,6.322801332611924,0.4954440567327311,0.0027200791295746785
4044,1332.606943230263,0,-1,300,5.7037985656661565,8.615588081075668,0.6285823791217527,0.002719406674907293
4045,490.57894024788106,0,-1,300,8.574013013506937,10.204397837542436,0.44510980654726606,0.002718734552644587
4046,884.2498388562055,0,-1,300,5.467866234809978,5.994916413898981,0.4335330711990027,0.0027180627625401532
4047,547.3614001402235,0,-1,300,7.788143575825366,9.501631796663688,0.45322347496170307,0.002717391304347826
4048,-68.18956619796388,0,-1,300,8.139281480241202,7.0220847376643105,0.1028734339885963,0.002716720177821684
4049,518.0394461228444,0,-1,300,7.098483714476923,7.010672561759722,0.36868178111033584,0.0027160493827160493
4050,595.5432001107648,0,-1,300,7.378922988015541,8.525699847386802,0.44042877324555973,0.0027153789187854853
4051,380.01413167456286,0,-1,300,8.175471224787156,8.25940741942468,0.36295317621303935,0.0027147087857847976
4052,912.760443505157,0,-1,300,5.480102103981231,6.315299684966878,0.46550373811013374,0.002714038983469035
4053,1958.336261663574,0,-1,300,4.303208379586795,8.285496187008338,0.8482475052067234,0.002713369511593488
4054,1455.4988800129504,0,-1,300,6.233870824004189,10.41397710284136,0.6774737105795748,0.0027127003699136867
4055,386.9224262451511,0,-1,300,8.124341962472593,8.253373852655164,0.3717151504586391,0.0027120315581854043
4056,2206.0472899809756,0,-1,300,4.809729261362099,9.571580017165344,0.9552593402856212,0.0027113630761646536
4057,472.4523132426877,0,-1,300,8.427701069572542,9.495231708378961,0.42844737579898645,0.0027106949236076886
4058,476.02830514103357,0,-1,300,6.488542537996967,5.1165039996018296,0.2961457179432576,0.0027100271002710027
4059,540.274069841877,0,-1,300,7.772006075350294,8.726000967940053,0.4351652656289434,0.00270935960591133
4060,572.432597640473,0,-1,300,7.128568949539666,7.004879166495488,0.3824987706868449,0.002708692440285644
4061,1424.3802003120277,0,-1,300,5.057989351604587,8.050653429663312,0.6314266702670466,0.0027080256031511572
4062,982.510410693888,0,-1,300,5.704904463460571,7.135362464598797,0.49794772797038384,0.002707359094265321
4063,1993.2191916325035,0,-1,300,3.951307680824792,7.6879689753487535,0.8601428041197289,0.0027066929133858267
4064,1807.3547775673728,0,-1,300,4.862673364437622,8.813460063972608,0.7895345408863539,0.002706027060270603
4065,653.8184379832171,0,-1,300,7.318682018779923,8.155354124312087,0.44640360511578403,0.0027053615346778162
4066,1358.3254983208792,0,-1,300,6.676127883803147,11.482164438913085,0.722135891202012,0.0027046963363658717
4067,415.7321768602711,0,-1,300,7.140057092718733,5.744273408205311,0.30390783868966903,0.002704031465093412
4068,256.1172303285893,0,-1,300,7.35106464732802,5.4762324427387945,0.25834147158864423,0.002703366920619317
4069,1001.7726119266713,0,-1,300,5.3115313143376515,6.76085918119231,0.4824440892406768,0.002702702702702703
4070,862.162721147281,0,-1,300,7.3106207241433925,10.253746858006721,0.5333930249449332,0.002702038811102923
4071,712.8112197792607,0,-1,300,7.076537544273372,8.615357616433009,0.4607988321791326,0.0027013752455795677
4072,565.048069095029,0,-1,300,7.287766401775319,7.982650198614902,0.401672842100238,0.0027007120058924624
4073,693.373690746049,0,-1,300,5.695529888982907,5.004646865260989,0.35847883113927814,0.002700049091801669
4074,639.5733101877579,0,-1,300,7.181950326334199,8.247832976930772,0.43561040334254264,0.0026993865030674846
4075,949.9877856149393,0,-1,300,6.019018974192985,7.852943551127831,0.5040558185692416,0.0026987242394504417
4076,846.0184132405936,0,-1,300,6.881797232801485,8.525326607062057,0.49037174126080574,0.002698062300711307
4077,786.1361397973479,0,-1,300,6.507359764848805,7.645070913929829,0.45709001216952044,0.002697400686611084
4078,777.2268810045987,0,-1,300,7.003967538134932,8.563649786877154,0.472748983728558,0.0026967393969110076
4079,1651.2950100986939,0,-1,300,4.459937884367015,7.622288700403397,0.7214891216738746,0.002696078431372549
4080,649.9981477782437,0,-1,300,6.618609670612105,6.7700812035536595,0.3867152195478246,0.0026954177897574125
4081,1217.8290304580587,0,-1,300,5.6777946513840565,8.146371405330521,0.5739882501535797,0.0026947574718275357
4082,719.2118193618978,0,-1,300,6.470421245609066,7.345266688759789,0.4291555728974191,0.0026940974773450896
4083,409.6722555059449,0,-1,300,8.355257951237817,9.490521114526171,0.41907923808195074,0.0026934378060724778
4084,617.4753703080319,0,-1,300,7.055941207068428,7.764958552545325,0.40724932639012074,0.0026927784577723377
4085,1211.164749071147,0,-1,300,5.908163415337516,8.583377062133984,0.5834212893519848,0.0026921194322075378
4086,1332.033786540563,0,-1,300,6.88646430932685,12.087142704185037,0.7269176677667913,0.0026914607291411794
4087,935.7719866675942,0,-1,300,6.231714486751786,8.433861497927596,0.5184762886506976,0.0026908023483365948
4088,939.9592427732437,0,-1,300,5.645643333982065,6.409777221512057,0.4660831630994582,0.002690144289557349
4089,1258.8881689548007,0,-1,300,4.978526338252542,7.412286694986591,0.5748196294681028,0.0026894865525672372
4090,1628.5620555191742,0,-1,300,5.572108670685409,9.66538456700215,0.7203583381631298,0.002688829137130286
4091,875.1890911702791,0,-1,300,7.1242767830415765,9.983468572631303,0.5349160301462275,0.002688172043010753
4092,1343.5919011790597,0,-1,300,6.0263231661862156,9.200321183954054,0.6254072108312525,0.0026875152699731247
4093,984.3055013006062,0,-1,300,6.364343668613983,9.019753620940527,0.551090699198884,0.00268685881778212
4094,1511.5893043542544,0,-1,300,4.365075029145313,6.670592807082494,0.6625669395328625,0.002686202686202686
4095,1388.0510378268439,0,-1,300,4.829992222569152,7.160556463523382,0.6145795407637873,0.002685546875
4096,1029.1550754787222,0,-1,300,5.814977983812109,7.746309029567661,0.5198669197130489,0.002684891383939468
4097,506.7782205690459,0,-1,300,6.3835825622671765,5.718357735329507,0.33399443010654767,0.0026842362127867253
4098,603.7269417730525,0,-1,300,7.157598990794945,7.319472158863466,0.3976717210285874,0.002683581361307636
4099,1400.5314762282183,0,-1,300,5.523748571676657,8.610598684322285,0.656099780107606,0.002682926829268293
4100,803.4426659292143,0,-1,300,6.734411120259293,8.664313584325601,0.49945632051006594,0.0026822726164350157
4101,522.8876452210241,0,-1,300,6.715236979349665,7.126056683060084,0.38982160057992915,0.002681618722574354
4102,1076.2382775076524,0,-1,300,6.989117920487821,11.044559736826267,0.6386213098048698,0.002680965147453083
4103,1116.8335931435395,0,-1,300,5.132046758387471,6.906410586700319,0.533808253256617,0.0026803118908382065
4104,298.1738514647396,0,-1,300,8.454558326291208,7.836848829299453,0.3380657513836779,0.002679658952496955
4105,-23.1324860894796,0,-1,300,9.25776767015251,9.555384773855284,0.3522114641197337,0.002679006332196785
4106,412.8574653246635,0,-1,300,7.704069688688082,8.05996961219014,0.3769195781488601,0.002678354029705381
4107,752.5470430266917,0,-1,300,6.418111333795739,8.1204985890624,0.45461605362411933,0.002677702044790652
4108,833.941031742559,0,-1,300,6.175088825186668,7.332962439558952,0.45372411281888747,0.002677050377220735
4109,1497.0933759434877,0,-1,300,5.214533882784037,8.38572694587159,0.6628979107640005,0.00267639902676399
4110,1257.7776182975742,0,-1,300,5.843695887454178,8.814525146018951,0.5952710309169842,0.002675747993189005
4111,1354.801697460945,0,-1,300,5.879080312094126,9.311365583543093,0.6350939314600849,0.0026750972762645915
4112,524.5403003632107,0,-1,300,6.667848640363588,5.934321923329972,0.3445774221323663,0.002674446875759786
4113,587.9724684203428,0,-1,300,6.835155145464256,7.175011803276417,0.3954666248256568,0.00267379679144385
4114,1509.2905302494803,0,-1,300,4.730167715484975,7.512434922921208,0.6643473121367536,0.0026731470230862697
4115,886.6574314613683,0,-1,300,5.812810686582469,7.074799126757209,0.4953750496904295,0.002672497570456754
4116,913.2699770456636,0,-1,300,5.816270615762534,7.189483393133178,0.4969875117623777,0.002671848433325237
4117,1258.6421190129106,0,-1,300,5.993724300336946,9.047812609490526,0.6127753943975506,0.0026711996114618746
4118,754.4415665673924,0,-1,300,6.57890669657426,7.846135549276744,0.4580387473963523,0.002670551104637048
4119,902.1484184096944,0,-1,300,6.924293477156933,9.373646852243082,0.5259752239935171,0.002669902912621359
4120,718.7074654050377,0,-1,300,6.380857521932937,6.87046097341777,0.4071661410662257,0.0026692550351856345
4121,1052.6458018097308,0,-1,300,4.800248806390376,5.635865043781261,0.4801345037450844,0.002668607472100922
4122,1897.3104411744353,0,-1,300,4.991711366108065,9.570059248132804,0.8279838524018255,0.0026679602231384912
4123,675.5189757859175,0,-1,300,7.339675922861679,8.693269250822075,0.467346941621109,0.002667313288069835
4124,596.4937564089096,0,-1,300,6.154201271741553,5.806781222874027,0.35873027605039115,0.0026666666666666666
4125,1518.0681494725181,0,-1,300,4.361126104443085,6.645712649588658,0.6652368413968716,0.002666020358700921
4126,1557.971239090751,0,-1,300,5.703993968651363,9.634224486254741,0.6934435578985509,0.002665374363944754
4127,918.5661381165165,0,-1,300,4.783688585550845,4.9807902747931,0.42264508126963024,0.0026647286821705426
4128,877.071061891372,0,-1,300,6.9672762618984905,9.317068630556232,0.5138479919115274,0.002664083313150884
4129,661.5203225106858,0,-1,300,5.48146193427687,4.5887398462194975,0.3499878219756051,0.0026634382566585956
4130,1151.7084206164222,0,-1,300,6.356871657489606,9.93931229868281,0.6308754833980681,0.002662793512466715
4131,1662.059350925517,0,-1,300,3.99848325198778,7.069871574416303,0.7225133539422074,0.0026621490803484995
4132,831.9775577285355,0,-1,300,6.410095686396495,7.886626593053101,0.4672105050915309,0.0026615049600774254
4133,863.9781384454532,0,-1,300,6.306822946341342,7.765359705730912,0.4764092819855507,0.002660861151427189
4134,693.5272257643022,0,-1,300,6.360341202808987,6.440161045103114,0.39409279535138464,0.002660217654171705
4135,1421.8538128082716,0,-1,300,5.7858012929862905,9.30649722664706,0.6804782951655515,0.0026595744680851063
4136,1027.3883738335353,0,-1,300,4.863521940633376,5.362357446086462,0.48001526683770457,0.0026589315929417454
4137,971.5283277573202,0,-1,300,6.268465721325073,8.298215739013614,0.5058661379728293,0.0026582890285161915
4138,534.5743694073788,0,-1,300,7.583842643142451,8.439808321239667,0.40866951499954557,0.0026576467745832327
4139,969.8648461744411,0,-1,300,6.157743261323833,8.014914673536008,0.5030518637380278,0.0026570048309178746
4140,1591.097416186585,0,-1,300,4.128273861931912,7.010118456094943,0.6939193107088993,0.0026563631972953395
4141,1821.4095458064637,0,-1,300,6.095621324673671,11.34923207901273,0.8174488427291371,0.002655721873491067
4142,578.9084862085748,0,-1,300,7.502326370079596,8.708364408839039,0.4271881785799125,0.0026550808592807145
4143,692.0086082055559,0,-1,300,5.880082346495855,5.647161572754783,0.37820791513020463,0.0026544401544401543
4144,1798.823689855463,0,-1,300,5.219221573958743,9.509433115580093,0.7886540325778005,0.0026537997587454767
4145,946.7827043750943,0,-1,300,6.645067661933996,9.177899564787392,0.5337461288084622,0.002653159671972986
4146,1140.3587303583754,0,-1,300,7.252306344806176,12.079832814953965,0.6781071386704198,0.002652519893899204
4147,1953.055185067305,0,-1,300,5.816507666014231,11.310337755742585,0.8573968012731501,0.002651880424300868
4148,1198.5149379249183,0,-1,300,6.086473720968074,9.31994537782871,0.6137169875186306,0.002651241262954929
4149,896.5048392793957,0,-1,300,6.011516578322546,7.04426809047521,0.48343749937587055,0.002650602409638554
4150,613.6374353045256,0,-1,300,6.5378216132318325,6.2976776229285205,0.3667617630868829,0.0026499638641291254
4151,1822.183247923436,0,-1,300,5.550600218764362,10.236858929649786,0.8008725216088315,0.0026493256262042388
4152,-120.48133096405434,0,-1,300,8.533540347622584,8.240384050325277,0.12411035195242448,0.0026486876956417047
4153,892.379891196679,0,-1,300,6.125061244099425,7.290106874068547,0.4747990545937828,0.0026480500722195475
4154,923.0297101254184,0,-1,300,6.1273388567070874,7.598666347537571,0.48319760601471123,0.002647412755716005
4155,1477.9806145956798,0,-1,300,6.0349200466533395,10.05204307389476,0.6891598808788819,0.0026467757459095282
4156,1740.348664243294,0,-1,300,4.434812322160145,7.924437759964602,0.75840636918424,0.002646139042578783
4157,1429.005085804388,0,-1,300,4.498563721797623,6.648901399895519,0.6291580136653101,0.0026455026455026454
4158,1758.5451513048567,0,-1,300,4.324743278212048,7.515514469836609,0.7651627209636138,0.002644866554460207
4159,1020.8730585440458,0,-1,300,5.487974363573323,6.80983112720877,0.4930713421608262,0.0026442307692307694
4160,581.8421986378564,0,-1,300,6.988620785482252,7.357913950954015,0.3946885277657585,0.0026435952895938475
4161,1138.5007097113144,0,-1,300,5.971317377030531,8.738954680295437,0.578559043232518,0.0026429601153291687
4162,697.3053743905795,0,-1,300,6.092944644261174,6.229660986670126,0.3895942428133375,0.002642325246216671
4163,2011.6981241909364,0,-1,300,4.6356050288609145,8.925601655042104,0.8729745894626803,0.002641690682036503
4164,879.4076763797088,0,-1,300,5.784308036149263,7.0407273282654295,0.4677734261572228,0.0026410564225690276
4165,964.3227836226778,0,-1,300,6.437159030418894,9.06555878189417,0.563310515434595,0.002640422467594815
4166,1997.6091171858382,0,-1,300,4.9065616696186245,9.512284621467838,0.869136344682906,0.0026397888168946484
4167,929.3443500123129,0,-1,300,6.111245662129091,7.62018979189376,0.490162745607075,0.00263915547024952
4168,730.1418561748603,0,-1,300,6.864781468640395,7.7835971294298085,0.4369619876125149,0.002638522427440633
4169,1402.3152400370861,0,-1,300,5.877169485829796,9.781192536035924,0.649589872094981,0.0026378896882494006
4170,1682.0622518250889,0,-1,300,4.311539444994602,7.483302310978959,0.7331958174312464,0.0026372572524574443
4171,628.0678483530884,0,-1,300,6.567920168237072,6.180576491170563,0.3592041917767588,0.0026366251198465963
4172,632.8100743528724,0,-1,300,6.412143499534747,6.051587267542897,0.36083139862900837,0.0026359932901988976
4173,712.2584419780457,0,-1,300,7.617142616510572,10.361907464774909,0.5155849433755514,0.002635361763296598
4174,360.24599489304757,0,-1,300,6.530054610263601,5.466288501068539,0.28616818893915585,0.0026347305389221557
4175,1303.990185520243,0,-1,300,5.335774141463764,7.766141104748152,0.6029960076789405,0.0026340996168582377
4176,805.8978567439455,0,-1,300,7.621599626295142,11.243128351828258,0.5721927713183533,0.0026334689968877186
4177,794.0472259281944,0,-1,300,6.3101409087635325,6.811135784382528,0.4416241234282525,0.002632838678793681
4178,1110.3303621958369,0,-1,300,4.251732236784384,5.077110289774983,0.4945256426908149,0.002632208662359416
4179,739.7139347463307,0,-1,300,6.762500300184184,8.452880571732948,0.47426589115399104,0.002631578947368421
4180,576.2548231133563,0,-1,300,7.255584519190979,7.927049214198884,0.4209003825842578,0.0026309495336044007
4181,1546.692030698998,0,-1,300,6.31926235484443,11.329454793816538,0.7418038619933577,0.0026303204208512673
4182,422.326935505214,0,-1,300,7.558775590735671,7.641053663080502,0.36333095405201293,0.002629691608893139
4183,1064.5300338410473,0,-1,300,6.053315384351958,8.082778549362981,0.5166547093066391,0.0026290630975143404
4184,1633.3318438051163,0,-1,300,5.404477941150319,9.293404207937758,0.7210885194774257,0.0026284348864994028
4185,693.384390472248,0,-1,300,7.066552873162837,8.626261048102942,0.46416587443564483,0.0026278069756330625
4186,1382.1891110624115,0,-1,300,6.461514587413554,11.028611259950962,0.7079259764030986,0.002627179364700263
4187,594.4957619708418,0,-1,300,6.833873391739672,6.447226502797784,0.36920780639170664,0.0026265520534861507
4188,1932.4101796436137,0,-1,300,4.674523915646585,8.838361428885703,0.8402298375521875,0.0026259250417760803
4189,793.76715090873,0,-1,300,7.099426057716732,8.781528475484436,0.49295830521977907,0.0026252983293556086
4190,1592.6852132328647,0,-1,300,5.2107865367786195,8.920375290134347,0.7026997378728668,0.0026246719160104987
4191,686.8255117428829,0,-1,300,7.564887364657948,9.642841573034175,0.48392532272033634,0.0026240458015267176
4192,767.6069470930081,0,-1,300,6.497862453985096,7.418761161823193,0.4571910977000224,0.0026234199856904365
4193,1694.0349921107488,0,-1,300,5.788970756026503,10.247868719885671,0.7492651940496774,0.0026227944682880307
4194,694.2249070175802,0,-1,300,7.716314510172119,10.445282908944561,0.5223124334848367,0.002622169249106079
4195,1448.2240743698585,0,-1,300,5.036982537847447,7.8204244279845945,0.657500498995732,0.002621544327931363
4196,1101.0616016534452,0,-1,300,6.707144963677105,10.106102653697132,0.5915611447570766,0.0026209197045508697
4197,983.8547827758293,0,-1,300,6.28653856736997,8.658225722115317,0.551946637056501,0.0026202953787517864
4198,1009.595669620217,0,-1,300,6.605969000098884,9.754501538772734,0.5537558799075383,0.002619671350321505
4199,906.7852126179378,0,-1,300,6.80878649922898,9.037108382893615,0.5210327179520928,0.002619047619047619
4200,1032.959281622718,0,-1,300,5.367838393484296,6.8311904534143,0.47228993121215607,0.0026184241847179244
4201,1410.219120176221,0,-1,300,6.0405454225386706,9.745653115697486,0.6403893231883557,0.002617801047120419
4202,1572.8996037595045,0,-1,300,5.0826737066318035,8.339655222451588,0.6934948876995326,0.0026171782060433026
4203,1101.8807751282043,0,-1,300,6.887689434611851,10.598512419110287,0.6075867801598532,0.002616555661274976
4204,1247.8790935656543,0,-1,300,6.333794568894532,10.215102823138341,0.6408879477001339,0.002615933412604043
4205,531.5852298533397,0,-1,300,7.280633397316956,7.642123224751002,0.3843099808257686,0.002615311459819306
4206,1290.8974041357226,0,-1,300,5.280040662367192,7.883449513183914,0.5995069026919182,0.002614689802709769
4207,938.5041769569327,0,-1,300,6.174968772495401,7.846737851316179,0.5048913461225126,0.0026140684410646386
4208,504.9788839516516,0,-1,300,7.414717355826747,7.244629433780816,0.36762234656841436,0.002613447374673319
4209,1694.8263337380722,0,-1,300,6.333705178407695,11.40794773352481,0.7727756422776537,0.0026128266033254156
4210,549.5379943756228,0,-1,300,7.155537454804039,7.622606357297412,0.4067080983840885,0.002612206126810734
4211,437.1268227152733,0,-1,300,7.38791795922587,7.750363410085773,0.3762668396876222,0.0026115859449192783
4212,1320.8517793741682,0,-1,300,6.1840490181163945,9.761775769679135,0.6310474005144756,0.0026109660574412533
4213,1474.0282418450804,0,-1,300,3.3918288428389807,5.587827492158872,0.6396171504234087,0.0026103464641670624
4214,1185.093986759056,0,-1,300,6.041121653286881,9.166555012864938,0.5988325308104602,0.0026097271648873074
4215,1035.2973789991693,0,-1,300,5.732556892698334,6.935454001223614,0.5025756514986359,0.0026091081593927895
4216,774.2721351001221,0,-1,300,6.843098747771538,8.05851009679995,0.46237891413243126,0.002608489447474508
4217,707.77568796078,0,-1,300,6.228984606356402,6.50432162172267,0.3996668898877982,0.0026078710289236607
4218,1175.8242249747914,0,-1,300,5.77107381615611,8.43146056897396,0.5590688248677723,0.0026072529035316427
4219,796.4095576780725,0,-1,300,7.0332637625523935,9.215596898133274,0.4943043195687815,0.0026066350710900474
4220,570.3146532510252,0,-1,300,7.5721460406839896,8.49689757542907,0.4195596507577025,0.002606017531390666
4221,1724.1807020462845,0,-1,300,4.173244423149125,7.4984261227289215,0.7497079590262377,0.0026054002842254855
4222,1077.075151495355,0,-1,300,4.45887970006377,5.20773846397493,0.49523316971798303,0.002604783329386692
4223,375.04441146266277,0,-1,300,7.943498832804462,8.370525862070908,0.38844887087320734,0.0026041666666666665
4224,652.8007053733427,0,-1,300,6.8343507561778205,7.230802188357952,0.41043212546224217,0.0026035502958579883
4225,496.3269672083159,0,-1,300,7.1640911581802404,6.994261428039636,0.35929570419971363,0.002602934216753431
4226,827.4236436043885,0,-1,300,6.383980141275099,7.466949955799168,0.47357673696688124,0.0026023184291459663
4227,102.67055922429587,0,-1,300,7.967388627370381,6.617702002353743,0.2562721295392484,0.002601702932828761
4228,1190.0696927369247,0,-1,300,6.754150118346564,10.76615760711279,0.6351178601378397,0.002601087727595176
4229,1407.6308257665232,0,-1,300,4.2726013071174345,6.05343888689031,0.6185573538727661,0.0026004728132387705
4230,701.8974728193788,0,-1,300,6.630239225593954,6.8142158041732115,0.4052673964897204,0.002599858189553297
4231,985.9762694614873,0,-1,300,6.344569155200819,8.929086166698168,0.5397739182428501,0.0025992438563327033
4232,596.6776718057405,0,-1,300,7.223709861618888,7.88582381731922,0.4063072141529406,0.0025986298133711316
4233,793.9998306345657,0,-1,300,6.344498036401472,7.0431816175451365,0.4270303236547277,0.0025980160604629193
4234,554.165075963491,0,-1,300,7.186469403496249,6.92180276487612,0.3687189360098852,0.0025974025974025974
4235,201.89548391637467,0,-1,300,7.608625979740593,6.534258631985137,0.2787366762365273,0.0025967894239848914
4236,1463.0832275810303,0,-1,300,6.127811441065234,10.371143018953257,0.6924489724779661,0.00259617654000472
4237,800.2854838590764,0,-1,300,6.571013895278619,7.832525471385731,0.462748844131274,0.0025955639452571967
4238,914.8600642850391,0,-1,300,6.192212497835354,7.497325384449525,0.48168917452803867,0.0025949516395376267
4239,530.905613867207,0,-1,300,5.502455104529636,4.066195099308835,0.2922165660893288,0.0025943396226415093
4240,1478.128351328588,0,-1,300,5.962829088611434,9.989308807234208,0.6634926530398794,0.0025937278943645365
4241,1171.6810055946619,0,-1,300,4.315102759096659,5.290641397146789,0.5227422518386075,0.002593116454502593
4242,357.7920060432689,0,-1,300,8.845258766700974,9.667273600046947,0.3992322385770107,0.002592505302851756
4243,967.1119841371446,0,-1,300,6.064672509562081,7.604683562525775,0.5080128911702759,0.0025918944392082943
4244,1217.1392321823548,0,-1,300,5.611470790354343,8.220341457869878,0.5950536107452837,0.002591283863368669
4245,788.9496825851023,0,-1,300,7.050353300801394,9.144185365623002,0.48284887552694283,0.0025906735751295338
4246,1568.9465909506484,0,-1,300,5.11299728639846,8.754500947889156,0.6920752258774254,0.0025900635742877325
4247,1180.2985485639765,0,-1,300,5.854532542589734,8.442329560787915,0.5899291564318188,0.0025894538606403015
4248,1845.3872335291733,0,-1,300,4.762707786886059,8.764739156191228,0.8046316557054685,0.0025888444339844667
4249,288.31643517106977,0,-1,300,5.409261547385211,4.486476657493358,0.2211806196644747,0.0025882352941176473
4250,973.2895103365736,0,-1,300,6.123709813052907,7.739816971420031,0.509990901863187,0.00258762644083745
4251,412.59512658907636,0,-1,300,7.485420313578348,8.091525982836174,0.39916152434111446,0.0025870178739416747
4252,814.659789397671,0,-1,300,6.871496390104779,8.366950462276327,0.47089937780558405,0.0025864095932283094
4253,1735.4298593806182,0,-1,300,5.2374304878570435,9.434164982798636,0.7623765034008518,0.0025858015984955335
4254,1944.2310593342406,0,-1,300,4.281464708279294,8.22889123623732,0.842207260034695,0.0025851938895417154
4255,915.1468693357942,0,-1,300,6.082157349537834,7.374680229156692,0.4693902489626023,0.0025845864661654134
4256,752.655574505078,0,-1,300,7.421551015454161,9.922880763018833,0.5021733456820135,0.002583979328165375
4257,1384.4165492672082,0,-1,300,5.576044036205474,8.655961433479211,0.6244545384105963,0.0025833724753405356
4258,693.4334361889794,0,-1,300,7.362034813307009,8.793266970198472,0.4533116525261587,0.002582765907490021
4259,377.15242610748544,0,-1,300,6.835939169368737,4.614637641502417,0.25005899370464224,0.0025821596244131454
4260,1174.1963868114372,0,-1,300,5.804109166900759,8.505788228222054,0.5858743022587299,0.002581553625909411
4261,1047.097265968346,0,-1,300,6.509809073508354,9.511527125173252,0.5635635969734171,0.002580947911778508
4262,855.3318766732481,0,-1,300,6.588327187098453,8.683011834730944,0.5100285568294317,0.0025803424818203143
4263,2145.754776150949,0,-1,300,4.874420198640591,9.686740328926016,0.9306226415527002,0.0025797373358348967
4264,1508.4370396083762,0,-1,300,6.176929351137609,10.434516267952917,0.6994500954920286,0.002579132473622509
4265,1292.7992402630482,0,-1,300,4.365727249352868,6.528926861730781,0.5714093044797497,0.0025785278949835913
4266,513.7530888265576,0,-1,300,6.384913538137455,5.069882986898977,0.3061672695197199,0.002577923599718772
4267,928.8877688551073,0,-1,300,6.290350885355885,8.294168637480386,0.505209880947022,0.002577319587628866
4268,657.4730042757426,0,-1,300,7.575521801840712,9.359629303776753,0.465944704904675,0.0025767158585148745
4269,185.4354387605038,0,-1,300,8.846261551029034,8.631706938197137,0.34742914504782524,0.002576112412177986
4270,841.6916927909026,0,-1,300,6.554556059815972,8.623337542240021,0.4920287267981174,0.0025755092484195737
4271,753.0277646672664,0,-1,300,6.540186476857252,7.306912507521925,0.4380550940176288,0.0025749063670411983
4272,1759.778056488633,0,-1,300,5.674733027581803,10.347788998436307,0.7758013545771272,0.0025743037678446056
4273,747.9684383671554,0,-1,300,7.227944884142538,9.527931723319679,0.5150578169252409,0.0025737014506317267
4274,540.3875184231545,0,-1,300,6.57202802446929,5.865925044345681,0.3364622629387795,0.0025730994152046785
4275,904.236039782505,0,-1,300,7.133505659260962,9.926368863785902,0.5517177942741457,0.0025724976613657625
4276,695.6432085264393,0,-1,300,7.096435543367973,8.386250193874249,0.45101596360540425,0.0025718961889174656
4277,604.1745615560955,0,-1,300,7.4866635496077985,8.107451852785655,0.41132039750290733,0.002571294997662459
4278,346.27306146574256,0,-1,300,7.804725193288809,7.39351500715686,0.34258127831923013,0.002570694087403599
4279,454.1646001153346,0,-1,300,6.709577306771409,4.896555067997349,0.2888072112456681,0.0025700934579439253
4280,641.2429606196054,0,-1,300,6.576115004482097,6.8096766612235,0.38779499888707003,0.002569493109086662
4281,785.5838585913518,0,-1,300,6.6737192330969926,7.909836190108233,0.46410792656139194,0.002568893040635217
4282,641.66675636354,0,-1,300,6.4589050895383755,6.58982019930331,0.38225801885336197,0.0025682932523931824
4283,1329.2988349270956,0,-1,300,5.476164308795301,8.357993213583795,0.5949457468689211,0.0025676937441643324
4284,1070.4538200384923,0,-1,300,6.18789708631583,8.358409310345165,0.5417178335649893,0.0025670945157526253
4285,1334.4034742160904,0,-1,300,6.076913654734542,9.850254942443707,0.6595377371954618,0.0025664955669622027
4286,578.4255604120964,0,-1,300,7.259804043899879,7.714020177846121,0.4105623631999198,0.0025658968975973873
4287,672.4896218124728,0,-1,300,7.857861670831372,10.613485644355256,0.5105582406627647,0.0025652985074626866
4288,983.6280463052033,0,-1,300,6.495208929362553,8.853280930563665,0.5257603231126748,0.0025647003963627886
4289,1941.0300967979465,0,-1,300,4.106013896256697,7.760666786277934,0.8395576445544028,0.002564102564102564
4290,893.6989729316495,0,-1,300,6.963168757729477,9.673660162502049,0.5268048792065175,0.002563505010487066
4291,540.5926738087124,0,-1,300,6.571022154642848,5.557143172326824,0.32448832979919134,0.0025629077353215286
4292,771.4714310768354,0,-1,300,6.770149316211224,8.133381555834074,0.46662897277040666,0.002562310738411367
4293,474.5317072127958,0,-1,300,7.866670645585353,7.462662672739335,0.3706486865719323,0.0025617140195621797
4294,1155.29644579004,0,-1,300,5.466182257988686,7.361842736798814,0.551851744077782,0.002561117578579744
4295,1561.9506288076896,0,-1,300,4.637434259377349,7.695943715330364,0.6855935189485338,0.0025605214152700185
4296,513.7821045755007,0,-1,300,6.767707206205248,5.646633482697705,0.32371056269284926,0.002559925529439144
4297,1661.6293490998958,0,-1,300,5.495423375550584,9.459527454157143,0.7335612374415867,0.0025593299208934387
4298,1664.6843049738452,0,-1,300,4.333066546618917,7.324889872567945,0.7261164595054103,0.0025587345894394044
4299,1454.8095713535606,0,-1,300,5.982454512959831,9.737588317006585,0.6552491097924296,0.0025581395348837207
4300,824.3514503553284,0,-1,300,7.594683754203796,12.660489842248678,0.6694316699148423,0.0025575447570332483
4301,84.9548267650745,0,-1,300,8.643991208605373,5.702833507615566,0.22088053229905383,0.0025569502556950256
4302,595.0279479611813,0,-1,300,7.933259594648148,10.04552771037608,0.4760658555980143,0.0025563560306762724
4303,1310.35413217933,0,-1,300,4.908237689544436,7.071299486205135,0.5827926710796367,0.0025557620817843866
4304,1981.8684499043086,0,-1,300,4.74272547945904,9.146376361846494,0.8613489618894045,0.0025551684088269454
4305,553.4801708773185,0,-1,300,7.480756015263514,8.774510128868782,0.42965802721398744,0.0025545750116117046
4306,781.9819923417847,0,-1,300,6.85251034517054,8.451821520644103,0.4546738664694265,0.0025539818899465985
4307,1682.2140581728709,0,-1,300,5.460275716032328,9.586024096469702,0.7418745921089382,0.00255338904363974
4308,428.2238671152194,0,-1,300,8.041371761248515,8.171837927418132,0.36753840652515785,0.0025527964724994198
4309,774.4173146407368,0,-1,300,6.301646946925352,6.973643500137788,0.43507662908768596,0.002552204176334107
4310,605.78609635893,0,-1,300,7.658933007186366,9.341375702828577,0.457285884325476,0.002551612154952447
4311,1231.6619539238343,0,-1,300,6.034061442602085,9.260876360335505,0.6175899631904795,0.002551020408163265
4312,2126.5334271548377,0,-1,300,4.508236542964648,8.812941917776865,0.9198673687200845,0.002550428935775562
4313,1262.5688725494672,0,-1,300,5.958105049935998,8.795300020860997,0.5989758548200185,0.0025498377375985167
4314,1867.7541727391172,0,-1,300,4.501119626907186,8.18759832875427,0.81198930250977,0.0025492468134414832
4315,782.9093421900964,0,-1,300,6.901361065593885,8.764296032875771,0.48631009809075937,0.0025486561631139944
4316,934.1678731518161,0,-1,300,4.8359030918124635,4.929070198306849,0.4275377248145348,0.0025480657864257587
4317,1862.4118052279196,0,-1,300,3.9553385495628905,7.511599493644583,0.8056699579666889,0.0025474756831866605
4318,1670.4746220307186,0,-1,300,4.0003772039005545,6.986117512639682,0.726033921542053,0.002546885853206761
4319,793.8624601610136,0,-1,300,6.642271956979965,7.175348806755218,0.4420472414780426,0.0025462962962962965
4320,685.558054332536,0,-1,300,7.854303272668142,11.399799997207085,0.5481760566877495,0.0025457070122656793
4321,566.2741870342395,0,-1,300,6.776621607197702,6.174038434347178,0.35058233412201756,0.0025451180009254974
4322,610.7607637916557,0,-1,300,7.342741715630026,8.254385539131322,0.42470004237782505,0.002544529262086514
4323,847.8794186321662,0,-1,300,5.288682714054302,5.5324716350259076,0.42484096149639616,0.002543940795559667
4324,1023.6222777091756,0,-1,300,6.413526508958365,9.135341926363102,0.5596901026154781,0.0025433526011560694
4325,888.6771543400743,0,-1,300,7.029353258761691,9.675383548703586,0.5454514973850924,0.002542764678687009
4326,967.4131746849131,0,-1,300,6.372181448449204,8.995540139403674,0.5474566727343572,0.002542177027963947
4327,1046.593577325046,0,-1,300,6.354794159915915,8.875863385487701,0.5202396145323928,0.0025415896487985213
4328,525.1467329840752,0,-1,300,6.6079450141521425,6.8625039110882655,0.38073783589310584,0.002541002541002541
4329,627.9564725815525,0,-1,300,6.60836581388981,6.534319152986774,0.3966472933258053,0.002540415704387991
4330,1503.7619484093125,1,1,1,3.6803196446826716,6.654680337419642,0.4978459484991819,0.002770722696836758
4331,536.7976430112196,0,-1,300,6.416921145262602,7.219510389160961,0.39615049459417,0.002770083102493075
4332,708.6872770503235,0,-1,300,6.983655573774422,8.389770981349317,0.4680004970041318,0.0027694438033694898
4333,1397.6037344782553,0,-1,300,5.713752462479861,8.995015079566341,0.6584801168709559,0.0027688047992616522
4334,912.5245283876745,0,-1,300,6.886915224275299,9.512927337822108,0.5415736041618217,0.002768166089965398
4335,1317.3797055061052,0,-1,300,4.667084140600433,6.43751110060874,0.5839113416820471,0.0027675276752767526
4336,833.8605853132387,0,-1,300,6.173902206415896,6.836466105500484,0.44544380800542277,0.00276688955499193
4337,1737.228849513306,0,-1,300,4.822299042086939,8.969216213989096,0.7600125967795296,0.0027662517289073307
4338,1342.205873561565,0,-1,300,5.250993984688517,7.954289491544966,0.6117073091647278,0.0027656141968195437
4339,779.5845378123189,0,-1,300,6.681970100861693,7.842456932937589,0.4622965636687438,0.0027649769585253456
4340,578.7401553472628,0,-1,300,7.089587449980944,7.697614966367131,0.40405864544460474,0.0027643400138217
4341,1045.4114444148577,0,-1,300,5.982334919910339,8.055686660980689,0.5424106286812587,0.0027637033625057578
4342,694.4021096299895,0,-1,300,6.7321690030229675,7.3681339438023254,0.41118862501875575,0.002763067004374856
4343,941.9125295719588,0,-1,300,6.095764789358429,8.325884817721521,0.5301855092748412,0.0027624309392265192
4344,690.9072632002853,0,-1,300,6.497818898676397,6.729390273166507,0.3923468798285948,0.002761795166858458
4345,664.8636190023236,0,-1,300,6.646233785812271,7.124336617041637,0.40402720880787574,0.0027611596870685687
4346,1399.7073587765276,0,-1,300,6.87530187808589,12.124141904091232,0.7402089815471344,0.0027605244996549345
4347,1248.852153642966,0,-1,300,5.920480734240201,9.178154557754375,0.612089413727033,0.0027598896044158236
4348,710.0166831248961,0,-1,300,6.508459747519912,6.970638638775513,0.40563739326179554,0.0027592550011496897
4349,2065.363949969532,0,-1,300,6.021442640119185,11.89719002283249,0.9057291322881982,0.002758620689655172
4350,485.3553142248501,0,-1,300,7.171542364563909,6.643327589195363,0.35663048930438657,0.002757986669731096
4351,991.2715356027478,0,-1,300,5.767325991235978,7.4425148754206365,0.49521735760155894,0.0027573529411764708
4352,773.9359781780469,0,-1,300,7.049121575785603,10.839497111196259,0.6154529408848636,0.0027567195037904893
4353,1235.2909471180797,0,-1,300,3.815574662567708,4.949135240679734,0.5433213712684579,0.002756086357372531
4354,941.1323851556564,0,-1,300,6.937106975811022,9.57430213948027,0.5382800964263995,0.0027554535017221583
4355,223.51203598064828,0,-1,300,8.004859932470712,8.10447796030954,0.3514223803016014,0.0027548209366391185
4356,604.3844037682246,0,-1,300,7.1594555482881965,8.058615945798243,0.426348937871863,0.002754188661923342
4357,373.3368150249174,0,-1,300,8.135576472794702,7.642042739372599,0.35249095938945446,0.0027535566773749425
4358,1041.7015176359469,0,-1,300,5.567847943726241,7.21373249407889,0.5114941302240502,0.0027529249827942187
4359,899.8169808334677,0,-1,300,7.052123608835363,9.79253442528182,0.541076580050472,0.0027522935779816515
4360,1555.3049488329566,0,-1,300,5.74761547186852,9.745642385319245,0.7060618153430918,0.002751662462737904
4361,1333.629797260153,0,-1,300,5.770397841278473,8.981717222622377,0.6342155201378739,0.002751031636863824
4362,1275.992095358026,0,-1,300,5.252732257950809,7.507742013421616,0.588813506807683,0.0027504011001604402
4363,887.2656191968235,0,-1,300,6.399330604574096,8.108559000673555,0.49042451869393733,0.002749770852428964
4364,131.33445455632238,0,-1,300,8.318451499664327,8.70058022356247,0.37028182541594173,0.0027491408934707906
4365,1533.8726740505388,0,-1,300,5.603231971346974,9.230217485980853,0.681137853972827,0.002748511223087494
4366,470.21646727638154,0,-1,300,6.193007857489606,5.670868259862333,0.32130634015159537,0.0027478818410808336
4367,972.3499804561665,0,-1,300,6.291924736240251,8.701272617413272,0.5312095553945338,0.0027472527472527475
4368,1128.4480536235446,0,-1,300,4.8746331684216875,5.9686500221003,0.5141459436807901,0.002746623941405356
4369,563.9084452014058,0,-1,300,7.448695550466926,7.923289949836773,0.4014687996731583,0.002745995423340961
4370,552.5959086486675,0,-1,300,6.962412059812919,6.696570647510387,0.3740990857115096,0.002745367192862045
4371,1769.0923240731993,0,-1,300,5.8180176208470185,10.629366695981759,0.7807569338535182,0.0027447392497712718
4372,692.1598381773183,0,-1,300,5.920489114054184,5.763061181698141,0.39170413038275553,0.002744111593871484
4373,1393.0289443766173,0,-1,300,6.361565045324648,10.570644005614401,0.6797073687264608,0.0027434842249657062
4374,1133.4713735604253,0,-1,300,6.17802965863286,8.665214396702815,0.545510061145853,0.002742857142857143
4375,960.7085355847698,0,-1,300,5.892105726891197,7.433468783504305,0.48840703648278105,0.002742230347349177
4376,704.8741449177581,0,-1,300,7.6856086259740675,10.266563934652908,0.5064744140094071,0.0027416038382453737
4377,745.5231722718418,0,-1,300,6.283489424613392,7.016083405562834,0.43557365852857705,0.002740977615349475
4378,1501.7964064087068,0,-1,300,4.978138912403902,8.1686073659785,0.6630845445133241,0.002740351678465403
4379,1729.4503837111718,0,-1,300,5.991394772666611,11.117097920027872,0.7655397873413219,0.0027397260273972603
4380,1187.2059906098568,0,-1,300,6.139468695194833,9.291100119637413,0.5931758184760169,0.0027391006619493265
4381,1290.1367650113968,0,-1,300,5.792641159316476,8.484358188165613,0.5925464602203252,0.0027384755819260614
4382,1396.3332435113778,0,-1,300,5.061873424565442,7.8712701459337575,0.6197695688139824,0.0027378507871321013
4383,726.6174761868077,0,-1,300,6.73011355483456,7.239216085256694,0.4220053266646313,0.002737226277372263
4384,1760.150452621776,0,-1,300,5.242825750153499,9.45157374484179,0.7727172150518901,0.0027366020524515395
4385,1104.713869790409,0,-1,300,6.303772690796233,9.231346148487189,0.5731572187620543,0.0027359781121751026
4386,1826.3794775088647,0,-1,300,4.363079718998564,8.151717381602205,0.7937145468545164,0.0027353544563483018
4387,1280.0682544707101,0,-1,300,5.837713669340792,9.052454556804292,0.6406193722664071,0.0027347310847766638
4388,1281.3544938030739,0,-1,300,4.882905187367095,6.925308529533237,0.5705194946565337,0.002734107997265892
4389,1406.5834681273357,0,-1,300,5.449257863827796,8.718280037041321,0.6509433261385082,0.002733485193621868
4390,492.28224655221555,0,-1,300,7.575099431652102,7.891871150907963,0.3760578045809887,0.002732862673650649
4391,1429.5088705839414,0,-1,300,4.763063320025293,7.265944908426295,0.631351670976832,0.00273224043715847
4392,975.8607423538886,0,-1,300,6.420550097302801,8.716695173041593,0.5237638220259104,0.0027316184839517414
4393,1282.3342531214366,0,-1,300,5.614882245838391,8.001044447507079,0.5942473590433761,0.0027309968138370506
4394,882.4229954241666,0,-1,300,7.079933094474442,10.359027656097041,0.5614080539973427,0.0027303754266211604
4395,1608.0300924821495,0,-1,300,5.265296579745528,8.87604696453011,0.7095022628823201,0.00272975432211101
4396,1188.9397433400566,0,-1,300,5.661873214389812,7.8990503456551675,0.5670852545557469,0.002729133500113714
4397,1872.1233248708081,0,-1,300,5.785364580596011,10.900314664758689,0.8234416197173072,0.002728512960436562
4398,426.4209745522004,0,-1,300,6.871611706243396,5.0203744209691585,0.28569813625657,0.00272789270288702
4399,1568.824343896333,0,-1,300,5.802112835100961,10.062435222691734,0.6971926562200631,0.0027272727272727275
4400,787.8663019139418,0,-1,300,7.372971637749611,9.871308261947064,0.5150597825416912,0.0027266530334014998
4401,1125.7020053982492,0,-1,300,6.3523256872731135,9.675890293600983,0.6130520769121806,0.0027260336210813267
4402,1214.2756681449496,0,-1,300,5.714730266302955,7.981182350228008,0.5698879039623101,0.0027254144901203725
4403,1234.4313027089916,0,-1,300,5.874371591944759,8.50107297849339,0.5594259712817795,0.0027247956403269754
4404,1684.4481578726559,0,-1,300,4.096124595558619,6.863217602834146,0.7325743335802969,0.002724177071509648
4405,713.4634202271069,0,-1,300,6.205802076266684,6.53989643804274,0.42237252632016486,0.0027235587834770767
4406,582.6272224737568,0,-1,300,6.923076273754843,7.68240034836667,0.40180442316043846,0.002722940776038121
4407,471.49421680838117,0,-1,300,8.316349199979534,10.357603317822042,0.46482964836759466,0.0027223230490018148
4408,426.98245785086016,0,-1,300,7.349401899082536,7.5799807433475435,0.38379319562611075,0.0027217056021773644
4409,1354.632595985648,0,-1,300,6.182400713384442,10.182305954929411,0.6561489919774061,0.0027210884353741495
4410,1651.1486413584405,0,-1,300,4.967604448000389,8.519226116373686,0.7252356339260196,0.002720471548401723
4411,930.5865014653336,0,-1,300,6.001231988450301,7.2413034216755525,0.4853801530245815,0.0027198549410698096
4412,1834.7510991689576,0,-1,300,5.997416699216294,11.181471183901381,0.809460249897856,0.002719238613188307
4413,290.21109732486326,0,-1,300,8.495229591031006,7.691836458598479,0.3223464177798359,0.002718622564567286
4414,1678.9398568562024,0,-1,300,5.226785600486567,9.16256975737658,0.7387591656937331,0.0027180067950169874
4415,698.6526221369252,0,-1,300,6.284225887795629,6.8272788697897475,0.4272716942440932,0.002717391304347826
4416,1067.0757505319234,0,-1,300,5.7083359105107325,7.521545005874782,0.5268146480379133,0.002716776092370387
4417,1200.6790079524128,0,-1,300,6.449872614317275,10.238163723099902,0.6278327930449992,0.002716161158895428
4418,1040.2565888884706,0,-1,300,7.00296301459124,10.93509322583061,0.6166547220658627,0.0027155465037338763
4419,480.8354701153719,0,-1,300,6.53215468700949,5.152771147411591,0.29603141491822654,0.0027149321266968325
4420,1791.0958449478458,0,-1,300,4.600981638893494,8.456078851516642,0.7807972976866361,0.0027143180275955667
4421,298.1942927275445,0,-1,300,7.225849025545749,5.118147318026949,0.2572032809352658,0.0027137042062415195
4422,883.7668657858707,0,-1,300,5.128598009524118,5.41237185056371,0.4313437242280502,0.0027130906624463036
4423,927.7602054554151,0,-1,300,5.648868779420665,6.812892148046027,0.47061061706802726,0.0027124773960217
4424,831.6652700584598,0,-1,300,7.197801077369814,9.733603296656204,0.5202322937523453,0.002711864406779661
4425,446.49471622060736,0,-1,300,8.244639353052952,9.942984091820641,0.44257049797666215,0.0027112516945323093
4426,1791.4202757648418,0,-1,300,5.330548743760685,9.864315604199696,0.7864042304802221,0.0027106392590919358
4427,749.29500575802,0,-1,300,6.228191550781637,6.760714031602892,0.4305013366866831,0.0027100271002710027
4428,793.9979003708629,0,-1,300,7.382364682853146,9.850816594392267,0.5108281295165038,0.0027094152178821405
4429,1616.855766335878,0,-1,300,5.003904514791975,8.42007068126235,0.7112191865008887,0.002708803611738149
4430,657.3799663788682,0,-1,300,6.95377605678917,8.269228248225733,0.4482787082766175,0.002708192281651997
4431,1914.0343795493043,0,-1,300,4.496414716798932,8.419011775497761,0.8312374351882017,0.002707581227436823
4432,324.8570676873321,0,-1,300,7.099264196364162,6.61259136236135,0.3103224967638276,0.0027069704489059328
4433,904.3320864738213,0,-1,300,6.7238376848859955,8.829383425997577,0.5174200024891834,0.0027063599458728013
4434,737.0816619309396,0,-1,300,6.598191311044448,7.452308620638367,0.4313642260767355,0.002705749718151071
4435,288.39477287609543,0,-1,300,8.03533616320241,7.727017747584923,0.3481096027559329,0.002705139765554554
4436,1322.3332856142786,0,-1,300,6.002631145836675,9.39660707143593,0.617550751226425,0.002704530087897228
4437,320.92774935314173,0,-1,300,7.423140481397538,4.8569159192313265,0.24948255343608802,0.0027039206849932404
4438,688.9983496472406,0,-1,300,6.252677389085018,6.1563941998101495,0.4132141034216197,0.0027033115566569045
4439,853.4060449299453,0,-1,300,6.316436697037218,7.3866773312420415,0.45605179177428457,0.002702702702702703
4440,1727.2341839495562,0,-1,300,4.95129967656821,8.980551094407934,0.7568156575532432,0.002702094122945283
4441,770.6947415201334,0,-1,300,5.393288903412549,5.234301108259153,0.3798005558904547,0.0027014858171994596
4442,1116.8900080066348,0,-1,300,5.977342084245573,8.48181886020012,0.547357839821812,0.0027008777852802163
4443,1384.5703077345875,0,-1,300,6.679929823041875,12.006990885260347,0.7556299838607594,0.0027002700270027003
4444,754.4010714127367,0,-1,300,6.070952977942602,6.539256895580957,0.4172549865783474,0.0026996625421822273
4445,658.7717726865709,0,-1,300,7.539330535560609,9.125552489807387,0.4537639762692134,0.002699055330634278
4446,1678.9759717092252,0,-1,300,6.106218705085226,11.257762442174469,0.7702305382888883,0.0026984483921744995
4447,1543.8007046515195,0,-1,300,5.36073061180484,8.692195117995352,0.6888722584565056,0.002697841726618705
4448,643.6436009795378,0,-1,300,6.590173553144635,6.590734873433171,0.3777847226204679,0.0026972353337828725
4449,944.0265746975389,0,-1,300,6.006309685189535,7.832775415390351,0.505134161665575,0.002696629213483146
4450,1095.6986962022706,0,-1,300,6.919547052961932,10.826768177044345,0.6142497140307712,0.0026960233655358348
4451,189.7026548766234,0,-1,300,8.115888829272569,10.348973532366633,0.4624070069614419,0.0026954177897574125
4452,1190.2495724835032,0,-1,300,5.408758024092805,7.449465358293625,0.562527774918051,0.002694812485964518
4453,1223.1983645061498,0,-1,300,6.948436633292909,11.550145769802436,0.6667324427624707,0.002694207453973956
4454,667.9915298051234,0,-1,300,6.349483086692879,6.315363601962095,0.3898859359556109,0.0026936026936026937
4455,1716.088547217061,0,-1,300,6.218092122084812,11.53828504047334,0.7796668874855032,0.0026929982046678637
4456,325.87728350736694,0,-1,300,8.24553243350448,7.857939421427,0.3442498458421888,0.0026923939869867622
4457,1545.092986496613,0,-1,300,4.8017158328402525,7.748378230754235,0.6798016131198906,0.0026917900403768506
4458,728.3656577406488,0,-1,300,4.934075617813796,4.621795525599589,0.3518975527637579,0.0026911863646557526
4459,303.1927239003482,0,-1,300,6.94548215358385,5.535650556311116,0.2748474803977542,0.0026905829596412557
4460,355.17873025467225,0,-1,300,7.508609814660355,6.110154769250841,0.29744622373829965,0.0026899798251513113
4461,1048.6265465251058,0,-1,300,5.642440501054792,7.203642709871398,0.5213438819122419,0.002689376961004034
4462,2098.048298388642,0,-1,300,4.080741319869861,8.045329557138102,0.9047923508942913,0.002688774367017701
4463,1090.178186203345,0,-1,300,6.240738650493293,8.737064942471056,0.5687056665952235,0.002688172043010753
4464,1599.2355623526666,0,-1,300,6.86925327433989,12.722788812173915,0.7687271770096878,0.0026875699888017916
4465,686.4333001406218,0,-1,300,7.1912440287302175,8.521153192887473,0.45338743558962896,0.0026869682042095834
4466,446.5144646523022,0,-1,300,7.682804395270624,7.550807347645141,0.3599399007862108,0.002686366689053056
4467,679.3729959184916,0,-1,300,7.765848584643486,10.46677614994827,0.5101963465851826,0.0026857654431512983
4468,1054.6736791494463,0,-1,300,6.794400825251246,9.692405544668798,0.5618053035807794,0.0026851644663235625
4469,957.1261916698959,0,-1,300,6.047518902006735,7.936470594988279,0.5078216165981919,0.0026845637583892616
4470,1452.1580074359244,0,-1,300,5.614224142947246,9.119846295380315,0.6778658156579271,0.0026839633191679713
4471,1437.3049149918436,0,-1,300,5.784510390428246,9.379109085247372,0.6650227453307748,0.0026833631484794273
4472,1318.3849062386407,0,-1,300,5.9151921537865535,9.068362125676218,0.6247516632808946,0.0026827632461435278
4473,719.7267540630396,0,-1,300,7.019320489774214,8.536431350074306,0.4744464530503844,0.002682163611980331
4474,1096.1623023122145,0,-1,300,6.45471804043832,9.470280602197821,0.5874015942652672,0.002681564245810056
4475,416.45194400766303,0,-1,300,8.708343065841502,9.999839597459212,0.4226544235672139,0.002680965147453083
4476,677.4443444766335,0,-1,300,7.687899065028879,10.114600628396204,0.5059096733546397,0.002680366316729953
4477,735.7790640693041,0,-1,300,7.192141890438438,9.642060882294508,0.5079273977833447,0.0026797677534613666
4478,1195.0882580715313,0,-1,300,4.262399313133946,5.611801820877928,0.5299214357116432,0.0026791694574681848
4479,775.4955135715568,0,-1,300,6.941798536094428,8.474150360957092,0.490089757836037,0.0026785714285714286
4480,1810.4856263365477,0,-1,300,5.265974907236643,9.914555769588098,0.7938638227778351,0.0026779736665922785
4481,1099.615318388002,0,-1,300,6.124753527362043,8.615606163098365,0.55124002157161,0.002677376171352075
4482,823.8934026027517,0,-1,300,5.5398906595033415,5.615531231026738,0.4091751021914312,0.0026767789426723177
4483,1132.0396265740774,0,-1,300,5.624195986021022,7.4652079632303865,0.5429841309032587,0.0026761819803746653
4484,664.6573831331679,0,-1,300,6.560416535480931,6.883618529283117,0.39256985971912994,0.0026755852842809363
4485,723.3467090870881,0,-1,300,6.509341126889085,7.134505861594491,0.42511750444373886,0.0026749888542131075
4486,1739.8572193837401,0,-1,300,5.921108169016786,10.72304131039533,0.7847674913013833,0.002674392689993314
4487,842.1068706598049,0,-1,300,6.133163317494317,7.245760650386565,0.4536482906934111,0.00267379679144385
4488,1774.4911849040193,0,-1,300,3.9019167746215384,6.783189949723273,0.768635702853003,0.0026732011583871684
4489,897.950862405663,0,-1,300,5.88437014947669,6.596465732622072,0.45057607484692086,0.0026726057906458797
4490,844.3998025383767,0,-1,300,5.727724102693596,6.315818564804929,0.43653435700309096,0.0026720106880427524
4491,487.60620769802813,0,-1,300,6.295985485614321,5.664022880771605,0.32218551066455436,0.0026714158504007124
4492,907.230611389774,0,-1,300,7.60833030142172,11.995207263390283,0.6078041768982795,0.0026708212775428445
4493,1475.1958647412591,0,-1,300,3.0863200984084918,4.277176614258061,0.637812344380254,0.0026702269692923898
4494,503.408194665807,0,-1,300,7.559575280542246,7.92852168053791,0.3863903059811696,0.0026696329254727474
4495,1054.7145987583847,0,-1,300,6.50155160842582,9.228967987785955,0.5468611359566845,0.0026690391459074734
4496,576.8807294165322,0,-1,300,7.726448285289639,8.648891384018167,0.4195180213286163,0.00266844563042028
4497,501.8044662366519,0,-1,300,6.689145684924471,5.787757845506563,0.3164617087357476,0.0026678523788350376
4498,1246.291569786389,0,-1,300,5.523000575843589,7.86662312306751,0.5913828697359347,0.0026672593909757725
4499,1412.4356774385708,0,-1,300,6.625403187392773,11.313664981882058,0.6964153386460137,0.0026666666666666666
4500,1065.9411134751954,0,-1,300,5.8920662264814405,8.126942713803574,0.5563227228518706,0.0026660742057320595
4501,750.8348659895632,0,-1,300,7.705451513921489,11.333020331774982,0.5621654213087567,0.0026654820079964462
4502,675.5513173537444,0,-1,300,6.591911194086591,7.397542262083275,0.43296331783645553,0.002664890073284477
4503,1180.5543155105374,0,-1,300,5.93235070330734,8.776274045613894,0.589336086292007,0.0026642984014209592
4504,967.8657302754566,0,-1,300,5.44041832524576,6.662503224285785,0.47793612201243074,0.0026637069922308544
4505,1000.8182389656913,0,-1,300,5.778158407582765,7.107835749445847,0.510065961444907,0.002663115845539281
4506,1201.9254912598044,0,-1,300,4.776720938000505,6.687785999062046,0.5366276950599218,0.002662524961171511
4507,647.1083188574285,0,-1,300,5.999125456341437,5.770582422921591,0.371173897962338,0.0026619343389529724
4508,626.7292429038424,0,-1,300,7.530842358903013,8.181622220832296,0.4191446609923729,0.0026613439787092482
4509,1648.7687780002261,0,-1,300,6.033651554891842,10.77681661106207,0.7606169000049136,0.0026607538802660754
4510,738.6944387077532,0,-1,300,6.27268213880283,6.224074786278634,0.40388435411007656,0.002660164043449346
4511,579.8918652020412,0,-1,300,8.09972796282877,10.551376163527245,0.49544493625801495,0.0026595744680851063
4512,1093.2963725920413,0,-1,300,5.416516745399949,7.135376352639904,0.5321696777956922,0.002658985153999557
4513,877.6235113418992,0,-1,300,5.768116952942222,6.4431466725980355,0.4472884870472787,0.002658396101019052
4514,847.540991290416,0,-1,300,6.76801443599599,8.385641551090352,0.4835095037379449,0.0026578073089701
4515,2091.6201930973375,0,-1,300,5.1192422476475095,10.101322690045484,0.9099027306479134,0.002657218777679362
4516,1919.4167538824422,0,-1,300,4.579894428732115,8.650217305919064,0.8341061889998422,0.002656630506973655
4517,803.9766235575231,0,-1,300,6.4873877862736515,7.335235864784988,0.4486344819775074,0.0026560424966799467
4518,1553.596537741766,0,-1,300,5.2289260320024775,8.723439683643573,0.686548835965754,0.0026554547466253594
4519,489.31400977005615,0,-1,300,7.5973401678153865,8.047941389263531,0.39462354120153303,0.002654867256637168
4520,966.0664151233183,0,-1,300,7.027758713637052,10.985283159331791,0.6119398409440673,0.0026542800265428003
4521,703.0373691657388,0,-1,300,6.758088777669261,7.5436404717853005,0.42928444460765974,0.0026536930561698365
4522,226.78818969249912,0,-1,300,6.8943643576931954,5.234861581987599,0.24647582879938854,0.0026531063453460093
4523,367.451654832918,0,-1,300,7.669153188324415,6.460427782418892,0.305198399290929,0.002652519893899204
4524,752.3751164974815,0,-1,300,7.18110908847589,9.27454169696999,0.47631922660993875,0.0026519337016574587
4525,1183.5822356927115,0,-1,300,5.846517168715015,8.661990127720369,0.5897302526731522,0.0026513477684489617
4526,1242.5165791065922,0,-1,300,5.811282713295139,8.447170513546547,0.5742281084230092,0.0026507620941020544
4527,878.0630198739885,0,-1,300,5.507283513112842,6.137607786709697,0.4485741239057011,0.00265017667844523
4528,1162.2932682293688,0,-1,300,4.952088098434432,6.623785706634075,0.5214295225004951,0.0026495915213071318
4529,601.842560319575,0,-1,300,7.5679146724693265,8.981757683231288,0.4436572077673199,0.0026490066225165563
4530,669.7737545899981,0,-1,300,6.9929966862544495,7.711625741314078,0.42819363844000863,0.0026484219819024497
4531,1195.75101285867,0,-1,300,6.267805153485453,9.466334926858014,0.6009215184347138,0.00264783759929391
4532,1125.957917528377,0,-1,300,6.1956962659113435,8.72205050482489,0.5536873148448929,0.0026472534745201853
4533,1534.0552040145378,0,-1,300,5.479716920351241,9.012672952301237,0.6802875452420261,0.002646669607410675
4534,1551.111241865509,0,-1,300,5.493239055607351,9.042744841880374,0.6933107523183195,0.002646085997794928
4535,2014.7511236857983,0,-1,300,4.01700272852263,7.718144571036369,0.8696071553330025,0.0026455026455026454
4536,729.4533565947937,0,-1,300,6.958922626544524,8.339466701943206,0.45119136673294086,0.0026449195503636764
4537,2148.459248314941,0,-1,300,5.233912842970912,10.344606343250106,0.9344456997868403,0.002644336712208021
4538,560.5919910606324,0,-1,300,7.142263040659836,6.752694833321589,0.36899665046504954,0.0026437541308658294
4539,591.8527968326716,0,-1,300,7.685609012919514,8.876765622627266,0.4320847033694847,0.0026431718061674008
4540,1318.475401296869,0,-1,300,5.480703311973383,8.342584627791878,0.624060038066669,0.0026425897379431843
4541,657.106674419341,0,-1,300,7.138122096344914,7.950709282799048,0.42197296946303936,0.002642007926023778
4542,903.9723921440743,0,-1,300,5.866762412617668,7.423151553064292,0.47047531241485474,0.0026414263702399295
4543,690.658963842068,0,-1,300,6.036638209845041,5.9625894509330495,0.38128846303842806,0.002640845070422535
4544,280.77019029407546,0,-1,300,8.987498964654339,9.305652477400725,0.37649269292229437,0.0026402640264026403
4545,1166.762261267683,0,-1,300,4.483481886051547,6.005881056095552,0.5197770563402547,0.0026396832380114386
4546,1539.4359332863241,0,-1,300,3.010525391615312,4.701721486633935,0.6640105793064172,0.0026391027050802728
4547,1129.470734869555,0,-1,300,6.070839461482717,8.733793233471934,0.5822247154700775,0.002638522427440633
4548,973.4047874335582,0,-1,300,7.132024138520604,10.48915826729695,0.5839891272508667,0.002637942404924159
4549,658.0297371045275,0,-1,300,5.809609879460084,5.4014927647980695,0.3499114344674889,0.0026373626373626374
4550,455.19726751811936,0,-1,300,8.104609146666037,8.474576691634764,0.39024676257272695,0.0026367831245880024
4551,623.1512057784452,0,-1,300,7.033026955891945,7.790758286638302,0.4105006975689562,0.0026362038664323375
4552,897.8374927797431,0,-1,300,7.100176316655678,9.877516145961692,0.5427129581137488,0.002635624862727872
4553,1517.406044277418,0,-1,300,4.822041450438412,7.71542859456667,0.6684178293272116,0.002635046113306983
4554,338.9787635154992,0,-1,300,8.420082369353812,8.438383385007558,0.36267024258270214,0.0026344676180021956
4555,1181.4434759597964,0,-1,300,4.548389866668009,5.4440493832261385,0.5263810389832582,0.0026338893766461808
4556,527.3062056383314,0,-1,300,7.108991676037963,6.649748698037773,0.3440465992283083,0.0026333113890717576
4557,1016.4843150172248,0,-1,300,6.692862334063494,9.9802751436902,0.5758395746211192,0.0026327336551118913
4558,913.7119909879895,0,-1,300,6.3482519499662,8.403395969858986,0.5148220629748157,0.002632156174599693
4559,734.1879259105743,0,-1,300,6.363698228704692,6.6030673763745344,0.4116549499785463,0.002631578947368421
4560,365.99294321375083,0,-1,300,7.680427086363696,6.7429583733843295,0.32505667381160686,0.00263100197325148
4561,1801.091276263678,0,-1,300,4.8801427112894435,9.15757537527221,0.7870557687778695,0.00263042525208242
4562,276.46285098057893,0,-1,300,8.732428856411177,9.830284159558197,0.4023153350873495,0.0026298487836949377
4563,2128.563743698513,0,-1,300,5.0968609594896,10.093882215077217,0.925128017070553,0.0026292725679228747
4564,1484.5848130578522,0,-1,300,5.094938680537352,8.332578668662697,0.6723268720132609,0.002628696604600219
4565,828.3928256031893,0,-1,300,7.3140833206505125,10.479011227421264,0.5546504927978783,0.002628120893561104
4566,1042.280721800382,0,-1,300,5.273352763948771,6.542842363157247,0.5025572304761949,0.0026275454346398074
4567,1654.9613595145033,0,-1,300,4.840644368143704,8.317929349988091,0.7258720658921204,0.002626970227670753
4568,761.0293845911817,0,-1,300,7.259849951805683,9.276609654628977,0.4873528252899659,0.0026263952724885093
4569,1085.552776321198,0,-1,300,4.883146286950663,6.213539287921743,0.5109990817498371,0.00262582056892779
4570,2225.8111750554717,0,-1,300,4.736885723093502,9.446061923287392,0.9629479658629816,0.0026252461168234523
4571,1042.6620078976496,0,-1,300,5.8681084828834695,7.989482467472729,0.5340817075514954,0.0026246719160104987
4572,1100.6970576543547,0,-1,300,4.878378216048917,5.992941041748748,0.49662975673907556,0.002624097966324076
4573,1597.181562781077,0,-1,300,5.104671201969666,8.550687595700666,0.7037773518402216,0.0026235242675994755
4574,449.510993949542,0,-1,300,7.588988925496377,7.2818083582062565,0.3542970408461048,0.002622950819672131
4575,1258.4096307609932,0,-1,300,5.054287727132696,6.954736930269021,0.5729914288997916,0.0026223776223776225
4576,1496.8337403362818,0,-1,300,5.78932854760038,9.656831085667694,0.6765378175932516,0.0026218046755516716
4577,423.7988128358256,0,-1,300,8.544543097722046,10.598619078743882,0.4629122045697462,0.002621231979030144
4578,364.2110481671895,0,-1,300,7.61870886549903,8.386022615525235,0.3946334559395343,0.00262065953264905
4579,896.3078515215275,0,-1,300,6.255624218512204,7.933015028092839,0.48779631561745956,0.0026200873362445414
4580,1086.8857522756368,0,-1,300,5.722290979991604,7.472455758924497,0.5244471148378814,0.0026195153896529143
4581,1115.2556718624394,0,-1,300,6.270295046213048,9.06640969613461,0.5717958583547822,0.0026189436927106066
4582,1356.135083776574,0,-1,300,5.34948040109662,8.189650462905536,0.6109470027360737,0.0026183722452542005
4583,414.62454849201566,0,-1,300,8.082930435760636,8.513633906714759,0.3935518295632555,0.002617801047120419
4584,1626.6131263838913,0,-1,300,5.629247130088873,9.939594842794563,0.7199748228022883,0.0026172300981461287
4585,205.48135803113578,0,-1,300,9.047340345114748,8.797331749439172,0.3465924409223395,0.0026166593981683385
4586,968.174514371992,0,-1,300,6.728956839577651,9.386230556164662,0.5317479237531917,0.002616088947024199
4587,672.121102488273,0,-1,300,6.852141416897628,7.443326619387648,0.41037999245809664,0.0026155187445510027
4588,1099.7933151516972,0,-1,300,5.861085653514464,8.020297885216248,0.5365215368492005,0.0026149487905861844
4589,620.5364305367297,0,-1,300,7.049572713874291,7.789968810725886,0.42039542897997517,0.00261437908496732
4590,1533.9558250239443,0,-1,300,5.696799672756688,9.47717172729336,0.6818742579723188,0.002613809627532128
4591,1694.433957365917,0,-1,300,3.862361639416569,6.581984037572259,0.7349818611980903,0.002613240418118467
4592,925.7172140496962,0,-1,300,6.814096710414451,9.481497981718281,0.5468562431589794,0.002612671456564337
4593,1670.296084991483,0,-1,300,5.1133060888400985,8.846860419467015,0.7343064977460854,0.00261210274270788
4594,1064.4662138947085,0,-1,300,6.475833490176028,9.784371634509254,0.579811320120918,0.0026115342763873774
4595,1004.136242317761,0,-1,300,6.078317759248667,8.46071629685823,0.5205752758886313,0.0026109660574412533
4596,858.6592263848527,0,-1,300,6.813545779602967,9.018395421308426,0.5086464010287607,0.0026103980857080703
4597,1847.9660934566073,0,-1,300,4.438605613778195,8.176721667216595,0.8032754143769221,0.0026098303610265334
4598,656.4733451085161,0,-1,300,6.212263350210192,5.822211218511796,0.36979507729369354,0.002609262883235486
4599,859.0476284602221,0,-1,300,6.179940239113454,7.511617578216985,0.47231435994078214,0.0026086956521739132
4600,950.8103487065708,0,-1,300,5.854943287057175,7.3731640860567,0.49138811411319305,0.002608128667680939
4601,455.61125451233676,0,-1,300,7.425145994333172,7.482502226753429,0.3666597318954,0.002607561929595828
4602,585.4051880338009,0,-1,300,7.170782585568072,8.058682551021969,0.41692168763102727,0.002606995437757984
4603,1350.224199609514,0,-1,300,4.822543018736496,7.118649714755958,0.598762489144488,0.0026064291920069507
4604,817.9201195142259,0,-1,300,6.030158648042415,6.439252352424822,0.4297470167583718,0.0026058631921824105
4605,721.5311126275104,0,-1,300,6.599958461215042,8.078709487255969,0.4490477858383276,0.0026052974381241857
4606,371.5159710932395,0,-1,300,8.366821121670926,7.803678318130425,0.35119383682970917,0.002604731929672238
4607,451.7642068987448,0,-1,300,7.066324519830038,6.045859275390246,0.30858679167921643,0.0026041666666666665
4608,464.68617696498455,0,-1,300,8.038349158346323,8.76081413801716,0.40550230550678906,0.002603601648947711
4609,1214.6044749985106,0,-1,300,6.529630398600564,10.298358742472209,0.6152426432832422,0.0026030368763557484
4610,1081.9589897908552,0,-1,300,6.123141714714118,8.252304279124242,0.5474404581263127,0.002602472348731295
4611,1088.7164009538044,0,-1,300,6.555791192093885,9.69108099864519,0.5751443312837208,0.0026019080659150044
4612,955.8775471706192,0,-1,300,7.28993031614206,10.752256508758661,0.585855612693235,0.00260134402774767
4613,228.12613016473037,0,-1,300,6.1260828451905205,4.677664071698172,0.18778021960639063,0.002600780234070221
4614,1436.2674527816187,0,-1,300,5.097294886465252,7.784819796255353,0.6411444898771392,0.002600216684723727
4615,790.1929191576736,0,-1,300,7.780836277685063,11.805966430789438,0.593435269236398,0.0025996533795493936
4616,1445.148184495669,0,-1,300,4.443269323021575,6.949589900978142,0.6354695967958561,0.002599090318388564
4617,1575.262967648969,0,-1,300,4.368931235291136,7.5827995870982825,0.6891265541184204,0.00259852750108272
4618,617.9907874809073,0,-1,300,8.333931769120365,11.877374026456199,0.5470578784840654,0.002597964927473479
4619,1860.2631957565418,0,-1,300,4.883120659430682,9.263076836460872,0.8117330698442894,0.0025974025974025974
4620,436.0023234511652,0,-1,300,8.164039233651044,8.14095151226211,0.3694548347850983,0.002596840510711967
4621,1344.9184531847648,0,-1,300,6.515578414773113,10.837773096779685,0.6792760891080603,0.0025962786672436176
4622,456.76137300503575,0,-1,300,7.9691083484852365,8.083593933122357,0.37935837816247725,0.0025957170668397143
4623,422.0771878505799,0,-1,300,7.835612165141471,7.2651295101132956,0.3383989445126567,0.0025951557093425604
4624,784.0662406023381,0,-1,300,5.730975758868996,5.876170508838479,0.4235263369783843,0.0025945945945945945
4625,786.5587325497822,0,-1,300,6.630192709231418,8.194876067577479,0.47984582993888825,0.0025940337224383916
4626,1820.966348953508,0,-1,300,4.34116768245641,7.749021960008253,0.7912947363490502,0.002593473092716663
4627,635.5032764177397,0,-1,300,7.682053948009317,9.32222921844841,0.471479988318661,0.0025929127052722557
4628,537.4084448889449,0,-1,300,7.236263036474173,7.006238541630893,0.3622178202100497,0.002592352559948153
4629,789.5731350593674,0,-1,300,6.784836444030775,8.631140285323443,0.4799194732724809,0.002591792656587473
4630,442.17798300202145,0,-1,300,6.329675602205913,5.010416955510544,0.30255599017365226,0.0025912329950334703
4631,1638.428744263999,0,-1,300,4.727841194894407,8.008635014364677,0.7181374524050403,0.0025906735751295338
4632,501.45512844568174,0,-1,300,7.866795103748522,9.27303880421455,0.4363075596268007,0.0025901143967191884
4633,549.3943429503834,0,-1,300,6.898367371595103,7.987045464547854,0.4252049921456985,0.002589555459646094
4634,722.5896884413658,0,-1,300,6.625027435910187,7.22221471455433,0.43871230939717115,0.0025889967637540453
4635,1377.2190332079658,0,-1,300,5.775582780732696,8.908062492281715,0.6171581346921476,0.0025884383088869713
4636,442.65414975255044,0,-1,300,6.618193471503172,4.654276104420058,0.2768152744424209,0.002587880094888937
4637,997.5544553154962,0,-1,300,5.62149407975166,7.053392349113583,0.5090949324925664,0.00258732212160414
4638,650.1907981936647,0,-1,300,6.964379280897671,7.260174728031791,0.39730166634283515,0.002586764388876913
4639,1144.5773889171073,0,-1,300,6.471093228666885,9.763671209540538,0.5906530037264497,0.002586206896551724
4640,798.3459327282056,0,-1,300,7.36581598254102,9.756309768170388,0.5032548358332218,0.002585649644473174
4641,503.9516141345242,0,-1,300,6.812831904433491,5.5576714652615875,0.325029231398416,0.0025850926324859974
4642,1113.5273721033109,0,-1,300,6.420026867942312,9.99768638346704,0.6123297518487361,0.0025845358604350637
4643,1106.5124570045284,0,-1,300,6.346334264065526,9.039696836062111,0.5551049555672989,0.002583979328165375
4644,350.2598902843055,0,-1,300,7.6688739293965,7.477076550270284,0.3508056285986983,0.0025834230355220667
4645,645.8350607498347,0,-1,300,6.8639645516794054,7.796381912063772,0.4358287416527681,0.002582866982350409
4646,505.38300594727167,0,-1,300,6.486884384036874,5.612652672468496,0.32136187652488574,0.0025823111684958036
4647,531.4582135527473,0,-1,300,7.649403128635381,8.731623470120342,0.4247495613557683,0.0025817555938037868
4648,828.0601148529224,0,-1,300,7.0118232599284225,9.296963997172163,0.5116350681142752,0.002581200258120026
4649,691.0794179164434,0,-1,300,5.602880983885789,5.29921422377996,0.3771952283485387,0.0025806451612903226
4650,1495.2739369026467,0,-1,300,4.3463477058615565,7.084618728150452,0.6556284148367317,0.0025800903031606105
4651,2228.7106482665126,0,-1,300,3.6198819807555673,7.204507163563552,0.9557785516333804,0.0025795356835769563
4652,406.5611952114838,0,-1,300,7.582478990192235,7.207131032273396,0.34440241866664667,0.0025789813023855577
4653,1381.2169659808292,0,-1,300,6.2980405194391675,10.488941117029759,0.6722877828978924,0.002578427159432746
4654,1049.5223887369118,0,-1,300,6.974222170517151,11.069000828543551,0.6274168057531831,0.0025778732545649837
4655,1111.3567992027722,0,-1,300,5.858242665526515,8.149528794346091,0.5490317332234572,0.002577319587628866
4656,953.2938104057441,0,-1,300,7.1249240833911225,10.576260305454179,0.5732247440878382,0.002576766158471119
4657,1226.295229050624,0,-1,300,5.4662547319085535,7.703784898612512,0.5607568457714313,0.0025762129669386004
4658,1989.5332430074302,0,-1,300,5.007811022134743,9.746939778124675,0.8665307672524398,0.0025756600128783
4659,1599.8140402558,0,-1,300,4.801981995958444,7.9347717080642015,0.7026040484096056,0.002575107296137339
4660,1597.6852891496003,0,-1,300,5.609660239891215,9.602761137115984,0.7077746556115178,0.0025745548165629693
4661,1241.1509573287278,0,-1,300,5.175624895020171,7.158820026947539,0.5761262206093538,0.002574002574002574
4662,-152.0589858470139,0,-1,300,8.447721435945226,9.05854202221238,0.3592057880992965,0.0025734505683036673
4663,1042.775635791916,0,-1,300,6.380427626239616,9.033912075576996,0.5536093535720732,0.002572898799313894
4664,1614.6574105817144,0,-1,300,5.351014002833194,9.187941066660471,0.7129065260969626,0.002572347266881029
4665,1029.9935384039727,0,-1,300,5.728184987612786,7.3447612052126034,0.5251766384909344,0.002571795970852979
4666,1193.7761482834428,0,-1,300,6.283072429816025,9.333838362081154,0.5723830132678791,0.0025712449110777804
4667,1497.2513540526234,0,-1,300,5.489615858148367,8.982360080997932,0.6742586545661038,0.002570694087403599
4668,1052.450475837237,0,-1,300,6.671011199772236,9.847260330444602,0.573684674572107,0.002570143499678732
4669,829.089336305119,0,-1,300,5.936368208259358,6.937744795794378,0.45224590952772814,0.002569593147751606
4670,824.447736532833,0,-1,300,6.012675701528049,6.817785178618826,0.4493101405923095,0.002569043031470777
4671,529.5337362146649,0,-1,300,6.769487664099345,6.535080576037471,0.34999145164180057,0.0025684931506849314
4672,1278.7499556780665,0,-1,300,6.054330914360951,9.296810818460447,0.5973405429315034,0.0025679435052428845
4673,1506.2746275647798,0,-1,300,5.674046354527396,9.288846840986805,0.6701697758109474,0.0025673940949935813
4674,1489.4977085776866,0,-1,300,4.60958731086572,7.517508077686673,0.6551959500721959,0.0025668449197860962
4675,1100.3662518425156,0,-1,300,4.86579727165713,5.834067598638089,0.5071032416591029,0.0025662959794696323
4676,97.37609522934241,0,-1,300,7.369531424214044,6.18655331184549,0.226645926525619,0.0025657472738935213
4677,1612.6196093054596,0,-1,300,5.163285475887653,8.714122535181366,0.7106494782797661,0.0025651988029072254
4678,1033.9490287796018,0,-1,300,6.846759470205029,10.07785786112334,0.5881946379225912,0.0025646505663603335
4679,721.0790590260812,0,-1,300,6.123328785146976,6.784719436963712,0.43013887130007294,0.002564102564102564
4680,1209.3911660692295,0,-1,300,6.47688788014623,10.149659390208585,0.6033340688183518,0.002563554795983764
4681,669.4634017727556,0,-1,300,6.702541066519557,7.133859834855225,0.4139986078677226,0.0025630072618539087
4682,1130.0427420559915,0,-1,300,5.320972577898408,7.184301284850927,0.5107584368575677,0.0025624599615631004
4683,542.9232655109826,0,-1,300,6.741293702648575,6.665311861089655,0.361158215867825,0.0025619128949615714
4684,1208.4594821716796,0,-1,300,4.962467329624458,6.900473599401225,0.5441455127573003,0.0025613660618996796
4685,1511.3814404513046,0,-1,300,4.759872642178894,7.608541487850345,0.6654413116710514,0.002560819462227913
4686,728.4780066883133,0,-1,300,7.204312689666717,9.079257072890782,0.47969846168050945,0.002560273095796885
4687,917.2261945316784,0,-1,300,6.036329038456201,7.176322592264363,0.4708766066215126,0.002559726962457338
4688,1706.134694076932,0,-1,300,4.042322043561111,6.981470493136966,0.7412068711920968,0.0025591810620601407
4689,1078.9552430438168,0,-1,300,5.964112214192989,8.052182366010175,0.5303479256206536,0.00255863539445629
4690,434.4947469382925,0,-1,300,7.688631592015252,7.142772216202639,0.3517965809194522,0.002558089959496909
4691,1027.543520216551,0,-1,300,6.090899690445664,8.280686653865388,0.5464027497619826,0.0025575447570332483
4692,231.01328389651655,0,-1,300,7.713590075270555,4.809146214889908,0.23206649710904628,0.0025569997869166845
4693,877.4155852023316,0,-1,300,7.018604693218217,9.959705111847128,0.5427023501144816,0.0025564550489987218
4694,1052.0763254570766,0,-1,300,6.20006669158641,8.611602013708202,0.5502672006530184,0.0025559105431309905
4695,1227.8329596396636,0,-1,300,5.080631877038884,6.777745835132033,0.5497018055943184,0.002555366269165247
4696,-136.44046390858114,0,-1,300,7.81737171918456,11.13918606292088,0.5345591379457328,0.0025548222269533745
4697,1606.520377850556,0,-1,300,5.395842256247509,9.008972099988663,0.709852307692921,0.002554278416347382
4698,906.1301703474303,0,-1,300,7.126182152843207,10.147272552411035,0.5463808731813367,0.002553734837199404
4699,554.1265222539024,0,-1,300,6.893308519421547,6.451900497933959,0.3530399658654755,0.002553191489361702
4700,1045.7398891739615,0,-1,300,6.037669216905583,8.09111617699064,0.5353783856619418,0.0025526483726866626
4701,288.3331301932044,0,-1,300,8.506594354669565,7.62403726513633,0.3198809263327809,0.002552105487026797
4702,557.9439259490002,0,-1,300,7.304970674705064,7.150034122549028,0.37840725981927087,0.0025515628322347436
4703,1901.919658230613,0,-1,300,4.764716875970694,9.182770149504282,0.8282019008325359,0.002551020408163265
4704,1256.0460719297496,0,-1,300,4.276307393610086,5.800552199844479,0.5554248354228044,0.0025504782146652497
4705,1248.9165826132285,0,-1,300,5.275562849695986,7.361422060391028,0.5830909539316383,0.0025499362515937103
4706,1928.1764535682955,0,-1,300,3.7603675354689856,7.068192805240504,0.8316096121694746,0.0025493945188017845
4707,1197.731119233425,0,-1,300,4.211227175143933,4.946965948697464,0.5306388368275066,0.002548853016142736
4708,1564.0386798989932,0,-1,300,4.331295078008896,7.221961575751939,0.6841674963763127,0.002548311743469951
4709,1439.9891575192178,0,-1,300,4.945212380976428,7.400502144000437,0.6382050040830601,0.0025477707006369425
4710,1031.7914815016695,0,-1,300,5.730750094135086,6.9594422899363675,0.48923692554313997,0.0025472298874973467
4711,1052.3504325172985,0,-1,300,4.944655688507618,5.98525084284291,0.4931853517484323,0.0025466893039049238
4712,661.3169789135393,0,-1,300,7.037268622978621,7.965976733375873,0.4257690262333285,0.002546148949713558
4713,1044.7234782454477,0,-1,300,5.081115744146193,6.147458594602618,0.48919595462422877,0.002545608824777259
4714,752.1202181141522,0,-1,300,6.551007926681239,8.114343733546677,0.45868155096756624,0.002545068928950159
4715,895.709355539579,0,-1,300,6.09752381186879,7.443038473829291,0.47739995174415895,0.002544529262086514
4716,823.5586046073494,0,-1,300,6.401637870761627,7.232591252157629,0.4585100108861649,0.0025439898240407037
4717,523.1790330586903,0,-1,300,7.46890670978546,7.9134249295001275,0.4027880127177461,0.002543450614667232
4718,442.6787711832585,0,-1,300,7.38144264788357,6.767533915592195,0.343859490689012,0.0025429116338207248
4719,364.04910903636215,0,-1,300,7.8742291596691,7.27707589448841,0.336491993131712,0.002542372881355932
4720,1603.6348802226607,0,-1,300,4.741489193122238,7.993385646227392,0.7037423690411921,0.0025418343571277273
4721,1528.8379442611686,0,-1,300,5.503741073107509,9.076445400360054,0.6782938681571257,0.0025412960609911056
4722,1196.3384297306266,0,-1,300,4.716654881581385,6.4595881388089,0.5338492573329547,0.0025407579928011857
4723,1127.5223310186352,0,-1,300,6.616628542221817,10.152743860113183,0.6179594229721805,0.002540220152413209
4724,634.9365834710995,0,-1,300,7.18374189819897,7.8229500574755395,0.4311783473612744,0.0025396825396825397
4725,1465.205728478475,0,-1,300,5.744565019031712,9.391081599528219,0.6691297627917993,0.0025391451544646637
4726,1069.369258042275,0,-1,300,5.571678799833393,7.154173702995649,0.5263492674865501,0.0025386079966151893
4727,1508.8515780880032,0,-1,300,5.303767656084364,8.495763764175623,0.6697832612580276,0.0025380710659898475
4728,236.45358112189197,0,-1,300,7.4273837645636425,8.000138030138844,0.37389043766027863,0.0025375343624444912
4729,1008.057054872062,0,-1,300,5.941106005160461,7.7299383622661235,0.5108031214362909,0.002536997885835095
4730,1832.9388981502973,0,-1,300,4.259640095161487,7.750613362695233,0.7956718416096678,0.0025364616360177552
4731,1136.8120849393047,0,-1,300,6.002849585630456,8.835867933241394,0.5862783798522833,0.00253592561284869
4732,1417.6916395855878,0,-1,300,6.2558710227250245,10.759361724927903,0.7122592687604222,0.002535389816184238
4733,182.2327512794681,0,-1,300,8.075417069538966,7.8237413682846775,0.3212203282080371,0.0025348542458808617
4734,377.0120046092701,0,-1,300,8.216269664931206,11.155900968439694,0.5003196474557255,0.0025343189017951427
4735,1198.8511626770708,0,-1,300,5.767658713921489,8.450522609040261,0.5807546959649489,0.002533783783783784
4736,934.6082393141605,0,-1,300,5.8222574255426975,6.846025970371466,0.4707385951043129,0.00253324889170361
4737,890.88200932917,0,-1,300,7.024474221762463,10.48265876831363,0.566256250189347,0.002532714225411566
4738,1230.73079612892,0,-1,300,5.251125154389159,7.4142864537695035,0.569092316444444,0.0025321797847647183
4739,72.58262329716807,0,-1,300,7.00258368410127,6.484701463651023,0.17585284461520861,0.002531645569620253
4740,720.6448367941267,0,-1,300,7.303607491476091,9.515879825336713,0.494160860200116,0.0025311115798354778
4741,820.2044914819247,0,-1,300,6.757071068218776,8.720447719032158,0.48562936497989406,0.0025305778152678194
4742,532.4807443791864,0,-1,300,7.276998791184104,7.307206050797428,0.3751183776695901,0.002530044275774826
4743,848.0101190763336,0,-1,300,6.82605814270653,9.146281250063133,0.5074926823560026,0.002529510961214165
4744,1079.6989837135175,0,-1,300,6.475458987350732,9.304681840957091,0.5632233414380589,0.0025289778714436247
4745,479.993023540612,0,-1,300,6.681381996178289,6.294144211863061,0.33814420743018186,0.0025284450063211127
4746,881.6962867893781,0,-1,300,6.571716357119057,8.439116636008858,0.4967582338066188,0.0025279123657046556
4747,969.5635344797298,0,-1,300,6.53716405980449,8.79438900835657,0.5207979759497086,0.002527379949452401
4748,806.0774825383087,0,-1,300,6.818474468642604,8.442480448372267,0.4656410640387363,0.002526847757422615
4749,1047.0334157588395,0,-1,300,7.134186984005988,10.983769300005992,0.606933494423063,0.0025263157894736842
4750,1221.7182334313993,0,-1,300,5.937435662663169,9.011294797707109,0.6000073809167795,0.0025257840454641126
4751,738.2261465030268,0,-1,300,7.51615732728123,10.16452001315215,0.5351471146192219,0.0025252525252525255
4752,695.8234676782923,0,-1,300,5.813239886696778,5.976249529866523,0.39590466274592323,0.0025247212286976647
4753,665.6404231297937,0,-1,300,7.053831731809476,8.245403173130969,0.429264589204673,0.002524190155658393
4754,874.5755576523369,0,-1,300,6.727139423815611,8.690355837762466,0.5078213244755091,0.002523659305993691
4755,1036.2994038250654,0,-1,300,6.55575245284373,9.672477462159309,0.5771373240555339,0.002523128679562658
4756,1547.5527342766,0,-1,300,4.051827136766892,6.596910343206459,0.6752023428076689,0.002522598276224511
4757,1409.3427541021829,0,-1,300,6.1918970745219095,10.257303050926739,0.6749452900975182,0.0025220680958385876
4758,1266.970616483194,0,-1,300,6.162491224825062,9.658552279741421,0.6302175578934675,0.002521538138264341
4759,405.62146543233206,0,-1,300,7.7331525346619205,7.036502636004543,0.33592296208102257,0.0025210084033613447
4760,1337.5339696111146,0,-1,300,5.315091415344907,7.712562235776646,0.6098235598825966,0.002520478890989288
4761,346.15940587255085,0,-1,300,8.384785009465006,8.830082364778676,0.37664586585163123,0.00251994960100798
4762,680.4358210320003,0,-1,300,7.422683978952915,9.865322291076053,0.5015332738844958,0.0025194205332773464
4763,737.8961727807032,0,-1,300,6.598513188681454,7.886906168856408,0.43173162366240575,0.0025188916876574307
4764,1663.5854654732027,0,-1,300,5.551832971941325,9.803939424320472,0.7347993579033936,0.0025183630640083945
4765,563.1129604282562,0,-1,300,7.187237392251516,8.866466828336131,0.4545098690793779,0.002517834662190516
4766,982.9483877139959,0,-1,300,6.762121782547994,9.66347489252914,0.557433568469798,0.0025173064820641915
4767,813.6291568865165,0,-1,300,6.475546335563935,8.549208464530373,0.4960614954357655,0.0025167785234899327
4768,726.7556120132193,0,-1,300,6.566379127940235,7.079441105666883,0.42740137338643175,0.0025162507863283707
4769,1270.7927211922058,0,-1,300,5.126926199385096,7.457348746141074,0.5679489136588076,0.0025157232704402514
4770,1522.2759515512812,0,-1,300,5.474721108085934,8.973626862498062,0.6915735816501306,0.0025151959756864388
4771,1350.5050265872774,0,-1,300,6.010209792834714,9.468796672075285,0.6077870011909594,0.002514668901927913
4772,1361.350430148439,0,-1,300,5.159899336129683,7.402217553548757,0.6069438904126911,0.00251414204902577
4773,1028.2729439864856,0,-1,300,5.707819435702162,7.229641751160456,0.48745515228105146,0.0025136154168412233
4774,922.8713432902604,0,-1,300,7.190673404271397,10.618623311837037,0.5794512615784666,0.002513089005235602
4775,576.2092448613357,0,-1,300,6.473142439790297,5.966852012726237,0.3345822707557371,0.002512562814070352
4776,1376.8273929546824,0,-1,300,4.565217991171545,6.55005773297423,0.607917215331571,0.0025120368432070338
4777,2060.7524096697334,0,-1,300,4.322262601364885,8.510256962805723,0.8910638068726259,0.0025115110925073253
4778,1737.846833041263,0,-1,300,4.204238191286172,7.225865398017579,0.755634633535172,0.0025109855618330196
4779,1621.6496961541784,0,-1,300,6.092651407756739,10.699082607741213,0.7213822589557497,0.002510460251046025
4780,929.530629807559,0,-1,300,7.574418093244843,11.431664344664588,0.60001427380493,0.0025099351600083664
4781,1100.173097759792,0,-1,300,5.729909070547318,7.804347331231758,0.5357372482363622,0.002509410288582183
4782,835.8676195983345,0,-1,300,6.775025950709267,8.966851173276817,0.508250718640061,0.0025088856366297305
4783,1244.9543523398966,0,-1,300,5.841324422130089,8.560952464740906,0.5772533933570809,0.002508361204013378
4784,1140.411245035737,0,-1,300,5.881955303273048,8.14836119971725,0.5681150103691682,0.0025078369905956114
4785,1579.486087624575,0,-1,300,5.895341016972292,9.97248283570295,0.7118552533128003,0.0025073129962390303
4786,829.9507035122555,0,-1,300,7.044554635670214,9.06502162033482,0.5057420623403036,0.0025067892208063504
4787,1529.9994833381504,0,-1,300,4.139494190345539,6.51875808767157,0.6685459911518215,0.002506265664160401
4788,1362.5300886315677,0,-1,300,4.845927612773426,7.159062401731464,0.6040653273589544,0.002505742326164126
4789,1936.260911785477,0,-1,300,5.963140987198314,11.482115471408912,0.851498937314603,0.0025052192066805845
4790,319.80538863397425,0,-1,300,7.5810831096192395,7.569952107504834,0.3438411042003826,0.002504696305572949
4791,733.6384738749003,0,-1,300,6.754386154536651,7.728419912950557,0.43663546556460925,0.0025041736227045075
4792,521.049152162764,0,-1,300,7.1492933834191765,6.8651980858542005,0.35619482263860014,0.0025036511579386604
4793,1893.5452757055016,0,-1,300,5.68456683154221,10.69178252839716,0.8316114494471918,0.0025031289111389237
4794,1063.469405546307,0,-1,300,6.76000412764188,10.089166620265003,0.5876141478360466,0.002502606882168926
4795,1499.4919270388916,0,-1,300,4.123729061081957,6.385259896872162,0.6557162708909863,0.0025020850708924102
4796,1614.712716928967,0,-1,300,4.709803466192104,8.009616417943256,0.7081204913835114,0.0025015634771732333
4797,1410.849359852499,0,-1,300,5.994818158483485,10.027062237391918,0.6764298985521552,0.0025010421008753647
4798,630.1584730932241,0,-1,300,6.3331201387644285,5.7414960281121985,0.36861991711776876,0.002500520941862888
4799,941.738887491542,0,-1,300,5.756164310402959,7.319517036700874,0.4923129844264193,0.0025
4800,759.2381520547298,0,-1,300,5.302311993388693,4.9090611803022215,0.3812069994539767,0.0024994792751510102
4801,674.251754787286,0,-1,300,7.3867539821736985,9.112163901682022,0.46155720428823355,0.0024989587671803417
4802,422.3909415622088,0,-1,300,8.408716506598386,8.782044017082471,0.39866223248919314,0.0024984384759525295
4803,1031.8893426162972,0,-1,300,5.038493712126118,6.075255229603331,0.4858997407573348,0.002497918401332223
4804,903.80029616225,0,-1,300,6.694150884736372,9.040670838889762,0.5264827191670824,0.002497398543184183
4805,1127.9807582033204,0,-1,300,5.61263180082792,7.804886938351716,0.5561320331875618,0.0024968789013732834
4806,1388.131271023896,0,-1,300,4.3188706762738915,6.221893919189544,0.6107795596653436,0.00249635947576451
4807,980.880203447258,0,-1,300,6.023235835185062,8.068371515876656,0.5147900606553705,0.0024958402662229617
4808,1820.4189692716554,0,-1,300,4.8669398534184305,9.114186706857597,0.7950099527638286,0.002495321272613849
4809,1426.861754505141,0,-1,300,5.679913752180888,9.065817776271272,0.6371250841851654,0.002494802494802495
4810,1604.510931251035,0,-1,300,5.244287013597074,9.206257197416189,0.707878373956576,0.002494283932654334
4811,966.7387328000938,0,-1,300,6.674134763515538,9.69511503670842,0.5551761512968482,0.0024937655860349127
4812,421.6994909417075,0,-1,300,6.948440738659398,5.453559096068646,0.29142829929682773,0.00249324745480989
4813,893.6842932217024,0,-1,300,6.612374947133552,8.930539885857433,0.5071155735792817,0.0024927295388450354
4814,804.7793763998435,0,-1,300,6.684460901301735,7.961393299986862,0.47178715693589285,0.0024922118380062306
4815,1368.3509731718398,0,-1,300,5.004651846223666,7.313482748842249,0.6157014227148387,0.0024916943521594683
4816,1297.4440931066565,0,-1,300,3.815634709710569,5.204048113437275,0.5692189657839366,0.0024911770811708533
4817,1557.1803260789825,0,-1,300,5.407199486911651,9.020757486913334,0.6893791320180808,0.0024906600249066002
4818,70.39174878509247,0,-1,300,6.842071282519581,5.69174221979576,0.10738609026309036,0.0024901431832330357
4819,576.1405179208471,0,-1,300,7.586692185024669,8.738251716687518,0.4324306668672864,0.0024896265560165973
4820,1339.3256710019389,0,-1,300,6.186302303290197,9.712617055899765,0.6511307044325749,0.002489110143123833
4821,1182.3905054233762,0,-1,300,4.577000727436786,5.771181677505103,0.526990216048849,0.002488593944421402
4822,631.3736184213825,0,-1,300,6.024049002715228,6.035909802627446,0.3754477918467592,0.002488077959776073
4823,418.50828377609207,0,-1,300,8.285809771797103,9.302100676090179,0.41367668831265464,0.0024875621890547263
4824,1037.932178797028,0,-1,300,6.171415241843336,8.719417699528567,0.5527665063709755,0.002487046632124352
4825,1206.085127124996,0,-1,300,5.602828678909648,7.85293961751078,0.5837867834171687,0.0024865312888520514
4826,1186.6692658531886,0,-1,300,4.406120220775265,5.428802158690832,0.5274914290946424,0.002486016159105034
4827,1694.5661879927845,0,-1,300,4.888216077193499,8.52822358673663,0.7427308655759449,0.0024855012427506215
4828,891.7341052791638,0,-1,300,6.5175378873568794,8.52961547487475,0.5090820190201495,0.0024849865396562435
4829,1095.5506580945896,0,-1,300,6.16995644848647,8.770399434595772,0.5794051096353657,0.002484472049689441
4830,1684.1030511846432,0,-1,300,6.103575324382683,10.830885100481714,0.7474864195931384,0.002483957772717864
4831,855.51315647388,0,-1,300,5.496728574108918,5.879407077618665,0.4352756370720068,0.0024834437086092716
4832,816.0941844900046,0,-1,300,6.847840462446114,8.825914236401978,0.4892384735485907,0.002482929857231533
4833,378.56902999351917,0,-1,300,8.248253114712607,8.06479667995586,0.36060558460787984,0.0024824162184526274
4834,1759.3948310638257,0,-1,300,5.775756136147429,10.748930558897579,0.7763993506310337,0.002481902792140641
4835,739.896662788305,0,-1,300,6.367547469907928,6.584921585656172,0.41574452718646654,0.0024813895781637717
4836,1514.2206202476473,0,-1,300,5.379985904878316,8.644013183316554,0.6712751527231066,0.0024808765763903247
4837,1047.2157883801685,0,-1,300,6.198601706409495,8.383097278212452,0.5344988492202202,0.0024803637866887144
4838,1754.8466419383906,0,-1,300,6.0559547782228655,11.051053013167873,0.7766057616443344,0.0024798512089274642
4839,1262.1712151448617,0,-1,300,6.64326616626372,10.593243420888287,0.6333546937004352,0.0024793388429752068
4840,1499.2285137071747,0,-1,300,4.733918074383772,7.40057440169549,0.6601829329358679,0.0024788266887006815
4841,963.5073395997064,0,-1,300,5.51019173658014,6.6932805058765465,0.48487304375387696,0.0024783147459727386
4842,984.0178751957066,0,-1,300,6.096130466183349,7.49906741869984,0.5106366957572152,0.0024778030146603344
4843,229.52666066349195,0,-1,300,7.706703606571799,6.744102318674159,0.29873655910784247,0.002477291494632535
4844,995.7149737532535,0,-1,300,5.52393493486078,6.510037469108422,0.48608480554242306,0.002476780185758514
4845,477.95500551461157,0,-1,300,7.87090231414109,9.857436868038013,0.45336171772556233,0.0024762690879075525
4846,716.5440113109863,0,-1,300,7.7767152840651566,10.432308955175943,0.514599561394234,0.0024757582009490406
4847,1196.4949237420742,0,-1,300,4.721821195885878,6.302134525916639,0.5339532105283421,0.0024752475247524753
4848,808.1337710258798,0,-1,300,7.103495634230311,9.791401017975723,0.5407821394826984,0.002474737059187461
4849,589.3238800297179,0,-1,300,7.055683312095918,7.283739044745492,0.3802577887974773,0.002474226804123711
4850,1069.9888767486786,0,-1,300,5.2689257592590195,6.572891202260778,0.5170382525502101,0.0024737167594310453
4851,70.03213414902427,0,-1,300,8.198076601604805,8.226654771603533,0.3208028640989029,0.00247320692497939
4852,419.86112688237307,0,-1,300,7.6668753525265965,6.623826835240296,0.3244496146818063,0.00247269730063878
4853,1692.9544546175714,0,-1,300,4.441383538807529,7.737196261483405,0.7387080659650445,0.002472187886279357
4854,1582.4426911060202,0,-1,300,4.9018121118275415,8.156262703182986,0.6961147121328811,0.0024716786817713696
4855,1035.4968152666409,0,-1,300,6.659605257352004,9.921604431591936,0.5790576098467823,0.002471169686985173
4856,665.2177461447952,0,-1,300,5.945996037572555,5.44274647071471,0.36940486299193387,0.0024706609017912293
4857,425.40216849463724,0,-1,300,7.671177219161632,8.315314283716264,0.3961793072508353,0.002470152326060107
4858,546.7323322471251,0,-1,300,8.018900858337696,9.372535521495555,0.44223235340586314,0.002469643959662482
4859,1180.3842950356632,0,-1,300,6.831774549126234,11.100979242643735,0.6605577777468845,0.0024691358024691358
4860,1482.0646576166737,0,-1,300,4.78333883458209,7.460931399762255,0.6534019819329796,0.0024686278543509564
4861,1155.049571052655,0,-1,300,5.569408878088391,7.827317343780575,0.5367316585608545,0.0024681201151789387
4862,145.51402698830648,0,-1,300,7.520403747444855,4.5740155099890405,0.18597133576747693,0.0024676125848241827
4863,718.8033038105897,0,-1,300,6.016980360077886,6.418850526483448,0.39133777713421425,0.0024671052631578946
4864,239.5171915984683,0,-1,300,7.095212335811657,5.05274237028685,0.22888735098931723,0.0024665981500513875
4865,1486.6395574922806,0,-1,300,5.107646475620623,8.119384557912968,0.6577404975222709,0.002466091245376079
4866,343.50433924081057,0,-1,300,8.835342857651636,9.576111742373184,0.39625840035149684,0.002465584549003493
4867,1699.3276779027788,0,-1,300,6.9558941559862255,13.107639594305946,0.822837314969817,0.0024650780608052587
4868,1147.9506630267083,0,-1,300,6.87027855806662,10.41889148954791,0.5955882564552218,0.0024645717806531116
4869,1178.62667981453,0,-1,300,7.110992654379376,11.926995328500581,0.6772629077366272,0.0024640657084188913
4870,593.4876683418105,0,-1,300,6.665929073784911,7.2578161345607475,0.3923950178050445,0.002463559843974543
4871,1045.2504120013023,0,-1,300,5.740810536259437,7.1413318861355615,0.5013688512931093,0.0024630541871921183
4872,545.8015181069185,0,-1,300,6.888899625384584,6.031989450317251,0.3504610169283655,0.002462548737943772
4873,444.6403134897385,0,-1,300,8.42744655785325,9.351071104441946,0.41811867015132603,0.0024620434961017644
4874,486.3377384332286,0,-1,300,7.264342786212831,6.757499880185721,0.33784760670290204,0.0024615384615384616
4875,1517.1187876015397,0,-1,300,4.643496700222375,7.3229789191622086,0.6669590534189765,0.002461033634126333
4876,1215.3460983347538,0,-1,300,6.032326259613538,8.80637628069693,0.5851311782064861,0.002460529013737954
4877,464.8695740666211,0,-1,300,6.521541641541406,5.286209424150045,0.30392124385421904,0.0024600246002460025
4878,933.6191421638421,0,-1,300,6.85941454684124,9.796823254998046,0.5479117134218854,0.0024595203935232628
4879,636.1597142770665,0,-1,300,7.538911808509418,9.08121811669158,0.45416647671493043,0.002459016393442623
4880,2051.6640270112953,0,-1,300,4.790420518917169,9.429146103658008,0.8907881651465859,0.002458512599877074
4881,2177.3322725927965,0,-1,300,5.597372711010901,11.12726872864184,0.9492020755795786,0.0024580090126997134
4882,888.2516122527207,0,-1,300,6.420352777086928,7.665903209555948,0.4733023438126,0.0024575056317837395
4883,1008.2973418634621,0,-1,300,4.419493075788874,4.686787502983466,0.45652686926129177,0.002457002457002457
4884,839.7317530951915,0,-1,300,7.100943206010603,9.614588624408794,0.5206208683645941,0.0024564994882292734
4885,1183.2274356749842,0,-1,300,5.323806100794472,7.299417924203777,0.5476138450997716,0.0024559967253376994
4886,1157.6108319431833,0,-1,300,5.890961427725996,8.14078632676268,0.5682264928185906,0.0024554941682013503
4887,913.7797662803779,0,-1,300,6.6559820282234226,8.83760806924328,0.5082027140118379,0.0024549918166939444
4888,1590.5402003125428,0,-1,300,6.098402613813324,10.468216237128976,0.7218936422225379,0.0024544896706893025
4889,1438.1028679389246,0,-1,300,6.2517527690501975,10.608650396110038,0.6878466902170425,0.00245398773006135
4890,-44.5474938522275,0,-1,300,9.084766252299744,8.221422232332172,0.28076408433219563,0.0024534859946841138
4891,641.0346398132663,0,-1,300,4.935863189310452,3.664862350006379,0.3215907767662612,0.0024529844644317253
4892,1455.1591370104202,0,-1,300,4.7394511028902695,7.5922151064239385,0.641862190359352,0.002452483139178418
4893,1280.0464237171907,0,-1,300,4.049380683445602,5.551921879795381,0.5637230316746715,0.002451982018798529
4894,511.09610908653525,0,-1,300,7.860451499264752,8.631506108717657,0.4053372501506865,0.0024514811031664963
4895,975.3915048393118,0,-1,300,6.6369322324828595,9.47930074709686,0.5729889405319292,0.0024509803921568627
4896,953.3126886983191,0,-1,300,5.798155284946253,7.096604323268939,0.48490511758135457,0.002450479885644272
4897,2055.45845153398,0,-1,300,3.975211674181287,7.691448945451921,0.8862551090288522,0.002449979583503471
4898,1770.3281605106488,0,-1,300,4.462281204211388,7.856107948998562,0.7711038425776895,0.002449479485609308
4899,1496.5357715519046,0,-1,300,4.436476689751893,6.870972911512615,0.6568301466530994,0.0024489795918367346
4900,408.7701299832973,0,-1,300,8.57606248992722,9.523837296702597,0.4127976938594875,0.002448479902060804
4901,1009.3279508025956,0,-1,300,5.5931207201022115,6.785979005913522,0.48243237475038103,0.0024479804161566705
4902,1949.64640467358,0,-1,300,5.448141766642039,10.342816505113573,0.8532137318638079,0.0024474811339995923
4903,415.51225842708527,0,-1,300,8.50700297951888,9.787044228563653,0.4183766294920877,0.0024469820554649264
4904,1548.2235797214378,0,-1,300,5.99574262274363,10.51030454454972,0.7206434549341323,0.0024464831804281344
4905,348.99869317903926,0,-1,300,8.189647091591313,8.186855330140183,0.3641761633085414,0.0024459845087647777
4906,719.4276222175091,0,-1,300,7.377583952886374,9.683997666821831,0.48102655491584195,0.0024454860403505196
4907,532.8101525260471,0,-1,300,6.418244480128705,5.190705560303175,0.31499531605618974,0.0024449877750611247
4908,1029.1974695893184,0,-1,300,5.929356107928259,7.861998584383141,0.5349845172431428,0.002444489712772459
4909,1400.5886280168843,0,-1,300,5.37415568754634,8.253147687734675,0.6354413877430587,0.002443991853360489
4910,786.4468335602899,0,-1,300,6.483043859351001,7.631207619535271,0.4511187036254425,0.002443494196701283
4911,670.9174931163783,0,-1,300,5.97857135863588,6.074721628216273,0.3998168544570644,0.0024429967426710096
4912,926.6160470931078,0,-1,300,5.579167163294599,6.526346741988295,0.47668284962370405,0.0024424994911459393
4913,949.8215735322877,0,-1,300,6.207998747496477,7.9523390872402295,0.5165669668332353,0.002442002442002442
4914,1086.8897675820965,0,-1,300,6.744646348022764,10.468011755623845,0.6092918153527257,0.0024415055951169887
4915,865.1500289327498,0,-1,300,6.660559131201684,8.667611751390783,0.507206296619329,0.0024410089503661514
4916,806.5450447757078,0,-1,300,7.41898657896348,10.041059696700211,0.5353626733646137,0.0024405125076266015
4917,420.12373976060354,0,-1,300,8.548129763243049,9.609764262846348,0.41502369945079937,0.0024400162667751117
4918,1209.825442280784,0,-1,300,5.110093347784045,6.849988105205378,0.5424196343920403,0.002439520227688555
4919,1883.5102347979393,0,-1,300,6.205320493482515,11.845197537855956,0.8313358348669271,0.0024390243902439024
4920,1163.6632473310951,0,-1,300,5.920400921046892,8.340769230499617,0.5666248500034428,0.002438528754318228
4921,842.836749876841,0,-1,300,6.6802410003711525,8.334540889777246,0.47443953251585025,0.002438033319788704
4922,1317.3284838975464,0,-1,300,5.223792812015254,7.7597554956764485,0.5989775681191293,0.002437538086532602
4923,703.7948607459759,0,-1,300,6.674438682897418,7.102479946057636,0.42117915258983335,0.002437043054427295
4924,529.8627192721548,0,-1,300,6.345570400161374,6.208217746845598,0.3656430349766675,0.002436548223350254
4925,1090.722524417841,0,-1,300,6.333397783607216,9.274418731239072,0.5910452716615079,0.00243605359317905
4926,634.5156494580991,0,-1,300,7.8949516352957945,11.164453119430116,0.5343222753570017,0.0024355591637913536
4927,1897.6514468743112,0,-1,300,5.489365044439046,10.263417479376683,0.8318583406975891,0.002435064935064935
4928,1121.9616405582406,0,-1,300,5.240529605397446,6.80699357182248,0.5136206307900152,0.002434570906877663
4929,400.1512781941605,0,-1,300,7.647796711810245,7.274795156608078,0.34551987665129835,0.002434077079107505
4930,882.0709454730834,0,-1,300,6.253988977096276,7.672042671562163,0.46827921569213665,0.0024335834516325287
4931,1185.4188762673298,0,-1,300,6.444578124214008,9.972924677921227,0.6086995602403145,0.0024330900243309003
4932,1295.0767819119892,0,-1,300,5.857099433569874,8.799198206421675,0.613609447283272,0.002432596797080884
4933,725.0760105367065,0,-1,300,6.294142337618086,7.085082145053073,0.4300944265206857,0.0024321037697608433
4934,1078.8554685765257,0,-1,300,6.011612409019738,8.1379677430023,0.5386243933036138,0.0024316109422492403
4935,524.2547523443476,0,-1,300,8.236944884946313,11.00820027908961,0.5015484336474767,0.0024311183144246355
4936,1501.2068214992817,0,-1,300,5.020135454383754,8.022785860432949,0.663153858199246,0.0024306258861656878
4937,2001.2003702343948,0,-1,300,5.0078170816278025,9.661132205323762,0.8713921157098728,0.002430133657351154
4938,708.186199160753,0,-1,300,7.381944289463898,9.62223303779886,0.493436211924382,0.0024296416278598906
4939,1009.6121863430681,0,-1,300,6.7128876929802095,9.612560148936293,0.5717180229589846,0.0024291497975708503
4940,760.3702604790222,0,-1,300,6.4475401124132095,7.108608993391881,0.4244899187066053,0.0024286581663630845
4941,297.1800359249462,0,-1,300,8.603160293446518,8.473246396693112,0.3572499451460314,0.0024281667341157424
4942,541.2899148481829,0,-1,300,7.325029646400068,8.837956160846261,0.4463453405307151,0.002427675500708072
4943,928.1261824852235,0,-1,300,6.4077337030270805,8.375253834520343,0.5247983657928881,0.0024271844660194173
4944,964.6640956814857,0,-1,300,5.7886544400802205,7.0793547532574275,0.49388683428860275,0.0024266936299292214
4945,1003.9157611376575,0,-1,300,6.652236049011814,10.532233794414656,0.6360520185488227,0.002426202992317024
4946,179.63041982776414,0,-1,300,9.097270450601274,10.077497995919806,0.3945015335841192,0.002425712553062462
4947,407.83630817448164,0,-1,300,8.23669957068727,9.48921716686316,0.42023361050211655,0.002425222312045271
4948,386.5069108180867,0,-1,300,8.260218062927137,8.565560315015674,0.3854626175992831,0.0024247322691452818
4949,513.713364023838,0,-1,300,7.748591083581361,8.389155210619013,0.40507900454694445,0.0024242424242424242
4950,967.1242715156519,0,-1,300,5.888530528046799,7.179009366087223,0.4866869096091753,0.002423752777216724
4951,1108.6249183164668,0,-1,300,5.171847950416425,6.812899399583274,0.5148518468843123,0.0024232633279483036
4952,807.1850790061858,0,-1,300,7.441797390750343,10.839654086210167,0.5580922540502463,0.0024227740763173833
4953,831.4665817974783,0,-1,300,7.820403529048439,11.806212897800783,0.594847365379603,0.0024222850222042794
4954,2004.6210295251342,0,-1,300,5.502731460335393,10.70972526825438,0.876529248254654,0.0024217961654894047
4955,1762.9592982598197,0,-1,300,4.949915614492521,8.845961024272846,0.77169074138362,0.002421307506053269
4956,626.8934199850594,0,-1,300,8.25712692254815,11.05121493732897,0.5193537775402933,0.0024208190437764775
4957,634.1281339213631,0,-1,300,6.641132599464934,6.895392275275758,0.37980691804709193,0.0024203307785397336
4958,1337.7167776407823,0,-1,300,5.222207172677478,7.671249370854714,0.5965485444787398,0.0024198427102238356
4959,972.0861020057558,0,-1,300,6.454791053239874,8.957669810306811,0.5490295053511997,0.0024193548387096775
4960,2070.916482242139,0,-1,300,5.377475300829287,10.614068322235315,0.903212932357111,0.0024188671638782503
4961,936.0006324718793,0,-1,300,6.102641630474623,7.865386828949798,0.5013022680445129,0.0024183796856106408
4962,914.0222909615882,0,-1,300,5.809880608543216,6.640774184814618,0.4691373307080188,0.0024178924037880313
4963,1106.7522024696214,0,-1,300,5.628128322384846,7.229399623325958,0.5042035437748398,0.0024174053182917004
4964,1419.00126976533,0,-1,300,5.161244556838212,7.900091675533657,0.629959863245174,0.002416918429003021
4965,1366.4203974347674,0,-1,300,5.595560996637714,8.786939075952688,0.6332105067581179,0.0024164317358034634
4966,500.6608422032589,0,-1,300,7.444865026247857,7.338129236689195,0.36696619431271493,0.0024159452385745924
4967,890.5501234767331,0,-1,300,7.069351869487365,9.787638139152817,0.5390059603630559,0.0024154589371980675
4968,1682.8206474756628,0,-1,300,5.99441849232658,10.67350664336341,0.7461334084739758,0.002414972831555645
4969,1373.329994957415,0,-1,300,5.449147385648388,8.896748573812758,0.6130894366246199,0.002414486921529175
4970,886.9469926191699,0,-1,300,6.30333676520414,8.144500697449391,0.49870050391901394,0.0024140012070006035
4971,1481.6808259048362,0,-1,300,5.433158521991857,8.802184499009249,0.6581156997086202,0.002413515687851971
4972,806.2716047279116,0,-1,300,6.8523548914434285,8.440147658717349,0.4728009893046922,0.0024130303639654134
4973,1018.7093893025441,0,-1,300,6.700563738700699,10.071244663273923,0.5875035764731733,0.0024125452352231603
4974,776.1842723174336,0,-1,300,7.525192361949821,10.803356160376927,0.5602279551696335,0.002412060301507538
4975,998.4075582019132,0,-1,300,5.4805686612212625,6.626395209836295,0.4818323272414664,0.002411575562700965
4976,428.8911616844015,0,-1,300,6.828684994573303,5.4554226921738564,0.3037605715428624,0.0024110910186859553
4977,990.7876856813185,0,-1,300,6.4389204922298635,8.638971853666435,0.5447932180756868,0.0024106066693451184
4978,1081.266375954304,0,-1,300,6.753896052485595,10.13809799128992,0.5939881291610271,0.002410122514561157
4979,523.6781499663648,0,-1,300,7.313957692677905,7.115584839960323,0.366477978389858,0.0024096385542168677
4980,741.2472023080202,0,-1,300,6.7818259082441585,8.082942558502351,0.4520570329170103,0.0024091547881951417
4981,1315.5101852075497,0,-1,300,5.7479809876514,9.056879573022846,0.6453929082976386,0.0024086712163789645
4982,756.8414403901774,0,-1,300,6.565982640279884,7.848750557376073,0.45122968860046275,0.002408187838651415
4983,1636.8365509722466,0,-1,300,6.042747761738004,10.633458245542396,0.7273358377848048,0.002407704654895666
4984,960.2593404059667,0,-1,300,5.97084580147984,7.631950847700456,0.5021534660462794,0.002407221664994985
4985,860.5653247256935,0,-1,300,6.308201583676175,7.481954831934142,0.47617858873469043,0.0024067388688327317
4986,1439.9097651003156,0,-1,300,4.801617735788386,8.042266077468575,0.6359745351435442,0.00240625626629236
4987,1375.7303264500963,0,-1,300,4.945175074325646,7.191785859539559,0.6113573897712214,0.0024057738572574178
4988,585.7074281158282,0,-1,300,8.144324065480152,9.490189721437243,0.4526873060817857,0.0024052916416115455
4989,327.141329909663,0,-1,300,7.535494258672822,7.041176434827862,0.32575831402863775,0.002404809619238477
4990,1004.8282139209304,0,-1,300,5.598096536582255,6.868000858001577,0.49518390698341685,0.0024043277900220395
4991,1432.79815257428,0,-1,300,5.867681269027048,9.454750521903767,0.643863873467091,0.002403846153846154
4992,1601.915106128446,0,-1,300,5.825422678741439,9.99353307342164,0.7111552976440806,0.002403364710594833
4993,1695.9989603829185,0,-1,300,4.414626290589687,7.633529481831031,0.7397759306723057,0.0024028834601521826
4994,1793.0358657441807,0,-1,300,4.848542364446241,8.755755344290963,0.7834623451267549,0.0024024024024024023
4995,726.1773666871871,0,-1,300,7.286560616739936,9.674993276220363,0.5024454890385306,0.0024019215372297837
4996,936.7633099959156,0,-1,300,5.256406693139641,6.071119782612912,0.46614743995930186,0.0024014408645187113
4997,717.3648516473091,0,-1,300,6.188326900271014,6.3867603594857885,0.39787567453631134,0.0024009603841536613
4998,721.6958516576886,0,-1,300,6.7239286811453045,7.974835402487532,0.45130994309289935,0.002400480096019204
4999,767.3548718044802,0,-1,300,5.851251279256839,6.6482625579710275,0.4430773310532831,0.0024
